Index,demand
0,0.0563
1,0.0336
2,0.0332
3,0.0505
4,0.0613
5,0.0359
6,0.0359
7,0.1034
8,0.0363
9,0.0604
10,0.0299
11,0.2507
12,0.2214
13,0.0239
14,0.1305
15,0.0522
16,0.1675
17,0.0849
18,0.1145
19,0.0718
20,0.0223
21,0.0333
22,0.1331
23,0.0473
24,0.5021
25,0.1558
26,0.0235
27,0.1003
28,0.0514
29,0.0143
30,0.025
31,0.0224
32,0.0412
33,0.0766
34,0.2846
35,0.3588
36,0.0282
37,0.0734
38,0.0778
39,0.1671
40,0.0081
41,0.0049
42,0.0202
43,0.0403
44,0.0296
45,0.0756
46,0.0562
47,0.4563
48,0.1041
49,0.086
50,0.2906
51,0.0683
52,0.0216
53,0.1955
54,0.0144
55,0.0491
56,0.1098
57,0.034
58,0.0287
59,0.0394
60,0.0576
61,0.0847
62,0.099
63,0.0396
64,0.0279
65,0.3731
66,0.0332
67,0.0476
68,0.0502
69,0.0689
70,0.0261
71,0.0367
72,0.0105
73,0.0405
74,0.0591
75,0.0315
76,0.0566
77,0.1274
78,0.1364
79,0.0366
80,0.0534
81,0.0175
82,0.0157
83,0.0927
84,0.0974
85,0.0658
86,0.1363
87,0.4259
88,0.0628
89,0.0262
90,0.015
91,0.031
92,0.0944
93,0.1472
94,0.1846
95,0.0228
96,0.0273
97,0.0328
98,0.0092
99,0.014
100,0.0227
101,0.0236
102,0.0294
103,0.1554
104,0.0526
105,0.0459
106,0.0353
107,0.1032
108,0.3684
109,0.0478
110,0.0155
111,0.0208
112,0.034
113,0.0414
114,0.0236
115,0.1002
116,0.1618
117,0.0933
118,0.0781
119,0.049
120,0.0268
121,0.0297
122,0.029
123,0.0363
124,0.0006
125,0.0511
126,0.0488
127,0.1846
128,0.0211
129,0.0407
130,0.0295
131,0.0196
132,0.0174
133,0.0201
134,0.0405
135,0.0227
136,0.0576
137,0.1164
138,0.2498
139,0.0432
140,0.0378
141,0.0991
142,0.0725
143,0.0178
144,0.0632
145,0.0152
146,0.0112
147,0.0241
148,0.1025
149,0.0228
150,0.0155
151,0.0247
152,0.0447
153,0.0563
154,0.1114
155,0.0761
156,0.2131
157,0.0539
158,0.0404
159,0.0202
160,0.053
161,0.0503
162,0.0847
163,0.0376
164,0.4147
165,0.1108
166,0.0246
167,0.1139
168,0.0732
169,0.0558
170,0.0212
171,0.0226
172,0.01
173,0.0506
174,0.0139
175,0.0215
176,0.0499
177,0.0399
178,0.0455
179,0.0578
180,0.0845
181,0.1986
182,0.4658
183,0.0622
184,0.024
185,0.0657
186,0.0153
187,0.0398
188,0.0128
189,0.0749
190,0.0416
191,0.1208
192,0.0412
193,0.0995
194,0.0442
195,0.0483
196,0.0189
197,0.023
198,0.1139
199,0.0365
200,0.0576
201,0.0311
202,0.0125
203,0.0231
204,0.0328
205,0.0511
206,0.0551
207,0.1164
208,0.0798
209,0.1267
210,0.0833
211,0.0865
212,0.0112
213,0.0727
214,0.047
215,0.0101
216,0.0346
217,0.0671
218,0.0307
219,0.0245
220,0.0579
221,0.0438
222,0.015
223,0.0738
224,0.0916
225,0.0364
226,0.0719
227,0.0258
228,0.0341
229,0.0436
230,0.0367
231,0.0604
232,0.0475
233,0.106
234,0.2882
235,0.0879
236,0.0884
237,0.0601
238,0.069
239,0.0626
240,0.0874
241,0.0565
242,0.0194
243,0.2397
244,0.048
245,0.0885
246,0.0666
247,0.0887
248,0.0253
249,0.0251
250,0.0126
251,0.023
252,0.0182
253,0.0315
254,0.0968
255,0.0534
256,0.0368
257,0.0882
258,0.2462
259,0.0651
260,0.0185
261,0.2161
262,0.0543
263,0.3811
264,0.1573
265,0.0622
266,0.0185
267,0.0353
268,0.0384
269,0.0771
270,0.2582
271,0.0487
272,0.404
273,0.0893
274,0.0768
275,0.0122
276,0.0184
277,0.0464
278,0.0506
279,0.0125
280,0.1102
281,0.2459
282,0.1307
283,0.0748
284,0.0366
285,0.1104
286,0.1662
287,0.2595
288,0.0621
289,0.0407
290,0.0225
291,0.0469
292,0.4038
293,0.0481
294,0.1268
295,0.2485
296,0.2789
297,0.012
298,0.0198
299,0.0332
300,0.0443
301,0.1305
302,0.2342
303,0.0579
304,0.0586
305,0.2479
306,0.2317
307,0.1317
308,0.2524
309,0.4022
310,0.0616
311,0.0197
312,0.0419
313,0.0699
314,0.0441
315,0.1802
316,0.6398
317,0.0042
318,0.0404
319,0.4194
320,0.0168
321,0.0494
322,0.256
323,0.0177
324,0.0354
325,0.0679
326,0.0179
327,0.0334
328,0.132
329,0.031
330,0.0671
331,0.16
332,0.1171
333,0.237
334,0.2546
335,0.1779
336,0.0231
337,0.27
338,0.2235
339,0.107
340,0.5956
341,0.4005
342,0.2717
343,0.0212
344,0.1257
345,0.0511
346,0.0322
347,0.011
348,0.0124
349,0.0484
350,0.0082
351,0.0122
352,0.0338
353,0.0589
354,0.0784
355,0.0797
356,0.0856
357,0.0796
358,0.1078
359,0.0929
360,0.0273
361,0.0981
362,0.2633
363,0.0223
364,0.0453
365,0.6367
366,0.7315
367,0.4556
368,0.0038
369,0.0316
370,0.0194
371,0.0438
372,0.2521
373,0.0663
374,0.0166
375,0.0648
376,0.0239
377,0.0472
378,0.058
379,0.0394
380,0.0071
381,0.2392
382,0.0165
383,0.0215
384,0.0875
385,0.0958
386,0.0579
387,0.0423
388,0.0946
389,0.0644
390,0.0204
391,0.1185
392,0.0768
393,0.0863
394,0.6015
395,0.7708
396,0.4308
397,0.0544
398,0.0328
399,0.0815
400,0.09
401,0.2584
402,0.0338
403,0.0624
404,0.016
405,0.0564
406,0.0824
407,0.217
408,0.0964
409,0.4943
410,0.2663
411,0.1132
412,0.1145
413,0.0744
414,0.0484
415,0.1018
416,0.0318
417,0.0256
418,0.0213
419,0.1163
420,0.1212
421,0.0575
422,0.0851
423,0.0277
424,0.688
425,0.8757
426,0.9227
427,0.0727
428,0.0341
429,0.2296
430,0.1271
431,0.0282
432,0.0091
433,0.0173
434,0.019
435,0.0354
436,0.0759
437,0.0416
438,0.4137
439,0.4621
440,0.0702
441,0.0946
442,0.0805
443,0.2893
444,0.0624
445,0.2146
446,0.0725
447,0.0421
448,0.0847
449,0.0913
450,0.0792
451,0.0386
452,0.0171
453,0.2699
454,0.4032
455,0.1554
456,0.0718
457,0.0285
458,0.2152
459,0.0828
460,0.2637
461,0.021
462,0.0331
463,0.0263
464,0.018
465,0.0228
466,0.0312
467,0.0368
468,0.281
469,0.4657
470,0.4216
471,0.4381
472,0.1026
473,0.16
474,0.2461
475,0.3687
476,0.0491
477,0.0299
478,0.0323
479,0.0315
480,0.2341
481,0.1494
482,0.0766
483,0.2645
484,0.2632
485,0.2563
486,0.8853
487,0.1001
488,0.0205
489,0.0987
490,0.2542
491,0.0241
492,0.0419
493,0.3609
494,0.0071
495,0.0497
496,0.0263
497,0.0311
498,0.0423
499,0.2105
500,0.3874
501,0.422
502,0.4856
503,0.3853
504,0.1345
505,0.1495
506,0.2503
507,0.0086
508,0.025
509,0.1548
510,0.0661
511,0.0463
512,0.1726
513,0.1571
514,0.4043
515,0.1756
516,0.0079
517,0.0611
518,0.1008
519,0.0718
520,0.0491
521,0.0116
522,0.0061
523,0.0104
524,0.0266
525,0.0476
526,0.0703
527,0.0965
528,0.0961
529,0.3962
530,0.5626
531,0.4013
532,0.4013
533,0.4291
534,0.0871
535,0.0192
536,0.0531
537,0.065
538,0.0996
539,0.1671
540,0.0651
541,0.0232
542,0.0596
543,0.1012
544,0.017
545,0.0054
546,0.0435
547,0.0981
548,0.0257
549,0.0145
550,0.0362
551,0.0231
552,0.005
553,0.0296
554,0.0737
555,0.0556
556,0.0812
557,0.2408
558,0.494
559,0.3954
560,0.454
561,0.472
562,0.3867
563,0.0772
564,0.0412
565,0.0211
566,0.0363
567,0.0971
568,0.0166
569,0.0277
570,0.4123
571,0.047
572,0.0234
573,0.052
574,0.0308
575,0.0698
576,0.0285
577,0.0445
578,0.0229
579,0.0346
580,0.0136
581,0.0106
582,0.0274
583,0.0772
584,0.1013
585,0.4547
586,0.3675
587,0.2168
588,0.5568
589,0.4077
590,0.4005
591,0.1132
592,0.0357
593,0.034
594,0.0299
595,0.0494
596,0.042
597,0.0356
598,0.0426
599,0.4434
600,0.0782
601,0.2559
602,0.0228
603,0.077
604,0.0951
605,0.1027
606,0.2524
607,0.0331
608,0.0238
609,0.0426
610,0.1391
611,0.47
612,0.4032
613,0.2559
614,0.1278
615,0.3936
616,0.1709
617,0.0621
618,0.035
619,0.035
620,0.0311
621,0.1065
622,0.2263
623,0.0607
624,0.2534
625,0.0229
626,0.0519
627,0.1729
628,0.0361
629,0.0117
630,0.1098
631,0.1022
632,0.0238
633,0.1811
634,0.2592
635,0.0615
636,0.0484
637,0.0289
638,0.069
639,0.0712
640,0.0267
641,0.087
642,0.2134
643,0.0437
644,0.0269
645,0.0117
646,0.1327
647,0.0166
648,0.0122
649,0.061
650,0.0375
651,0.029
652,0.1122
653,0.0358
654,0.037
655,0.0067
656,0.0404
657,0.1681
658,0.3582
659,0.3445
660,0.0369
661,0.0287
662,0.0165
663,0.0304
664,0.0502
665,0.0238
666,0.0433
667,0.1127
668,0.0177
669,0.0264
670,0.0169
671,0.0172
672,0.0723
673,0.0845
674,0.2741
675,0.0169
676,0.0201
677,0.0264
678,0.0525
679,0.0827
680,0.2291
681,0.0476
682,0.0187
683,0.0114
684,0.0975
685,0.0244
686,0.0137
687,0.0486
688,0.0943
689,0.0473
690,0.0116
691,0.0131
692,0.2453
693,0.0165
694,0.0269
695,0.2325
696,0.0607
697,0.0363
698,0.0189
699,0.0332
700,0.0464
701,0.3676
702,0.0239
703,0.0246
704,0.0229
705,0.027
706,0.0534
707,0.1494
708,0.0503
709,0.1593
710,0.093
711,0.0267
712,0.0412
713,0.0422
714,0.0319
715,0.1515
716,0.0044
717,0.0114
718,0.1052
719,0.0168
720,0.084
721,0.0481
722,0.0115
723,0.2622
724,0.3382
725,0.1962
726,0.0333
727,0.0769
728,0.0419
729,0.0751
730,0.0629
731,0.0731
732,0.8242
733,0.0607
734,0.0103
735,0.0784
736,0.0861
737,0.0342
738,0.1352
739,0.4206
740,0.0518
741,0.112
742,0.0272
743,0.03
744,0.0346
745,0.0827
746,0.0282
747,0.0054
748,0.0228
749,0.0466
750,0.0304
751,0.0174
752,0.0454
753,0.0183
754,0.0729
755,0.0305
756,0.0405
757,0.0113
758,0.03
759,0.075
760,0.1044
761,0.0205
762,0.0438
763,0.4609
764,0.0424
765,0.0715
766,0.0479
767,0.0445
768,0.0452
769,0.1526
770,0.0255
771,0.017
772,0.009
773,0.0432
774,0.0861
775,0.0198
776,0.2069
777,0.0373
778,0.0269
779,0.0508
780,0.2706
781,0.0292
782,0.0192
783,0.0142
784,0.0513
785,0.029
786,0.2373
787,0.0533
788,0.0072
789,0.0113
790,0.0422
791,0.1122
792,0.0839
793,0.073
794,0.0543
795,0.0259
796,0.0486
797,0.0499
798,0.2342
799,0.102
800,0.0116
801,0.0333
802,0.0176
803,0.0138
804,0.0206
805,0.0119
806,0.0128
807,0.0058
808,0.0125
809,0.0165
810,0.0198
811,0.0247
812,0.0443
813,0.0418
814,0.0876
815,0.0098
816,0.0104
817,0.0906
818,0.1595
819,0.0201
820,0.0303
821,0.0118
822,0.017
823,0.0227
824,0.011
825,0.0137
826,0.0042
827,0.0182
828,0.0112
829,0.0085
830,0.0594
831,0.0383
832,0.0111
833,0.0169
834,0.0107
835,0.0105
836,0.0128
837,0.0944
838,0.0288
839,0.0496
840,0.0091
841,0.0231
842,0.0085
843,0.0445
844,0.0122
845,0.0105
846,0.0117
847,0.0925
848,0.0466
849,0.0493
850,0.0383
851,0.01
852,0.075
853,0.023
854,0.0093
855,0.046
856,0.0646
857,0.0929
858,0.0178
859,0.0296
860,0.0226
861,0.0223
862,0.0111
863,0.0068
864,0.008
865,0.011
866,0.0172
867,0.0075
868,0.0219
869,0.0384
870,0.0301
871,0.131
872,0.0142
873,0.0182
874,0.012
875,0.0164
876,0.0159
877,0.0403
878,0.0185
879,0.0099
880,0.0252
881,0.0124
882,0.014
883,0.0482
884,0.0583
885,0.0195
886,0.0809
887,0.0207
888,0.0428
889,0.0442
890,0.0436
891,0.0586
892,0.0613
893,0.0285
894,0.0329
895,0.0314
896,0.0652
897,0.1048
898,0.0356
899,0.0801
900,0.075
901,0.1439
902,0.2401
903,0.0254
904,0.0254
905,0.1423
906,0.064
907,0.3906
908,0.0804
909,0.1313
910,0.0653
911,0.011
912,0.0192
913,0.2392
914,0.0422
915,0.5287
916,0.1444
917,0.0226
918,0.0818
919,0.0463
920,0.0289
921,0.0262
922,0.0211
923,0.0123
924,0.1064
925,0.0759
926,0.135
927,0.3864
928,0.0203
929,0.072
930,0.0235
931,0.0755
932,0.1644
933,0.0187
934,0.04
935,0.0296
936,0.0698
937,0.0585
938,0.4701
939,0.0922
940,0.0891
941,0.2482
942,0.0679
943,0.4277
944,0.0176
945,0.0516
946,0.1247
947,0.0357
948,0.0291
949,0.0382
950,0.05
951,0.0856
952,0.0964
953,0.0407
954,0.0315
955,0.0571
956,0.2614
957,0.0238
958,0.0314
959,0.0455
960,0.0472
961,0.0809
962,0.0251
963,0.0435
964,0.05
965,0.0723
966,0.0308
967,0.0528
968,0.1308
969,0.1361
970,0.0193
971,0.005
972,0.0153
973,0.1161
974,0.2561
975,0.0133
976,0.0686
977,0.1476
978,0.2545
979,0.0535
980,0.0296
981,0.0177
982,0.0137
983,0.0074
984,0.0382
985,0.0099
986,0.0841
987,0.2565
988,0.2765
989,0.0283
990,0.0296
991,0.0112
992,0.0142
993,0.0272
994,0.0352
995,0.1418
996,0.0134
997,0.0455
998,0.0388
999,0.0232
1000,0.1016
1001,0.3808
1002,0.007
1003,0.0447
1004,0.016
1005,0.022
1006,0.036
1007,0.0422
1008,0.0241
1009,0.1121
1010,0.1604
1011,0.0864
1012,0.0799
1013,0.0554
1014,0.0025
1015,0.0268
1016,0.0286
1017,0.035
1018,0.0023
1019,0.0557
1020,0.0497
1021,0.1791
1022,0.0227
1023,0.0379
1024,0.0295
1025,0.0184
1026,0.0181
1027,0.0195
1028,0.0425
1029,0.0229
1030,0.0553
1031,0.1212
1032,0.1729
1033,0.042
1034,0.0414
1035,0.0395
1036,0.0986
1037,0.0698
1038,0.0222
1039,0.0638
1040,0.0137
1041,0.0247
1042,0.095
1043,0.0212
1044,0.0149
1045,0.0248
1046,0.045
1047,0.0556
1048,0.206
1049,0.1784
1050,0.2154
1051,0.0566
1052,0.0456
1053,0.021
1054,0.0601
1055,0.0511
1056,0.0844
1057,0.0383
1058,0.3787
1059,0.1113
1060,0.0155
1061,0.1112
1062,0.0655
1063,0.0564
1064,0.0264
1065,0.0233
1066,0.012
1067,0.0543
1068,0.0168
1069,0.0034
1070,0.0178
1071,0.0239
1072,0.0438
1073,0.0386
1074,0.0509
1075,0.0549
1076,0.082
1077,0.0938
1078,0.4223
1079,0.054
1080,0.0232
1081,0.063
1082,0.0152
1083,0.0311
1084,0.0281
1085,0.068
1086,0.0451
1087,0.1179
1088,0.0331
1089,0.0995
1090,0.0388
1091,0.0547
1092,0.0345
1093,0.0198
1094,0.0238
1095,0.1219
1096,0.0116
1097,0.0411
1098,0.0528
1099,0.032
1100,0.0129
1101,0.0116
1102,0.0222
1103,0.0319
1104,0.0507
1105,0.0578
1106,0.1168
1107,0.0838
1108,0.1263
1109,0.0841
1110,0.0925
1111,0.0107
1112,0.0792
1113,0.0117
1114,0.049
1115,0.0111
1116,0.0353
1117,0.0829
1118,0.0274
1119,0.0251
1120,0.0566
1121,0.0443
1122,0.0139
1123,0.0656
1124,0.0884
1125,0.0352
1126,0.0683
1127,0.0241
1128,0.0351
1129,0.0398
1130,0.0129
1131,0.0336
1132,0.056
1133,0.0483
1134,0.1013
1135,0.4014
1136,0.0807
1137,0.0899
1138,0.0591
1139,0.0706
1140,0.063
1141,0.085
1142,0.0561
1143,0.0119
1144,0.0182
1145,0.2452
1146,0.0464
1147,0.0932
1148,0.0691
1149,0.0937
1150,0.0239
1151,0.0246
1152,0.0123
1153,0.0221
1154,0.0342
1155,0.0824
1156,0.046
1157,0.0387
1158,0.0935
1159,0.4193
1160,0.0663
1161,0.016
1162,0.2165
1163,0.0509
1164,0.2505
1165,0.2663
1166,0.0585
1167,0.0359
1168,0.037
1169,0.0764
1170,0.2558
1171,0.0477
1172,0.2379
1173,0.0969
1174,0.0753
1175,0.0113
1176,0.0073
1177,0.0126
1178,0.0189
1179,0.0429
1180,0.0535
1181,0.0103
1182,0.1148
1183,0.1095
1184,0.1213
1185,0.0759
1186,0.0323
1187,0.1092
1188,0.2619
1189,0.248
1190,0.0579
1191,0.0122
1192,0.0414
1193,0.0242
1194,0.0467
1195,0.4
1196,0.0465
1197,0.1003
1198,0.2396
1199,0.2823
1200,0.0224
1201,0.0073
1202,0.0305
1203,0.0457
1204,0.1379
1205,0.1301
1206,0.0624
1207,0.0575
1208,0.2631
1209,0.2341
1210,0.1329
1211,0.2533
1212,0.3933
1213,0.0728
1214,0.0184
1215,0.0432
1216,0.0802
1217,0.0382
1218,0.1915
1219,0.685
1220,0.0084
1221,0.0434
1222,0.4067
1223,0.0186
1224,0.0516
1225,0.2529
1226,0.0146
1227,0.016
1228,0.0387
1229,0.0693
1230,0.0176
1231,0.0335
1232,0.0063
1233,0.1368
1234,0.0334
1235,0.0646
1236,0.1547
1237,0.1204
1238,0.2336
1239,0.3818
1240,0.2485
1241,0.0232
1242,0.2599
1243,0.2089
1244,0.1162
1245,0.6417
1246,0.3931
1247,0.2673
1248,0.0088
1249,0.0249
1250,0.1253
1251,0.0501
1252,0.0363
1253,0.0197
1254,0.012
1255,0.047
1256,0.0139
1257,0.0334
1258,0.0623
1259,0.0773
1260,0.0778
1261,0.0894
1262,0.0895
1263,0.1024
1264,0.0845
1265,0.0258
1266,0.0938
1267,0.2526
1268,0.021
1269,0.041
1270,0.7055
1271,0.7527
1272,0.4804
1273,0.0083
1274,0.0313
1275,0.018
1276,0.0457
1277,0.2522
1278,0.0655
1279,0.0174
1280,0.0653
1281,0.0076
1282,0.0488
1283,0.0533
1284,0.0378
1285,0.0067
1286,0.2478
1287,0.0187
1288,0.0204
1289,0.0925
1290,0.0921
1291,0.0592
1292,0.0366
1293,0.0946
1294,0.0727
1295,0.0283
1296,0.1062
1297,0.0845
1298,0.0811
1299,0.62
1300,0.7561
1301,0.4334
1302,0.0151
1303,0.0551
1304,0.0281
1305,0.2158
1306,0.0895
1307,0.1731
1308,0.0341
1309,0.073
1310,0.0159
1311,0.057
1312,0.076
1313,0.2252
1314,0.1189
1315,0.519
1316,0.2517
1317,0.1074
1318,0.1282
1319,0.0693
1320,0.0509
1321,0.1059
1322,0.0328
1323,0.0242
1324,0.0201
1325,0.1182
1326,0.1224
1327,0.0565
1328,0.0854
1329,0.0272
1330,0.7227
1331,0.9157
1332,0.8895
1333,0.0367
1334,0.2359
1335,0.2573
1336,0.0276
1337,0.0172
1338,0.0187
1339,0.0356
1340,0.075
1341,0.0424
1342,0.4198
1343,0.4462
1344,0.066
1345,0.1025
1346,0.08
1347,0.1648
1348,0.0683
1349,0.3745
1350,0.0791
1351,0.0421
1352,0.0863
1353,0.0904
1354,0.0833
1355,0.0406
1356,0.3718
1357,0.4118
1358,0.1534
1359,0.0674
1360,0.0306
1361,0.0983
1362,0.0111
1363,0.075
1364,0.1757
1365,0.0202
1366,0.0347
1367,0.0287
1368,0.018
1369,0.0208
1370,0.0309
1371,0.0398
1372,0.4438
1373,0.4235
1374,0.4244
1375,0.2988
1376,0.0902
1377,0.1597
1378,0.2424
1379,0.3969
1380,0.0496
1381,0.0276
1382,0.0315
1383,0.0267
1384,0.1217
1385,0.241
1386,0.0786
1387,0.2763
1388,0.2635
1389,0.2513
1390,0.8907
1391,0.1081
1392,0.0193
1393,0.0961
1394,0.1577
1395,0.0243
1396,0.0509
1397,0.358
1398,0.0497
1399,0.0317
1400,0.034
1401,0.0443
1402,0.1176
1403,0.4157
1404,0.2685
1405,0.4526
1406,0.4115
1407,0.1326
1408,0.2343
1409,0.25
1410,0.0253
1411,0.1491
1412,0.0666
1413,0.0464
1414,0.2671
1415,0.237
1416,0.0443
1417,0.4039
1418,0.2608
1419,0.0064
1420,0.0604
1421,0.0976
1422,0.0824
1423,0.0486
1424,0.0086
1425,0.0067
1426,0.0108
1427,0.026
1428,0.0496
1429,0.0757
1430,0.0882
1431,0.1158
1432,0.3908
1433,0.5281
1434,0.4641
1435,0.4362
1436,0.3695
1437,0.0785
1438,0.0168
1439,0.0498
1440,0.0627
1441,0.1063
1442,0.1725
1443,0.0646
1444,0.0281
1445,0.0612
1446,0.1083
1447,0.0189
1448,0.0402
1449,0.0953
1450,0.0137
1451,0.0362
1452,0.0222
1453,0.0164
1454,0.0068
1455,0.0293
1456,0.063
1457,0.0543
1458,0.085
1459,0.2634
1460,0.2599
1461,0.393
1462,0.45
1463,0.4857
1464,0.4187
1465,0.0795
1466,0.0404
1467,0.0214
1468,0.0392
1469,0.0834
1470,0.0177
1471,0.0352
1472,0.3883
1473,0.049
1474,0.021
1475,0.0531
1476,0.0316
1477,0.0648
1478,0.0275
1479,0.0418
1480,0.0196
1481,0.0275
1482,0.0266
1483,0.076
1484,0.0948
1485,0.4756
1486,0.4039
1487,0.244
1488,0.5166
1489,0.4021
1490,0.4146
1491,0.1088
1492,0.0378
1493,0.0354
1494,0.0317
1495,0.0462
1496,0.0421
1497,0.0346
1498,0.0472
1499,0.3843
1500,0.0781
1501,0.3893
1502,0.0222
1503,0.0788
1504,0.0909
1505,0.0923
1506,0.1595
1507,0.0283
1508,0.0449
1509,0.2566
1510,0.4052
1511,0.4555
1512,0.417
1513,0.1285
1514,0.3706
1515,0.1658
1516,0.062
1517,0.0206
1518,0.0312
1519,0.0268
1520,0.1147
1521,0.2274
1522,0.0632
1523,0.2426
1524,0.024
1525,0.0506
1526,0.1654
1527,0.0326
1528,0.0109
1529,0.1043
1530,0.1106
1531,0.0259
1532,0.1874
1533,0.1666
1534,0.0624
1535,0.0537
1536,0.0312
1537,0.0571
1538,0.0686
1539,0.03
1540,0.0933
1541,0.2127
1542,0.0414
1543,0.0285
1544,0.1255
1545,0.0127
1546,0.0078
1547,0.063
1548,0.0332
1549,0.0301
1550,0.1237
1551,0.0317
1552,0.0389
1553,0.0059
1554,0.0443
1555,0.1596
1556,0.3377
1557,0.2343
1558,0.0498
1559,0.016
1560,0.0528
1561,0.0195
1562,0.0425
1563,0.1096
1564,0.0174
1565,0.0259
1566,0.0159
1567,0.0323
1568,0.0298
1569,0.0641
1570,0.0855
1571,0.2727
1572,0.0167
1573,0.0156
1574,0.0283
1575,0.0538
1576,0.0893
1577,0.2291
1578,0.0463
1579,0.0163
1580,0.0133
1581,0.0992
1582,0.0232
1583,0.0119
1584,0.05
1585,0.0921
1586,0.0548
1587,0.0133
1588,0.0131
1589,0.1816
1590,0.0056
1591,0.0177
1592,0.0221
1593,0.123
1594,0.0584
1595,0.042
1596,0.0181
1597,0.0348
1598,0.0499
1599,0.2613
1600,0.0237
1601,0.0166
1602,0.0222
1603,0.0307
1604,0.0522
1605,0.1536
1606,0.0473
1607,0.1625
1608,0.0856
1609,0.0282
1610,0.0151
1611,0.0444
1612,0.0401
1613,0.2252
1614,0.0076
1615,0.0115
1616,0.0938
1617,0.0189
1618,0.0835
1619,0.0463
1620,0.0077
1621,0.0137
1622,0.249
1623,0.3577
1624,0.0843
1625,0.0297
1626,0.0701
1627,0.0409
1628,0.0301
1629,0.0753
1630,0.0603
1631,0.0658
1632,0.7345
1633,0.0569
1634,0.0104
1635,0.0868
1636,0.0831
1637,0.0306
1638,0.144
1639,0.3961
1640,0.0539
1641,0.119
1642,0.0246
1643,0.0158
1644,0.02
1645,0.0261
1646,0.0732
1647,0.0279
1648,0.0217
1649,0.0457
1650,0.0244
1651,0.0209
1652,0.055
1653,0.0141
1654,0.0164
1655,0.094
1656,0.0372
1657,0.0138
1658,0.0401
1659,0.0696
1660,0.1001
1661,0.0197
1662,0.0436
1663,0.412
1664,0.0483
1665,0.0863
1666,0.0374
1667,0.0446
1668,0.044
1669,0.01
1670,0.0178
1671,0.2382
1672,0.0235
1673,0.0155
1674,0.0451
1675,0.0826
1676,0.019
1677,0.0099
1678,0.2288
1679,0.0398
1680,0.0288
1681,0.0513
1682,0.394
1683,0.0183
1684,0.0143
1685,0.0121
1686,0.012
1687,0.0478
1688,0.0103
1689,0.0302
1690,0.1174
1691,0.0511
1692,0.0068
1693,0.0178
1694,0.0136
1695,0.0455
1696,0.2161
1697,0.0797
1698,0.0638
1699,0.0583
1700,0.0265
1701,0.0488
1702,0.0205
1703,0.0405
1704,0.2276
1705,0.0984
1706,0.0144
1707,0.0309
1708,0.0134
1709,0.019
1710,0.0186
1711,0.0123
1712,0.0168
1713,0.0059
1714,0.0146
1715,0.0223
1716,0.0452
1717,0.0393
1718,0.0887
1719,0.007
1720,0.011
1721,0.0892
1722,0.0124
1723,0.169
1724,0.0114
1725,0.0289
1726,0.0191
1727,0.021
1728,0.0092
1729,0.0116
1730,0.0145
1731,0.0129
1732,0.0125
1733,0.06
1734,0.0379
1735,0.0101
1736,0.0422
1737,0.0149
1738,0.007
1739,0.0108
1740,0.0096
1741,0.0774
1742,0.0227
1743,0.0524
1744,0.0154
1745,0.0075
1746,0.0192
1747,0.0087
1748,0.0096
1749,0.0153
1750,0.0366
1751,0.0139
1752,0.0124
1753,0.0122
1754,0.084
1755,0.0432
1756,0.0467
1757,0.0374
1758,0.0052
1759,0.0901
1760,0.0216
1761,0.0099
1762,0.0502
1763,0.011
1764,0.0626
1765,0.0844
1766,0.0168
1767,0.016
1768,0.0303
1769,0.0209
1770,0.0215
1771,0.0092
1772,0.01
1773,0.0098
1774,0.008
1775,0.0093
1776,0.019
1777,0.0104
1778,0.0101
1779,0.0277
1780,0.0394
1781,0.0295
1782,0.0088
1783,0.1102
1784,0.0191
1785,0.0096
1786,0.0219
1787,0.0072
1788,0.0205
1789,0.0422
1790,0.0183
1791,0.0135
1792,0.0265
1793,0.0258
1794,0.0109
1795,0.0302
1796,0.048
1797,0.0564
1798,0.0085
1799,0.0164
1800,0.0814
1801,0.0178
1802,0.0557
1803,0.0299
1804,0.0374
1805,0.0465
1806,0.0403
1807,0.023
1808,0.0277
1809,0.0435
1810,0.0627
1811,0.1025
1812,0.0345
1813,0.0315
1814,0.0539
1815,0.0265
1816,0.2609
1817,0.2432
1818,0.1468
1819,0.055
1820,0.1376
1821,0.0988
1822,0.1128
1823,0.0709
1824,0.021
1825,0.0396
1826,0.1216
1827,0.0301
1828,0.4807
1829,0.1562
1830,0.0278
1831,0.0992
1832,0.049
1833,0.0127
1834,0.0078
1835,0.0253
1836,0.0302
1837,0.0412
1838,0.0233
1839,0.017
1840,0.0796
1841,0.0838
1842,0.2763
1843,0.397
1844,0.027
1845,0.0718
1846,0.1549
1847,0.0102
1848,0.0077
1849,0.0404
1850,0.0657
1851,0.0592
1852,0.42
1853,0.102
1854,0.0952
1855,0.4092
1856,0.0682
1857,0.38
1858,0.0158
1859,0.0494
1860,0.1031
1861,0.0325
1862,0.0339
1863,0.0379
1864,0.045
1865,0.034
1866,0.0773
1867,0.0923
1868,0.0478
1869,0.0601
1870,0.2585
1871,0.0176
1872,0.0463
1873,0.0463
1874,0.0691
1875,0.0231
1876,0.0436
1877,0.0424
1878,0.034
1879,0.1262
1880,0.0423
1881,0.1353
1882,0.0845
1883,0.0455
1884,0.0178
1885,0.1118
1886,0.0921
1887,0.0676
1888,0.1542
1889,0.4018
1890,0.0054
1891,0.0632
1892,0.0275
1893,0.0169
1894,0.0214
1895,0.0288
1896,0.0109
1897,0.0655
1898,0.0824
1899,0.1196
1900,0.2534
1901,0.0204
1902,0.0267
1903,0.0308
1904,0.022
1905,0.0294
1906,0.1292
1907,0.0216
1908,0.0459
1909,0.0476
1910,0.0412
1911,0.0994
1912,0.3394
1913,0.0482
1914,0.0178
1915,0.0294
1916,0.0347
1917,0.0444
1918,0.0239
1919,0.1036
1920,0.1524
1921,0.0933
1922,0.0743
1923,0.0578
1924,0.0093
1925,0.0321
1926,0.0308
1927,0.0349
1928,0.0517
1929,0.0539
1930,0.204
1931,0.0196
1932,0.0374
1933,0.0257
1934,0.0199
1935,0.0206
1936,0.0206
1937,0.0413
1938,0.0212
1939,0.0564
1940,0.1406
1941,0.3763
1942,0.0431
1943,0.0385
1944,0.0399
1945,0.1004
1946,0.0733
1947,0.0209
1948,0.0597
1949,0.0182
1950,0.0284
1951,0.1152
1952,0.0217
1953,0.019
1954,0.023
1955,0.0449
1956,0.0554
1957,0.2088
1958,0.0749
1959,0.0922
1960,0.0572
1961,0.0413
1962,0.0189
1963,0.0532
1964,0.05
1965,0.0765
1966,0.0378
1967,0.3926
1968,0.227
1969,0.0254
1970,0.114
1971,0.0603
1972,0.0543
1973,0.0221
1974,0.0241
1975,0.0102
1976,0.056
1977,0.0177
1978,0.0186
1979,0.0215
1980,0.0442
1981,0.0295
1982,0.0519
1983,0.0525
1984,0.0913
1985,0.1969
1986,0.2374
1987,0.0634
1988,0.0221
1989,0.0649
1990,0.0175
1991,0.0096
1992,0.0254
1993,0.0711
1994,0.0447
1995,0.1179
1996,0.0399
1997,0.1006
1998,0.0378
1999,0.0475
2000,0.0376
2001,0.0227
2002,0.0221
2003,0.113
2004,0.0119
2005,0.0581
2006,0.0302
2007,0.0114
2008,0.0183
2009,0.0303
2010,0.0486
2011,0.0524
2012,0.1123
2013,0.079
2014,0.2484
2015,0.0906
2016,0.094
2017,0.0109
2018,0.0786
2019,0.0131
2020,0.0479
2021,0.0369
2022,0.0857
2023,0.0303
2024,0.0239
2025,0.0548
2026,0.0431
2027,0.0166
2028,0.067
2029,0.0924
2030,0.0348
2031,0.0725
2032,0.0272
2033,0.0334
2034,0.0384
2035,0.0117
2036,0.0344
2037,0.0634
2038,0.0459
2039,0.1085
2040,0.4088
2041,0.0833
2042,0.0874
2043,0.0595
2044,0.0662
2045,0.0633
2046,0.0864
2047,0.0571
2048,0.0103
2049,0.0208
2050,0.3899
2051,0.0543
2052,0.0797
2053,0.0699
2054,0.0842
2055,0.022
2056,0.029
2057,0.0192
2058,0.0326
2059,0.0957
2060,0.0521
2061,0.0392
2062,0.0876
2063,0.4849
2064,0.075
2065,0.0167
2066,0.1
2067,0.0518
2068,0.2576
2069,0.2834
2070,0.0588
2071,0.0365
2072,0.0394
2073,0.0812
2074,0.152
2075,0.0485
2076,0.2525
2077,0.0848
2078,0.0742
2079,0.0136
2080,0.0098
2081,0.0179
2082,0.0441
2083,0.0494
2084,0.0122
2085,0.1056
2086,0.1084
2087,0.125
2088,0.0761
2089,0.0348
2090,0.103
2091,0.1685
2092,0.2523
2093,0.0584
2094,0.012
2095,0.0394
2096,0.0251
2097,0.0471
2098,0.3921
2099,0.0481
2100,0.1112
2101,0.2522
2102,0.2813
2103,0.0207
2104,0.0131
2105,0.0101
2106,0.0301
2107,0.0432
2108,0.1274
2109,0.1369
2110,0.0651
2111,0.0597
2112,0.2473
2113,0.1223
2114,0.1239
2115,0.1733
2116,0.2549
2117,0.0685
2118,0.0438
2119,0.0737
2120,0.0477
2121,0.1786
2122,0.6181
2123,0.0083
2124,0.0068
2125,0.0407
2126,0.3822
2127,0.0455
2128,0.2491
2129,0.0205
2130,0.0324
2131,0.0714
2132,0.0198
2133,0.0311
2134,0.1454
2135,0.0334
2136,0.0637
2137,0.2396
2138,0.12
2139,0.1876
2140,0.3997
2141,0.1611
2142,0.0245
2143,0.2876
2144,0.079
2145,0.1036
2146,0.6546
2147,0.4076
2148,0.2843
2149,0.006
2150,0.0246
2151,0.1267
2152,0.0229
2153,0.0504
2154,0.0326
2155,0.0196
2156,0.0136
2157,0.0501
2158,0.0059
2159,0.0147
2160,0.032
2161,0.0542
2162,0.0784
2163,0.0806
2164,0.0835
2165,0.0808
2166,0.2125
2167,0.211
2168,0.027
2169,0.089
2170,0.244
2171,0.0205
2172,0.044
2173,0.5922
2174,0.7378
2175,0.4763
2176,0.0099
2177,0.0273
2178,0.0162
2179,0.0408
2180,0.2527
2181,0.0651
2182,0.0171
2183,0.0055
2184,0.0417
2185,0.0557
2186,0.0379
2187,0.0077
2188,0.247
2189,0.0135
2190,0.0185
2191,0.0887
2192,0.0886
2193,0.0623
2194,0.0326
2195,0.0941
2196,0.0717
2197,0.0256
2198,0.1037
2199,0.0864
2200,0.0801
2201,0.6005
2202,0.7651
2203,0.4098
2204,0.0168
2205,0.0599
2206,0.0264
2207,0.0106
2208,0.0755
2209,0.0936
2210,0.172
2211,0.0348
2212,0.0747
2213,0.0087
2214,0.0557
2215,0.072
2216,0.2511
2217,0.1152
2218,0.5002
2219,0.2612
2220,0.2383
2221,0.1195
2222,0.0702
2223,0.0474
2224,0.1028
2225,0.032
2226,0.026
2227,0.0214
2228,0.1109
2229,0.1167
2230,0.058
2231,0.082
2232,0.0246
2233,0.6938
2234,0.9226
2235,0.8642
2236,0.0755
2237,0.0354
2238,0.245
2239,0.119
2240,0.0263
2241,0.0092
2242,0.017
2243,0.0191
2244,0.0352
2245,0.0704
2246,0.0427
2247,0.4014
2248,0.5112
2249,0.0603
2250,0.0982
2251,0.0804
2252,0.1738
2253,0.0694
2254,0.3814
2255,0.0818
2256,0.0419
2257,0.0908
2258,0.0917
2259,0.0806
2260,0.0385
2261,0.0207
2262,0.2681
2263,0.408
2264,0.2694
2265,0.0613
2266,0.0284
2267,0.1083
2268,0.0126
2269,0.0737
2270,0.1905
2271,0.0241
2272,0.036
2273,0.0265
2274,0.0181
2275,0.0239
2276,0.033
2277,0.0384
2278,0.2876
2279,0.4261
2280,0.2563
2281,0.2864
2282,0.1009
2283,0.257
2284,0.1605
2285,0.3802
2286,0.0534
2287,0.0247
2288,0.0343
2289,0.026
2290,0.1313
2291,0.1334
2292,0.0924
2293,0.1996
2294,0.4145
2295,0.2632
2296,0.8579
2297,0.1001
2298,0.0198
2299,0.1
2300,0.1603
2301,0.0478
2302,0.3461
2303,0.0505
2304,0.0241
2305,0.0278
2306,0.0431
2307,0.1172
2308,0.4326
2309,0.4216
2310,0.4724
2311,0.4232
2312,0.1338
2313,0.1396
2314,0.237
2315,0.0243
2316,0.1515
2317,0.0678
2318,0.0461
2319,0.243
2320,0.2421
2321,0.0394
2322,0.5251
2323,0.27
2324,0.0637
2325,0.0946
2326,0.0732
2327,0.0484
2328,0.0122
2329,0.0051
2330,0.0124
2331,0.027
2332,0.0523
2333,0.0739
2334,0.0879
2335,0.1038
2336,0.4144
2337,0.5785
2338,0.4418
2339,0.2624
2340,0.3937
2341,0.0796
2342,0.0483
2343,0.0628
2344,0.1088
2345,0.1825
2346,0.0655
2347,0.025
2348,0.0037
2349,0.0632
2350,0.1037
2351,0.0432
2352,0.0977
2353,0.0102
2354,0.034
2355,0.026
2356,0.0168
2357,0.007
2358,0.0295
2359,0.0778
2360,0.0571
2361,0.0795
2362,0.2602
2363,0.2605
2364,0.3938
2365,0.4007
2366,0.4448
2367,0.3711
2368,0.0763
2369,0.0384
2370,0.0248
2371,0.0396
2372,0.0912
2373,0.0168
2374,0.0152
2375,0.0266
2376,0.398
2377,0.0468
2378,0.0239
2379,0.0626
2380,0.0316
2381,0.0606
2382,0.0292
2383,0.0433
2384,0.0337
2385,0.0106
2386,0.01
2387,0.03
2388,0.0776
2389,0.1093
2390,0.4321
2391,0.3968
2392,0.0997
2393,0.5576
2394,0.3952
2395,0.4405
2396,0.0961
2397,0.0371
2398,0.0379
2399,0.046
2400,0.0408
2401,0.0425
2402,0.4015
2403,0.0779
2404,0.2497
2405,0.0219
2406,0.0776
2407,0.0926
2408,0.0964
2409,0.1742
2410,0.0301
2411,0.0251
2412,0.044
2413,0.1341
2414,0.423
2415,0.4373
2416,0.4736
2417,0.2208
2418,0.3842
2419,0.1666
2420,0.0601
2421,0.031
2422,0.0144
2423,0.0208
2424,0.0192
2425,0.0292
2426,0.0238
2427,0.107
2428,0.1248
2429,0.0589
2430,0.2454
2431,0.0208
2432,0.0568
2433,0.2385
2434,0.0349
2435,0.0101
2436,0.0114
2437,0.1045
2438,0.1062
2439,0.0244
2440,0.1867
2441,0.166
2442,0.0646
2443,0.0516
2444,0.0646
2445,0.0769
2446,0.0249
2447,0.0948
2448,0.0949
2449,0.0423
2450,0.0288
2451,0.0145
2452,0.118
2453,0.0146
2454,0.0094
2455,0.0629
2456,0.0085
2457,0.037
2458,0.0323
2459,0.1199
2460,0.0292
2461,0.0409
2462,0.0082
2463,0.0363
2464,0.1627
2465,0.3481
2466,0.338
2467,0.0395
2468,0.0519
2469,0.0209
2470,0.0441
2471,0.1022
2472,0.0175
2473,0.0262
2474,0.0179
2475,0.0297
2476,0.0167
2477,0.0123
2478,0.0287
2479,0.065
2480,0.0763
2481,0.3675
2482,0.0158
2483,0.0289
2484,0.057
2485,0.083
2486,0.2284
2487,0.0582
2488,0.0158
2489,0.0994
2490,0.0144
2491,0.051
2492,0.2102
2493,0.0442
2494,0.0109
2495,0.0133
2496,0.0134
2497,0.2488
2498,0.0257
2499,0.0189
2500,0.0247
2501,0.1194
2502,0.056
2503,0.0396
2504,0.0179
2505,0.0329
2506,0.0527
2507,0.1831
2508,0.023
2509,0.0219
2510,0.0233
2511,0.0318
2512,0.0533
2513,0.1575
2514,0.052
2515,0.2555
2516,0.0949
2517,0.0234
2518,0.0407
2519,0.0419
2520,0.0278
2521,0.1446
2522,0.0107
2523,0.0142
2524,0.1051
2525,0.0189
2526,0.0884
2527,0.0417
2528,0.0115
2529,0.2535
2530,0.4071
2531,0.0879
2532,0.0299
2533,0.0095
2534,0.0732
2535,0.0373
2536,0.0298
2537,0.074
2538,0.0629
2539,0.0681
2540,0.8397
2541,0.0539
2542,0.0101
2543,0.0818
2544,0.0758
2545,0.0168
2546,0.0297
2547,0.1359
2548,0.4039
2549,0.0523
2550,0.114
2551,0.0303
2552,0.0225
2553,0.0255
2554,0.0788
2555,0.0273
2556,0.0196
2557,0.0073
2558,0.0432
2559,0.0261
2560,0.0491
2561,0.0172
2562,0.0587
2563,0.0297
2564,0.0369
2565,0.0101
2566,0.0295
2567,0.0752
2568,0.0945
2569,0.0226
2570,0.043
2571,0.4053
2572,0.0491
2573,0.068
2574,0.0403
2575,0.037
2576,0.043
2577,0.0456
2578,0.0116
2579,0.0186
2580,0.2026
2581,0.024
2582,0.0175
2583,0.0484
2584,0.0871
2585,0.0167
2586,0.011
2587,0.1139
2588,0.0368
2589,0.028
2590,0.0518
2591,0.3879
2592,0.0196
2593,0.0111
2594,0.0109
2595,0.0105
2596,0.0551
2597,0.0081
2598,0.03
2599,0.1157
2600,0.0564
2601,0.0102
2602,0.0553
2603,0.1035
2604,0.0775
2605,0.0672
2606,0.0498
2607,0.0516
2608,0.0187
2609,0.0403
2610,0.2489
2611,0.1036
2612,0.008
2613,0.0296
2614,0.017
2615,0.015
2616,0.0218
2617,0.0106
2618,0.0178
2619,0.0066
2620,0.0122
2621,0.0204
2622,0.0218
2623,0.0466
2624,0.0389
2625,0.0913
2626,0.0121
2627,0.0125
2628,0.0817
2629,0.0119
2630,0.1475
2631,0.022
2632,0.0099
2633,0.0277
2634,0.0163
2635,0.0278
2636,0.0108
2637,0.0235
2638,0.0212
2639,0.0166
2640,0.0095
2641,0.0568
2642,0.0152
2643,0.0402
2644,0.0103
2645,0.0411
2646,0.015
2647,0.0119
2648,0.0098
2649,0.0852
2650,0.0256
2651,0.0538
2652,0.0093
2653,0.0108
2654,0.0208
2655,0.0438
2656,0.0111
2657,0.0109
2658,0.0846
2659,0.0492
2660,0.0396
2661,0.0109
2662,0.005
2663,0.0733
2664,0.0263
2665,0.0087
2666,0.0482
2667,0.0123
2668,0.0629
2669,0.1006
2670,0.0162
2671,0.0258
2672,0.017
2673,0.0317
2674,0.0231
2675,0.0232
2676,0.0104
2677,0.0118
2678,0.0068
2679,0.009
2680,0.012
2681,0.0211
2682,0.0092
2683,0.0089
2684,0.0425
2685,0.1095
2686,0.0199
2687,0.0442
2688,0.0185
2689,0.011
2690,0.0239
2691,0.021
2692,0.012
2693,0.0313
2694,0.0499
2695,0.0566
2696,0.0223
2697,0.0797
2698,0.0332
2699,0.0232
2700,0.0272
2701,0.0476
2702,0.0679
2703,0.0426
2704,0.0901
2705,0.0494
2706,0.0886
2707,0.0507
2708,0.0658
2709,0.2342
2710,0.3371
2711,0.0253
2712,0.0287
2713,0.0356
2714,0.1728
2715,0.1877
2716,0.0911
2717,0.1542
2718,0.0658
2719,0.0215
2720,0.0586
2721,0.0182
2722,0.0141
2723,0.2303
2724,0.0311
2725,0.5513
2726,0.1641
2727,0.0194
2728,0.2318
2729,0.0515
2730,0.0046
2731,0.0263
2732,0.0371
2733,0.0406
2734,0.0211
2735,0.0146
2736,0.0715
2737,0.1276
2738,0.4448
2739,0.396
2740,0.0327
2741,0.0673
2742,0.0846
2743,0.1764
2744,0.0086
2745,0.0438
2746,0.0387
2747,0.0807
2748,0.0356
2749,0.2675
2750,0.111
2751,0.3781
2752,0.395
2753,0.0823
2754,0.2763
2755,0.01
2756,0.0126
2757,0.0535
2758,0.1525
2759,0.0544
2760,0.0387
2761,0.0323
2762,0.0419
2763,0.0099
2764,0.0809
2765,0.0932
2766,0.0387
2767,0.0381
2768,0.0479
2769,0.3961
2770,0.0278
2771,0.0269
2772,0.0553
2773,0.0721
2774,0.0441
2775,0.0482
2776,0.0576
2777,0.1671
2778,0.0538
2779,0.2492
2780,0.0401
2781,0.0155
2782,0.0061
2783,0.4692
2784,0.1099
2785,0.0674
2786,0.2733
2787,0.2796
2788,0.0654
2789,0.0427
2790,0.0129
2791,0.0131
2792,0.0163
2793,0.0083
2794,0.0071
2795,0.0312
2796,0.0044
2797,0.0536
2798,0.0714
2799,0.0842
2800,0.2566
2801,0.2914
2802,0.0257
2803,0.0322
2804,0.0231
2805,0.0308
2806,0.1639
2807,0.0517
2808,0.0534
2809,0.0376
2810,0.1102
2811,0.3601
2812,0.047
2813,0.0117
2814,0.0216
2815,0.0353
2816,0.0436
2817,0.0249
2818,0.0109
2819,0.0994
2820,0.1435
2821,0.0865
2822,0.0733
2823,0.0671
2824,0.0289
2825,0.0304
2826,0.0411
2827,0.0521
2828,0.0501
2829,0.0685
2830,0.0184
2831,0.0338
2832,0.0268
2833,0.0149
2834,0.0177
2835,0.0223
2836,0.0448
2837,0.0197
2838,0.0572
2839,0.2484
2840,0.2459
2841,0.0421
2842,0.0382
2843,0.0355
2844,0.0992
2845,0.0661
2846,0.0225
2847,0.0652
2848,0.0147
2849,0.0258
2850,0.1219
2851,0.0215
2852,0.0232
2853,0.0278
2854,0.0065
2855,0.0445
2856,0.0513
2857,0.2042
2858,0.0646
2859,0.1969
2860,0.0481
2861,0.0418
2862,0.0187
2863,0.0548
2864,0.0484
2865,0.0741
2866,0.0401
2867,0.3852
2868,0.103
2869,0.0107
2870,0.11
2871,0.063
2872,0.0538
2873,0.0227
2874,0.0585
2875,0.0177
2876,0.0018
2877,0.019
2878,0.0249
2879,0.0473
2880,0.0445
2881,0.0522
2882,0.054
2883,0.0522
2884,0.1864
2885,0.374
2886,0.0565
2887,0.0206
2888,0.0569
2889,0.0169
2890,0.0403
2891,0.0085
2892,0.021
2893,0.0644
2894,0.0509
2895,0.1123
2896,0.0439
2897,0.1064
2898,0.0375
2899,0.0488
2900,0.0378
2901,0.0205
2902,0.02
2903,0.1121
2904,0.0064
2905,0.0318
2906,0.0588
2907,0.0338
2908,0.0175
2909,0.0229
2910,0.0387
2911,0.0575
2912,0.0598
2913,0.1179
2914,0.08
2915,0.2306
2916,0.0891
2917,0.0912
2918,0.0089
2919,0.0761
2920,0.0495
2921,0.0411
2922,0.0741
2923,0.0305
2924,0.0521
2925,0.0422
2926,0.0654
2927,0.0886
2928,0.0343
2929,0.0655
2930,0.0201
2931,0.0313
2932,0.015
2933,0.0455
2934,0.0192
2935,0.0434
2936,0.0607
2937,0.0509
2938,0.1048
2939,0.3382
2940,0.0793
2941,0.2129
2942,0.058
2943,0.0733
2944,0.0648
2945,0.0906
2946,0.0604
2947,0.0107
2948,0.0097
2949,0.0185
2950,0.2509
2951,0.0494
2952,0.0861
2953,0.0701
2954,0.0838
2955,0.0218
2956,0.0246
2957,0.0091
2958,0.0192
2959,0.0367
2960,0.1535
2961,0.0526
2962,0.041
2963,0.0822
2964,0.3655
2965,0.0604
2966,0.0154
2967,0.0964
2968,0.0583
2969,0.2347
2970,0.1842
2971,0.0627
2972,0.0166
2973,0.0392
2974,0.0798
2975,0.2379
2976,0.0481
2977,0.2314
2978,0.0974
2979,0.0781
2980,0.0145
2981,0.0038
2982,0.0118
2983,0.0209
2984,0.0479
2985,0.0492
2986,0.0146
2987,0.0935
2988,0.2086
2989,0.1198
2990,0.0697
2991,0.0327
2992,0.1009
2993,0.1654
2994,0.2403
2995,0.0614
2996,0.0106
2997,0.0364
2998,0.0218
2999,0.053
3000,0.3644
3001,0.0451
3002,0.0906
3003,0.3892
3004,0.2359
3005,0.0133
3006,0.0133
3007,0.0101
3008,0.0321
3009,0.0458
3010,0.1262
3011,0.2274
3012,0.057
3013,0.0637
3014,0.224
3015,0.2128
3016,0.1342
3017,0.1861
3018,0.3902
3019,0.067
3020,0.0038
3021,0.0176
3022,0.0443
3023,0.0747
3024,0.0376
3025,0.1847
3026,0.7992
3027,0.0046
3028,0.0465
3029,0.3824
3030,0.0173
3031,0.055
3032,0.2416
3033,0.0186
3034,0.031
3035,0.0688
3036,0.0199
3037,0.0439
3038,0.1429
3039,0.0322
3040,0.0582
3041,0.1603
3042,0.1209
3043,0.1869
3044,0.3851
3045,0.1774
3046,0.0243
3047,0.2631
3048,0.2139
3049,0.1179
3050,0.6167
3051,0.3917
3052,0.2843
3053,0.0051
3054,0.0258
3055,0.1187
3056,0.0234
3057,0.0493
3058,0.0259
3059,0.0103
3060,0.0565
3061,0.0098
3062,0.0105
3063,0.0359
3064,0.0563
3065,0.0728
3066,0.0736
3067,0.0882
3068,0.0793
3069,0.2204
3070,0.0915
3071,0.0255
3072,0.0912
3073,0.1505
3074,0.0183
3075,0.0479
3076,0.8375
3077,0.8025
3078,0.4356
3079,0.006
3080,0.0244
3081,0.0484
3082,0.2601
3083,0.0702
3084,0.0638
3085,0.0096
3086,0.0493
3087,0.0585
3088,0.0409
3089,0.0099
3090,0.2386
3091,0.0157
3092,0.0178
3093,0.0834
3094,0.0839
3095,0.0579
3096,0.0446
3097,0.1057
3098,0.2041
3099,0.0283
3100,0.1026
3101,0.0859
3102,0.0779
3103,0.7249
3104,0.7917
3105,0.4377
3106,0.0154
3107,0.2009
3108,0.009
3109,0.1084
3110,0.093
3111,0.2376
3112,0.0284
3113,0.0717
3114,0.018
3115,0.0648
3116,0.0851
3117,0.2209
3118,0.1544
3119,0.4298
3120,0.2538
3121,0.1232
3122,0.1145
3123,0.0684
3124,0.0562
3125,0.0996
3126,0.039
3127,0.0306
3128,0.121
3129,0.1216
3130,0.0587
3131,0.0852
3132,0.8371
3133,0.8996
3134,0.987
3135,0.0715
3136,0.0347
3137,0.133
3138,0.0137
3139,0.1572
3140,0.022
3141,0.023
3142,0.0206
3143,0.0357
3144,0.082
3145,0.0318
3146,0.3994
3147,0.479
3148,0.0647
3149,0.1017
3150,0.0756
3151,0.1494
3152,0.0724
3153,0.2246
3154,0.0844
3155,0.0359
3156,0.0896
3157,0.0905
3158,0.0787
3159,0.0394
3160,0.287
3161,0.3912
3162,0.2545
3163,0.0634
3164,0.0254
3165,0.099
3166,0.0139
3167,0.0769
3168,0.1795
3169,0.0173
3170,0.035
3171,0.0283
3172,0.0218
3173,0.0257
3174,0.0306
3175,0.0452
3176,0.2786
3177,0.3926
3178,0.2477
3179,0.2681
3180,0.1107
3181,0.1603
3182,0.1583
3183,0.4049
3184,0.055
3185,0.0296
3186,0.0326
3187,0.0323
3188,0.128
3189,0.1462
3190,0.0869
3191,0.1953
3192,0.3714
3193,0.2576
3194,0.8899
3195,0.2128
3196,0.0169
3197,0.0991
3198,0.1599
3199,0.0246
3200,0.0392
3201,0.2171
3202,0.0516
3203,0.0344
3204,0.0319
3205,0.0481
3206,0.2091
3207,0.3376
3208,0.2579
3209,0.4071
3210,0.2656
3211,0.1373
3212,0.145
3213,0.2501
3214,0.0084
3215,0.0237
3216,0.1481
3217,0.0709
3218,0.0449
3219,0.1786
3220,0.2337
3221,0.0361
3222,0.4211
3223,0.2552
3224,0.0537
3225,0.1005
3226,0.0728
3227,0.047
3228,0.013
3229,0.0341
3230,0.0616
3231,0.0778
3232,0.0849
3233,0.1107
3234,0.2448
3235,0.6203
3236,0.3881
3237,0.3914
3238,0.3892
3239,0.0881
3240,0.0648
3241,0.0731
3242,0.106
3243,0.2421
3244,0.0675
3245,0.0264
3246,0.0634
3247,0.1068
3248,0.099
3249,0.0224
3250,0.0159
3251,0.0368
3252,0.0253
3253,0.0164
3254,0.0122
3255,0.0273
3256,0.0653
3257,0.0575
3258,0.0784
3259,0.1676
3260,0.2453
3261,0.3673
3262,0.3962
3263,0.4589
3264,0.2483
3265,0.086
3266,0.0375
3267,0.0206
3268,0.0358
3269,0.0869
3270,0.0169
3271,0.012
3272,0.0268
3273,0.4736
3274,0.042
3275,0.0218
3276,0.0488
3277,0.0296
3278,0.0667
3279,0.024
3280,0.036
3281,0.0239
3282,0.0285
3283,0.0155
3284,0.0139
3285,0.0307
3286,0.0684
3287,0.0964
3288,0.3987
3289,0.3378
3290,0.1077
3291,0.6082
3292,0.3693
3293,0.3684
3294,0.1044
3295,0.0323
3296,0.0281
3297,0.0429
3298,0.0387
3299,0.0301
3300,0.0497
3301,0.4137
3302,0.074
3303,0.2364
3304,0.022
3305,0.0756
3306,0.0926
3307,0.0959
3308,0.1578
3309,0.0313
3310,0.0252
3311,0.0085
3312,0.0565
3313,0.1394
3314,0.4352
3315,0.348
3316,0.3839
3317,0.1418
3318,0.3673
3319,0.1627
3320,0.0612
3321,0.0305
3322,0.0147
3323,0.0224
3324,0.0202
3325,0.0309
3326,0.1128
3327,0.1193
3328,0.0622
3329,0.1749
3330,0.0218
3331,0.0513
3332,0.2218
3333,0.0285
3334,0.0086
3335,0.0119
3336,0.1123
3337,0.1173
3338,0.0217
3339,0.0932
3340,0.2442
3341,0.0635
3342,0.0568
3343,0.0278
3344,0.0621
3345,0.068
3346,0.0248
3347,0.0854
3348,0.0877
3349,0.0326
3350,0.0261
3351,0.0116
3352,0.1281
3353,0.0127
3354,0.0598
3355,0.0292
3356,0.0377
3357,0.2239
3358,0.031
3359,0.0395
3360,0.0347
3361,0.1687
3362,0.3503
3363,0.3344
3364,0.0498
3365,0.0054
3366,0.0114
3367,0.0299
3368,0.0441
3369,0.0504
3370,0.1096
3371,0.0177
3372,0.0219
3373,0.0146
3374,0.0262
3375,0.0153
3376,0.0257
3377,0.0746
3378,0.0871
3379,0.3243
3380,0.014
3381,0.0179
3382,0.0205
3383,0.0636
3384,0.0871
3385,0.2219
3386,0.0556
3387,0.0168
3388,0.0115
3389,0.0973
3390,0.0211
3391,0.0127
3392,0.0574
3393,0.0978
3394,0.0478
3395,0.0075
3396,0.0121
3397,0.244
3398,0.0163
3399,0.0295
3400,0.1301
3401,0.0597
3402,0.0353
3403,0.0167
3404,0.0225
3405,0.0524
3406,0.2455
3407,0.0211
3408,0.0214
3409,0.0235
3410,0.0303
3411,0.0557
3412,0.1369
3413,0.0576
3414,0.1512
3415,0.0944
3416,0.0275
3417,0.0156
3418,0.0403
3419,0.0467
3420,0.0287
3421,0.144
3422,0.0071
3423,0.0927
3424,0.0212
3425,0.0844
3426,0.046
3427,0.0106
3428,0.0103
3429,0.2404
3430,0.375
3431,0.1843
3432,0.0334
3433,0.0695
3434,0.0306
3435,0.0281
3436,0.0782
3437,0.065
3438,0.0664
3439,0.8307
3440,0.069
3441,0.0741
3442,0.0917
3443,0.0248
3444,0.1185
3445,0.3741
3446,0.0617
3447,0.1158
3448,0.0301
3449,0.0258
3450,0.0816
3451,0.0304
3452,0.0211
3453,0.0042
3454,0.0461
3455,0.0298
3456,0.052
3457,0.0124
3458,0.0149
3459,0.0816
3460,0.0302
3461,0.0403
3462,0.0326
3463,0.0796
3464,0.0979
3465,0.0228
3466,0.0395
3467,0.4393
3468,0.0485
3469,0.0801
3470,0.0297
3471,0.034
3472,0.0535
3473,0.0495
3474,0.0121
3475,0.2489
3476,0.0236
3477,0.0059
3478,0.007
3479,0.0185
3480,0.0401
3481,0.0916
3482,0.0189
3483,0.1101
3484,0.0331
3485,0.0453
3486,0.2478
3487,0.0241
3488,0.0251
3489,0.0585
3490,0.0099
3491,0.0278
3492,0.1159
3493,0.0592
3494,0.0058
3495,0.0182
3496,0.0161
3497,0.0056
3498,0.0492
3499,0.1099
3500,0.0789
3501,0.0678
3502,0.0638
3503,0.0258
3504,0.0462
3505,0.0171
3506,0.0433
3507,0.1655
3508,0.1128
3509,0.0132
3510,0.0378
3511,0.0156
3512,0.0166
3513,0.0105
3514,0.0161
3515,0.0065
3516,0.0082
3517,0.0143
3518,0.019
3519,0.0183
3520,0.0479
3521,0.0443
3522,0.1017
3523,0.0819
3524,0.1652
3525,0.0042
3526,0.036
3527,0.016
3528,0.0174
3529,0.023
3530,0.0102
3531,0.0135
3532,0.0268
3533,0.0183
3534,0.0101
3535,0.064
3536,0.016
3537,0.037
3538,0.0419
3539,0.0166
3540,0.0175
3541,0.0874
3542,0.0302
3543,0.056
3544,0.0063
3545,0.0197
3546,0.0064
3547,0.0157
3548,0.043
3549,0.0088
3550,0.0079
3551,0.0146
3552,0.1117
3553,0.0443
3554,0.0564
3555,0.0479
3556,0.0128
3557,0.1025
3558,0.0258
3559,0.0053
3560,0.0058
3561,0.058
3562,0.0122
3563,0.0674
3564,0.0192
3565,0.0961
3566,0.0182
3567,0.0274
3568,0.0197
3569,0.0289
3570,0.0142
3571,0.01
3572,0.0081
3573,0.0061
3574,0.0074
3575,0.0307
3576,0.009
3577,0.0237
3578,0.0452
3579,0.1499
3580,0.016
3581,0.019
3582,0.0168
3583,0.0211
3584,0.0485
3585,0.0176
3586,0.0127
3587,0.0267
3588,0.0094
3589,0.0305
3590,0.0911
3591,0.0849
3592,0.0172
3593,0.0714
3594,0.0049
3595,0.0419
3596,0.0454
3597,0.0492
3598,0.0672
3599,0.0363
3600,0.0514
3601,0.054
3602,0.0882
3603,0.0508
3604,0.0195
3605,0.0406
3606,0.0993
3607,0.0561
3608,0.0835
3609,0.3688
3610,0.3465
3611,0.0231
3612,0.0304
3613,0.3747
3614,0.0529
3615,0.2411
3616,0.1033
3617,0.2683
3618,0.0642
3619,0.0184
3620,0.0676
3621,0.0147
3622,0.0155
3623,0.2468
3624,0.0401
3625,0.5371
3626,0.1427
3627,0.1041
3628,0.0569
3629,0.0221
3630,0.0433
3631,0.0378
3632,0.0171
3633,0.0106
3634,0.0748
3635,0.1246
3636,0.4186
3637,0.4267
3638,0.0322
3639,0.0765
3640,0.0985
3641,0.2683
3642,0.0049
3643,0.0423
3644,0.0406
3645,0.0736
3646,0.0579
3647,0.4531
3648,0.1022
3649,0.4312
3650,0.4303
3651,0.0981
3652,0.3977
3653,0.0055
3654,0.0521
3655,0.2671
3656,0.0578
3657,0.0387
3658,0.0352
3659,0.0479
3660,0.0326
3661,0.09
3662,0.0922
3663,0.0397
3664,0.0331
3665,0.0565
3666,0.2594
3667,0.028
3668,0.025
3669,0.0524
3670,0.0546
3671,0.0677
3672,0.0275
3673,0.047
3674,0.0473
3675,0.0694
3676,0.0302
3677,0.0585
3678,0.1484
3679,0.0535
3680,0.2458
3681,0.0421
3682,0.0041
3683,0.013
3684,0.0184
3685,0.4053
3686,0.0998
3687,0.0592
3688,0.1516
3689,0.4423
3690,0.005
3691,0.0598
3692,0.0402
3693,0.0144
3694,0.0118
3695,0.0188
3696,0.0155
3697,0.0063
3698,0.0345
3699,0.0086
3700,0.0617
3701,0.0693
3702,0.0789
3703,0.2607
3704,0.2902
3705,0.026
3706,0.03
3707,0.023
3708,0.0259
3709,0.0324
3710,0.1654
3711,0.0194
3712,0.0466
3713,0.0525
3714,0.119
3715,0.3848
3716,0.0475
3717,0.0186
3718,0.0368
3719,0.043
3720,0.0225
3721,0.1083
3722,0.1562
3723,0.0946
3724,0.0841
3725,0.0646
3726,0.0206
3727,0.0278
3728,0.0303
3729,0.0418
3730,0.0513
3731,0.0517
3732,0.194
3733,0.0179
3734,0.0309
3735,0.0245
3736,0.0147
3737,0.0153
3738,0.0246
3739,0.0457
3740,0.023
3741,0.0598
3742,0.1368
3743,0.2554
3744,0.0428
3745,0.0393
3746,0.0361
3747,0.0953
3748,0.0692
3749,0.0222
3750,0.0649
3751,0.0148
3752,0.0239
3753,0.1045
3754,0.0237
3755,0.0258
3756,0.0251
3757,0.0437
3758,0.0512
3759,0.1139
3760,0.0644
3761,0.0825
3762,0.0549
3763,0.0394
3764,0.0184
3765,0.0583
3766,0.0479
3767,0.0803
3768,0.0411
3769,0.3853
3770,0.1112
3771,0.0224
3772,0.0152
3773,0.1067
3774,0.0612
3775,0.0502
3776,0.0214
3777,0.02
3778,0.055
3779,0.0057
3780,0.0203
3781,0.0246
3782,0.0489
3783,0.043
3784,0.0511
3785,0.0516
3786,0.0883
3787,0.1877
3788,0.3757
3789,0.0559
3790,0.0216
3791,0.0625
3792,0.0136
3793,0.043
3794,0.0661
3795,0.0446
3796,0.117
3797,0.045
3798,0.1021
3799,0.042
3800,0.0506
3801,0.0184
3802,0.023
3803,0.1215
3804,0.0084
3805,0.037
3806,0.0592
3807,0.0117
3808,0.0242
3809,0.0431
3810,0.0511
3811,0.0617
3812,0.1135
3813,0.08
3814,0.2278
3815,0.0953
3816,0.0877
3817,0.0098
3818,0.0724
3819,0.0501
3820,0.037
3821,0.0757
3822,0.0285
3823,0.0204
3824,0.0504
3825,0.0438
3826,0.0135
3827,0.0681
3828,0.0978
3829,0.0347
3830,0.0722
3831,0.0221
3832,0.0272
3833,0.0521
3834,0.0169
3835,0.0416
3836,0.0584
3837,0.0506
3838,0.1085
3839,0.3525
3840,0.0793
3841,0.0888
3842,0.0563
3843,0.0731
3844,0.0659
3845,0.0943
3846,0.0587
3847,0.0077
3848,0.0077
3849,0.0178
3850,0.233
3851,0.0517
3852,0.0865
3853,0.0695
3854,0.0859
3855,0.0223
3856,0.0242
3857,0.0103
3858,0.0199
3859,0.0342
3860,0.149
3861,0.0508
3862,0.04
3863,0.0835
3864,0.4328
3865,0.0588
3866,0.0151
3867,0.2058
3868,0.0576
3869,0.1678
3870,0.1956
3871,0.0676
3872,0.0166
3873,0.0385
3874,0.0361
3875,0.0672
3876,0.1436
3877,0.0536
3878,0.2332
3879,0.0928
3880,0.0662
3881,0.0129
3882,0.0018
3883,0.0221
3884,0.0483
3885,0.0534
3886,0.0145
3887,0.0959
3888,0.1121
3889,0.1107
3890,0.069
3891,0.0332
3892,0.0973
3893,0.1652
3894,0.2473
3895,0.0613
3896,0.0355
3897,0.0524
3898,0.3641
3899,0.047
3900,0.0927
3901,0.2539
3902,0.2404
3903,0.0113
3904,0.0189
3905,0.0124
3906,0.0308
3907,0.0462
3908,0.1278
3909,0.2254
3910,0.0579
3911,0.0483
3912,0.2285
3913,0.1199
3914,0.1275
3915,0.1813
3916,0.3741
3917,0.0699
3918,0.0172
3919,0.0436
3920,0.0734
3921,0.0402
3922,0.2571
3923,0.7578
3924,0.0059
3925,0.0452
3926,0.3909
3927,0.0183
3928,0.0472
3929,0.2492
3930,0.0205
3931,0.0319
3932,0.0802
3933,0.0158
3934,0.0441
3935,0.0057
3936,0.2518
3937,0.0325
3938,0.0625
3939,0.1577
3940,0.1021
3941,0.2303
3942,0.3828
3943,0.1772
3944,0.0244
3945,0.261
3946,0.0768
3947,0.1108
3948,0.6414
3949,0.3895
3950,0.2898
3951,0.0097
3952,0.0238
3953,0.121
3954,0.045
3955,0.0243
3956,0.0131
3957,0.0115
3958,0.0108
3959,0.0609
3960,0.0112
3961,0.0312
3962,0.0566
3963,0.0743
3964,0.077
3965,0.088
3966,0.0824
3967,0.2161
3968,0.2153
3969,0.0255
3970,0.0897
3971,0.244
3972,0.0197
3973,0.0469
3974,0.8207
3975,0.7491
3976,0.4152
3977,0.0266
3978,0.043
3979,0.2535
3980,0.0698
3981,0.0653
3982,0.0103
3983,0.0565
3984,0.0557
3985,0.0413
3986,0.0096
3987,0.242
3988,0.0134
3989,0.015
3990,0.0844
3991,0.0885
3992,0.0545
3993,0.041
3994,0.0978
3995,0.1999
3996,0.031
3997,0.1054
3998,0.0762
3999,0.0798
4000,0.7103
4001,0.7337
4002,0.4693
4003,0.0174
4004,0.2077
4005,0.0248
4006,0.1074
4007,0.0847
4008,0.2394
4009,0.0272
4010,0.0772
4011,0.0177
4012,0.0636
4013,0.0989
4014,0.2126
4015,0.1497
4016,0.4385
4017,0.2506
4018,0.1117
4019,0.1179
4020,0.0687
4021,0.0544
4022,0.1027
4023,0.0379
4024,0.0315
4025,0.0223
4026,0.1231
4027,0.2199
4028,0.0643
4029,0.0796
4030,0.0287
4031,0.8043
4032,0.8769
4033,0.94
4034,0.0734
4035,0.0336
4036,0.1203
4037,0.0171
4038,0.1589
4039,0.0251
4040,0.0189
4041,0.0221
4042,0.0373
4043,0.08
4044,0.0313
4045,0.3725
4046,0.4797
4047,0.0693
4048,0.1019
4049,0.0751
4050,0.2518
4051,0.0665
4052,0.2276
4053,0.0923
4054,0.0393
4055,0.0836
4056,0.0956
4057,0.0792
4058,0.0407
4059,0.3703
4060,0.4003
4061,0.1501
4062,0.0662
4063,0.0241
4064,0.1035
4065,0.0769
4066,0.1838
4067,0.0204
4068,0.0333
4069,0.0301
4070,0.024
4071,0.0365
4072,0.0436
4073,0.2658
4074,0.3796
4075,0.251
4076,0.266
4077,0.1049
4078,0.1702
4079,0.2343
4080,0.3927
4081,0.059
4082,0.028
4083,0.0326
4084,0.0319
4085,0.1195
4086,0.1441
4087,0.0838
4088,0.2806
4089,0.2673
4090,0.1584
4091,0.902
4092,0.1153
4093,0.0232
4094,0.1009
4095,0.1612
4096,0.0265
4097,0.0376
4098,0.0848
4099,0.0548
4100,0.0353
4101,0.0283
4102,0.0481
4103,0.1391
4104,0.3745
4105,0.2593
4106,0.4372
4107,0.3782
4108,0.1353
4109,0.1331
4110,0.3493
4111,0.0105
4112,0.0275
4113,0.1503
4114,0.0723
4115,0.0434
4116,0.2614
4117,0.233
4118,0.0381
4119,0.4108
4120,0.2638
4121,0.0558
4122,0.1036
4123,0.0675
4124,0.048
4125,0.0119
4126,0.0148
4127,0.0192
4128,0.0325
4129,0.0653
4130,0.082
4131,0.0847
4132,0.1023
4133,0.3665
4134,0.5821
4135,0.3786
4136,0.2512
4137,0.3821
4138,0.0885
4139,0.0591
4140,0.07
4141,0.1101
4142,0.1746
4143,0.0648
4144,0.0266
4145,0.0637
4146,0.1084
4147,0.0166
4148,0.0417
4149,0.0907
4150,0.0229
4151,0.034
4152,0.0255
4153,0.009
4154,0.0262
4155,0.0661
4156,0.0603
4157,0.0818
4158,0.1756
4159,0.1581
4160,0.341
4161,0.4063
4162,0.4125
4163,0.3451
4164,0.0866
4165,0.0063
4166,0.0377
4167,0.0204
4168,0.0366
4169,0.0848
4170,0.0098
4171,0.0229
4172,0.4748
4173,0.0406
4174,0.0204
4175,0.046
4176,0.0255
4177,0.0703
4178,0.0258
4179,0.0359
4180,0.014
4181,0.033
4182,0.0756
4183,0.0987
4184,0.4112
4185,0.3467
4186,0.0978
4187,0.6096
4188,0.361
4189,0.3709
4190,0.1059
4191,0.0309
4192,0.0388
4193,0.0262
4194,0.0477
4195,0.0383
4196,0.0279
4197,0.0537
4198,0.4045
4199,0.0778
4200,0.369
4201,0.0188
4202,0.0743
4203,0.0816
4204,0.107
4205,0.1507
4206,0.0333
4207,0.0257
4208,0.0105
4209,0.0493
4210,0.1313
4211,0.4793
4212,0.3864
4213,0.3786
4214,0.1266
4215,0.3618
4216,0.1635
4217,0.0638
4218,0.0319
4219,0.0137
4220,0.0228
4221,0.0131
4222,0.0326
4223,0.1152
4224,0.108
4225,0.062
4226,0.1753
4227,0.0207
4228,0.0517
4229,0.2194
4230,0.033
4231,0.01
4232,0.0121
4233,0.1213
4234,0.1199
4235,0.0256
4236,0.0891
4237,0.2409
4238,0.0681
4239,0.0639
4240,0.0264
4241,0.0648
4242,0.0738
4243,0.025
4244,0.095
4245,0.0901
4246,0.0398
4247,0.0263
4248,0.0092
4249,0.1206
4250,0.0114
4251,0.062
4252,0.0349
4253,0.0369
4254,0.1151
4255,0.0268
4256,0.0376
4257,0.0067
4258,0.039
4259,0.1693
4260,0.363
4261,0.3279
4262,0.0529
4263,0.0086
4264,0.0273
4265,0.0143
4266,0.0311
4267,0.0426
4268,0.0179
4269,0.0511
4270,0.1071
4271,0.0159
4272,0.0287
4273,0.014
4274,0.0266
4275,0.0173
4276,0.08
4277,0.0876
4278,0.2499
4279,0.0125
4280,0.0177
4281,0.0222
4282,0.0635
4283,0.0877
4284,0.2254
4285,0.0514
4286,0.011
4287,0.099
4288,0.0221
4289,0.0132
4290,0.0584
4291,0.0989
4292,0.034
4293,0.0136
4294,0.0112
4295,0.013
4296,0.2401
4297,0.0285
4298,0.1338
4299,0.0576
4300,0.0312
4301,0.0157
4302,0.0247
4303,0.0591
4304,0.2362
4305,0.0237
4306,0.0189
4307,0.0235
4308,0.0305
4309,0.0461
4310,0.233
4311,0.0527
4312,0.2533
4313,0.092
4314,0.024
4315,0.0411
4316,0.0395
4317,0.0291
4318,0.2252
4319,0.0071
4320,0.0959
4321,0.0195
4322,0.0809
4323,0.0487
4324,0.0122
4325,0.2451
4326,0.2438
4327,0.0854
4328,0.0337
4329,0.0711
4330,0.03
4331,0.03
4332,0.0782
4333,0.0719
4334,0.0679
4335,0.8086
4336,0.0581
4337,0.0719
4338,0.0833
4339,0.0274
4340,0.1298
4341,0.4037
4342,0.0688
4343,0.1151
4344,0.0289
4345,0.0383
4346,0.0129
4347,0.0311
4348,0.0803
4349,0.0283
4350,0.0224
4351,0.0503
4352,0.0332
4353,0.0171
4354,0.0517
4355,0.017
4356,0.0942
4357,0.0283
4358,0.0309
4359,0.0715
4360,0.1018
4361,0.0227
4362,0.0367
4363,0.4401
4364,0.0459
4365,0.0732
4366,0.0342
4367,0.037
4368,0.0529
4369,0.0511
4370,0.0178
4371,0.388
4372,0.0242
4373,0.0044
4374,0.0171
4375,0.0413
4376,0.0837
4377,0.0197
4378,0.0953
4379,0.0364
4380,0.0277
4381,0.0062
4382,0.0429
4383,0.3618
4384,0.0263
4385,0.0232
4386,0.0107
4387,0.0179
4388,0.06
4389,0.0092
4390,0.0296
4391,0.1243
4392,0.0639
4393,0.0116
4394,0.0203
4395,0.0137
4396,0.0514
4397,0.1083
4398,0.0843
4399,0.0671
4400,0.0651
4401,0.0278
4402,0.0491
4403,0.0186
4404,0.0443
4405,0.1673
4406,0.0976
4407,0.0093
4408,0.0137
4409,0.0368
4410,0.0153
4411,0.0185
4412,0.0156
4413,0.0063
4414,0.0091
4415,0.0137
4416,0.0189
4417,0.0214
4418,0.0529
4419,0.0422
4420,0.0993
4421,0.0867
4422,0.1791
4423,0.0167
4424,0.0374
4425,0.0144
4426,0.0187
4427,0.0228
4428,0.0133
4429,0.0162
4430,0.0151
4431,0.0103
4432,0.0646
4433,0.0338
4434,0.0374
4435,0.0165
4436,0.018
4437,0.0122
4438,0.0774
4439,0.0276
4440,0.0546
4441,0.0079
4442,0.0053
4443,0.0208
4444,0.0158
4445,0.0393
4446,0.011
4447,0.0108
4448,0.1235
4449,0.0489
4450,0.0585
4451,0.0366
4452,0.091
4453,0.0233
4454,0.0108
4455,0.0059
4456,0.0656
4457,0.0105
4458,0.0638
4459,0.0065
4460,0.0913
4461,0.0186
4462,0.0268
4463,0.0195
4464,0.0103
4465,0.01
4466,0.0267
4467,0.0087
4468,0.0098
4469,0.0273
4470,0.046
4471,0.0298
4472,0.1248
4473,0.0154
4474,0.0193
4475,0.0077
4476,0.0243
4477,0.0393
4478,0.0178
4479,0.0104
4480,0.0259
4481,0.0255
4482,0.0075
4483,0.0164
4484,0.0092
4485,0.03
4486,0.0858
4487,0.0724
4488,0.0137
4489,0.072
4490,0.0128
4491,0.0178
4492,0.0437
4493,0.0118
4494,0.0421
4495,0.0423
4496,0.0614
4497,0.0373
4498,0.0346
4499,0.0348
4500,0.0556
4501,0.0933
4502,0.0448
4503,0.0379
4504,0.0499
4505,0.0609
4506,0.0415
4507,0.2524
4508,0.3437
4509,0.0372
4510,0.0385
4511,0.2549
4512,0.0539
4513,0.2012
4514,0.0774
4515,0.3127
4516,0.0754
4517,0.0531
4518,0.0166
4519,0.0449
4520,0.2468
4521,0.0426
4522,0.4871
4523,0.151
4524,0.1257
4525,0.0513
4526,0.0232
4527,0.0326
4528,0.0365
4529,0.0215
4530,0.0091
4531,0.2351
4532,0.1212
4533,0.4506
4534,0.4242
4535,0.0311
4536,0.0706
4537,0.0871
4538,0.1737
4539,0.0491
4540,0.0366
4541,0.078
4542,0.0547
4543,0.4149
4544,0.2412
4545,0.1385
4546,0.3818
4547,0.2011
4548,0.3893
4549,0.0571
4550,0.2818
4551,0.0473
4552,0.0504
4553,0.0301
4554,0.0659
4555,0.0358
4556,0.2254
4557,0.0944
4558,0.0346
4559,0.037
4560,0.0579
4561,0.1809
4562,0.0288
4563,0.0549
4564,0.0615
4565,0.0731
4566,0.022
4567,0.0483
4568,0.0474
4569,0.0658
4570,0.0304
4571,0.0568
4572,0.262
4573,0.0467
4574,0.2588
4575,0.0419
4576,0.0128
4577,0.0032
4578,0.0111
4579,0.3918
4580,0.1242
4581,0.0149
4582,0.064
4583,0.1603
4584,0.4416
4585,0.0028
4586,0.061
4587,0.0407
4588,0.0142
4589,0.014
4590,0.0338
4591,0.0103
4592,0.0553
4593,0.0688
4594,0.0899
4595,0.2591
4596,0.4085
4597,0.0204
4598,0.0257
4599,0.0322
4600,0.0057
4601,0.0085
4602,0.0231
4603,0.0279
4604,0.1643
4605,0.0206
4606,0.0486
4607,0.0487
4608,0.0225
4609,0.1151
4610,0.3843
4611,0.0415
4612,0.012
4613,0.0223
4614,0.0406
4615,0.0439
4616,0.0172
4617,0.0245
4618,0.0106
4619,0.1069
4620,0.2393
4621,0.094
4622,0.0717
4623,0.0658
4624,0.0219
4625,0.0283
4626,0.0298
4627,0.0395
4628,0.0537
4629,0.0484
4630,0.224
4631,0.0175
4632,0.0341
4633,0.0235
4634,0.0182
4635,0.0167
4636,0.0219
4637,0.0455
4638,0.0237
4639,0.055
4640,0.1444
4641,0.2399
4642,0.0464
4643,0.0389
4644,0.0362
4645,0.1126
4646,0.0718
4647,0.0235
4648,0.0621
4649,0.0122
4650,0.0319
4651,0.0101
4652,0.1209
4653,0.0237
4654,0.022
4655,0.0253
4656,0.0436
4657,0.0525
4658,0.2121
4659,0.0646
4660,0.1985
4661,0.0536
4662,0.0379
4663,0.0194
4664,0.0493
4665,0.0506
4666,0.0778
4667,0.0383
4668,0.3766
4669,0.2047
4670,0.021
4671,0.1158
4672,0.0644
4673,0.0556
4674,0.0206
4675,0.0223
4676,0.008
4677,0.055
4678,0.0033
4679,0.0155
4680,0.0255
4681,0.0541
4682,0.0428
4683,0.052
4684,0.0504
4685,0.0715
4686,0.1861
4687,0.3755
4688,0.0558
4689,0.0199
4690,0.0622
4691,0.0137
4692,0.0422
4693,0.0656
4694,0.045
4695,0.1175
4696,0.0411
4697,0.1013
4698,0.0388
4699,0.0524
4700,0.0198
4701,0.0233
4702,0.1226
4703,0.0095
4704,0.0308
4705,0.0717
4706,0.032
4707,0.0158
4708,0.0243
4709,0.042
4710,0.0511
4711,0.0574
4712,0.1209
4713,0.0828
4714,0.2317
4715,0.0899
4716,0.087
4717,0.0109
4718,0.0711
4719,0.0129
4720,0.0506
4721,0.0411
4722,0.0794
4723,0.0296
4724,0.0213
4725,0.0561
4726,0.0438
4727,0.0122
4728,0.0612
4729,0.0928
4730,0.0386
4731,0.0714
4732,0.0067
4733,0.0222
4734,0.0319
4735,0.0529
4736,0.0161
4737,0.044
4738,0.0586
4739,0.0516
4740,0.1026
4741,0.3516
4742,0.0796
4743,0.0816
4744,0.058
4745,0.0746
4746,0.0654
4747,0.0859
4748,0.0593
4749,0.0082
4750,0.0224
4751,0.2349
4752,0.0633
4753,0.0834
4754,0.0696
4755,0.0934
4756,0.0214
4757,0.0268
4758,0.0099
4759,0.0222
4760,0.0206
4761,0.0363
4762,0.1389
4763,0.0524
4764,0.0447
4765,0.0806
4766,0.3913
4767,0.0599
4768,0.2015
4769,0.0515
4770,0.2425
4771,0.1842
4772,0.0651
4773,0.0378
4774,0.0342
4775,0.0799
4776,0.2411
4777,0.0492
4778,0.1487
4779,0.0993
4780,0.0699
4781,0.01
4782,0.0197
4783,0.0451
4784,0.0539
4785,0.0143
4786,0.0988
4787,0.1171
4788,0.109
4789,0.0719
4790,0.0331
4791,0.0988
4792,0.1713
4793,0.2482
4794,0.0683
4795,0.0365
4796,0.0237
4797,0.008
4798,0.0514
4799,0.366
4800,0.0514
4801,0.1037
4802,0.3674
4803,0.2452
4804,0.0115
4805,0.0189
4806,0.0322
4807,0.0444
4808,0.122
4809,0.2172
4810,0.06
4811,0.0526
4812,0.2216
4813,0.1171
4814,0.1274
4815,0.1849
4816,0.2585
4817,0.0705
4818,0.0457
4819,0.0747
4820,0.0425
4821,0.2521
4822,0.7767
4823,0.0057
4824,0.0439
4825,0.4096
4826,0.0173
4827,0.047
4828,0.2424
4829,0.0192
4830,0.0174
4831,0.0338
4832,0.0687
4833,0.0207
4834,0.0418
4835,0.2629
4836,0.031
4837,0.0614
4838,0.1599
4839,0.1234
4840,0.1863
4841,0.3797
4842,0.2423
4843,0.1552
4844,0.2266
4845,0.1161
4846,0.6001
4847,0.3901
4848,0.2971
4849,0.0053
4850,0.0238
4851,0.1198
4852,0.0458
4853,0.0093
4854,0.0131
4855,0.0117
4856,0.0612
4857,0.0123
4858,0.0338
4859,0.0585
4860,0.0722
4861,0.0761
4862,0.0825
4863,0.0785
4864,0.2258
4865,0.0948
4866,0.0255
4867,0.09
4868,0.1499
4869,0.0183
4870,0.0511
4871,0.8728
4872,0.813
4873,0.4478
4874,0.004
4875,0.0274
4876,0.0439
4877,0.2575
4878,0.0665
4879,0.0596
4880,0.0092
4881,0.0521
4882,0.0569
4883,0.0402
4884,0.0111
4885,0.2437
4886,0.0144
4887,0.0191
4888,0.0843
4889,0.0872
4890,0.0601
4891,0.0431
4892,0.1031
4893,0.2109
4894,0.0267
4895,0.1056
4896,0.0817
4897,0.0783
4898,0.7245
4899,0.7967
4900,0.4956
4901,0.0185
4902,0.059
4903,0.0276
4904,0.0084
4905,0.1026
4906,0.0917
4907,0.241
4908,0.0293
4909,0.0632
4910,0.019
4911,0.0658
4912,0.0904
4913,0.1293
4914,0.1554
4915,0.4276
4916,0.2422
4917,0.1217
4918,0.1248
4919,0.0672
4920,0.054
4921,0.1032
4922,0.0392
4923,0.0308
4924,0.118
4925,0.1233
4926,0.0624
4927,0.079
4928,0.0263
4929,0.8076
4930,0.8764
4931,0.9827
4932,0.0736
4933,0.0361
4934,0.2228
4935,0.1388
4936,0.0213
4937,0.0202
4938,0.0209
4939,0.0339
4940,0.0824
4941,0.0306
4942,0.3657
4943,0.4741
4944,0.0636
4945,0.0911
4946,0.075
4947,0.1606
4948,0.0685
4949,0.2443
4950,0.2265
4951,0.0432
4952,0.0903
4953,0.0922
4954,0.0876
4955,0.0417
4956,0.0197
4957,0.3728
4958,0.3942
4959,0.2494
4960,0.0651
4961,0.0234
4962,0.0942
4963,0.0126
4964,0.0858
4965,0.1848
4966,0.0179
4967,0.0345
4968,0.0291
4969,0.0217
4970,0.022
4971,0.0416
4972,0.0433
4973,0.4089
4974,0.3922
4975,0.244
4976,0.2655
4977,0.104
4978,0.1624
4979,0.1531
4980,0.3903
4981,0.0527
4982,0.029
4983,0.0304
4984,0.0314
4985,0.1198
4986,0.2412
4987,0.0879
4988,0.2211
4989,0.2494
4990,0.1555
4991,0.893
4992,0.1022
4993,0.0258
4994,0.106
4995,0.1574
4996,0.027
4997,0.0355
4998,0.0518
4999,0.0552
5000,0.0367
5001,0.0331
5002,0.0531
5003,0.1242
5004,0.3785
5005,0.2533
5006,0.4136
5007,0.272
5008,0.1378
5009,0.1338
5010,0.2305
5011,0.0264
5012,0.1497
5013,0.0683
5014,0.0459
5015,0.2483
5016,0.2384
5017,0.0445
5018,0.4103
5019,0.2516
5020,0.0576
5021,0.0989
5022,0.0828
5023,0.0543
5024,0.0132
5025,0.0191
5026,0.0352
5027,0.0633
5028,0.0892
5029,0.0867
5030,0.1057
5031,0.2199
5032,0.6203
5033,0.4227
5034,0.2358
5035,0.379
5036,0.0905
5037,0.0215
5038,0.0678
5039,0.0722
5040,0.236
5041,0.1693
5042,0.0615
5043,0.0257
5044,0.0607
5045,0.1031
5046,0.017
5047,0.0425
5048,0.0879
5049,0.0216
5050,0.0357
5051,0.033
5052,0.0115
5053,0.0273
5054,0.0689
5055,0.058
5056,0.0798
5057,0.2276
5058,0.1679
5059,0.3584
5060,0.3777
5061,0.4261
5062,0.3566
5063,0.0802
5064,0.0056
5065,0.0379
5066,0.0205
5067,0.0341
5068,0.0935
5069,0.0118
5070,0.0255
5071,0.4072
5072,0.0413
5073,0.022
5074,0.0504
5075,0.0285
5076,0.0748
5077,0.0255
5078,0.0376
5079,0.0228
5080,0.0163
5081,0.0119
5082,0.0286
5083,0.075
5084,0.0994
5085,0.4144
5086,0.3618
5087,0.1105
5088,0.6401
5089,0.3648
5090,0.3825
5091,0.1036
5092,0.0377
5093,0.0249
5094,0.0447
5095,0.0413
5096,0.0535
5097,0.3982
5098,0.2125
5099,0.2521
5100,0.0206
5101,0.0697
5102,0.0922
5103,0.095
5104,0.1548
5105,0.0312
5106,0.0257
5107,0.0079
5108,0.0537
5109,0.1315
5110,0.5138
5111,0.3959
5112,0.3669
5113,0.2039
5114,0.2299
5115,0.161
5116,0.0772
5117,0.0297
5118,0.0136
5119,0.0182
5120,0.0257
5121,0.0191
5122,0.1085
5123,0.1168
5124,0.0582
5125,0.1755
5126,0.0216
5127,0.0511
5128,0.3748
5129,0.0349
5130,0.008
5131,0.0135
5132,0.1128
5133,0.1098
5134,0.0214
5135,0.191
5136,0.1586
5137,0.0686
5138,0.0531
5139,0.0219
5140,0.0668
5141,0.0659
5142,0.0268
5143,0.1
5144,0.0868
5145,0.0355
5146,0.0245
5147,0.0106
5148,0.2186
5149,0.0112
5150,0.0119
5151,0.0609
5152,0.0342
5153,0.0362
5154,0.1184
5155,0.031
5156,0.038
5157,0.0059
5158,0.0382
5159,0.1635
5160,0.179
5161,0.3437
5162,0.0542
5163,0.0286
5164,0.0436
5165,0.0477
5166,0.1105
5167,0.0138
5168,0.0266
5169,0.0137
5170,0.0276
5171,0.0149
5172,0.0127
5173,0.0717
5174,0.0825
5175,0.3278
5176,0.0128
5177,0.0163
5178,0.0235
5179,0.0586
5180,0.0847
5181,0.3227
5182,0.0563
5183,0.0105
5184,0.0872
5185,0.0244
5186,0.0107
5187,0.0552
5188,0.0976
5189,0.0457
5190,0.0114
5191,0.1906
5192,0.0228
5193,0.0212
5194,0.0279
5195,0.1333
5196,0.0544
5197,0.0264
5198,0.0163
5199,0.0244
5200,0.0503
5201,0.2565
5202,0.0202
5203,0.0195
5204,0.0225
5205,0.0297
5206,0.0549
5207,0.2425
5208,0.0505
5209,0.1472
5210,0.0939
5211,0.0235
5212,0.0394
5213,0.0435
5214,0.0272
5215,0.1479
5216,0.0094
5217,0.0166
5218,0.1027
5219,0.0214
5220,0.0825
5221,0.0486
5222,0.0086
5223,0.0108
5224,0.2476
5225,0.3412
5226,0.0839
5227,0.0345
5228,0.0074
5229,0.0742
5230,0.0329
5231,0.0303
5232,0.0772
5233,0.0653
5234,0.0669
5235,0.7611
5236,0.0206
5237,0.0581
5238,0.0157
5239,0.0741
5240,0.0844
5241,0.0185
5242,0.0265
5243,0.1308
5244,0.4181
5245,0.0579
5246,0.1049
5247,0.021
5248,0.0315
5249,0.0273
5250,0.0758
5251,0.0283
5252,0.0216
5253,0.0481
5254,0.0336
5255,0.0161
5256,0.0181
5257,0.0522
5258,0.0174
5259,0.0825
5260,0.029
5261,0.0153
5262,0.0337
5263,0.0726
5264,0.1014
5265,0.0192
5266,0.0394
5267,0.4624
5268,0.0423
5269,0.0739
5270,0.0555
5271,0.0509
5272,0.0174
5273,0.39
5274,0.0253
5275,0.0168
5276,0.0406
5277,0.0925
5278,0.0196
5279,0.0958
5280,0.0364
5281,0.0278
5282,0.0446
5283,0.3772
5284,0.0223
5285,0.0057
5286,0.0174
5287,0.0167
5288,0.0573
5289,0.0116
5290,0.0293
5291,0.1232
5292,0.062
5293,0.0224
5294,0.015
5295,0.0495
5296,0.1175
5297,0.0753
5298,0.0704
5299,0.0639
5300,0.0211
5301,0.0492
5302,0.0195
5303,0.0412
5304,0.2257
5305,0.1119
5306,0.0102
5307,0.0391
5308,0.0148
5309,0.0183
5310,0.0197
5311,0.0114
5312,0.0138
5313,0.0053
5314,0.0085
5315,0.0146
5316,0.0193
5317,0.0199
5318,0.0514
5319,0.044
5320,0.1077
5321,0.007
5322,0.0124
5323,0.0101
5324,0.0802
5325,0.0101
5326,0.1748
5327,0.0032
5328,0.0209
5329,0.0351
5330,0.0155
5331,0.0102
5332,0.0192
5333,0.0207
5334,0.0213
5335,0.0188
5336,0.0156
5337,0.0687
5338,0.0183
5339,0.0321
5340,0.044
5341,0.0161
5342,0.0121
5343,0.0768
5344,0.0211
5345,0.0515
5346,0.0218
5347,0.0155
5348,0.0338
5349,0.0136
5350,0.0107
5351,0.1183
5352,0.0495
5353,0.0543
5354,0.0423
5355,0.0144
5356,0.0848
5357,0.0239
5358,0.009
5359,0.0568
5360,0.0136
5361,0.0725
5362,0.091
5363,0.0175
5364,0.0266
5365,0.0264
5366,0.0205
5367,0.0235
5368,0.0083
5369,0.01
5370,0.0126
5371,0.0215
5372,0.0093
5373,0.0067
5374,0.0279
5375,0.0435
5376,0.0313
5377,0.0063
5378,0.0059
5379,0.1495
5380,0.0153
5381,0.0127
5382,0.0234
5383,0.0469
5384,0.0204
5385,0.0119
5386,0.026
5387,0.0117
5388,0.0241
5389,0.0143
5390,0.0093
5391,0.0267
5392,0.0951
5393,0.074
5394,0.0165
5395,0.0763
5396,0.0104
5397,0.0157
5398,0.0066
5399,0.0237
5400,0.06
5401,0.029
5402,0.0462
5403,0.0774
5404,0.0254
5405,0.0352
5406,0.0431
5407,0.0558
5408,0.092
5409,0.0454
5410,0.078
5411,0.0478
5412,0.0678
5413,0.3699
5414,0.3536
5415,0.0312
5416,0.0397
5417,0.2669
5418,0.051
5419,0.2585
5420,0.0891
5421,0.1411
5422,0.0638
5423,0.0728
5424,0.0127
5425,0.0377
5426,0.0127
5427,0.0155
5428,0.2338
5429,0.035
5430,0.4954
5431,0.1571
5432,0.0309
5433,0.2493
5434,0.06
5435,0.024
5436,0.0144
5437,0.0366
5438,0.0379
5439,0.012
5440,0.2179
5441,0.1248
5442,0.4077
5443,0.3994
5444,0.0714
5445,0.0931
5446,0.1643
5447,0.0033
5448,0.0059
5449,0.0431
5450,0.0394
5451,0.0686
5452,0.0496
5453,0.4472
5454,0.1126
5455,0.2627
5456,0.4353
5457,0.2313
5458,0.0208
5459,0.3717
5460,0.0548
5461,0.259
5462,0.0463
5463,0.0431
5464,0.0342
5465,0.0473
5466,0.0739
5467,0.0945
5468,0.0343
5469,0.0542
5470,0.4003
5471,0.0298
5472,0.0286
5473,0.0574
5474,0.0565
5475,0.07
5476,0.0234
5477,0.0486
5478,0.0472
5479,0.0719
5480,0.0292
5481,0.0572
5482,0.2631
5483,0.0448
5484,0.2466
5485,0.0494
5486,0.0427
5487,0.017
5488,0.014
5489,0.0136
5490,0.4243
5491,0.0576
5492,0.1566
5493,0.2843
5494,0.0023
5495,0.0598
5496,0.0375
5497,0.0159
5498,0.0112
5499,0.0078
5500,0.0303
5501,0.0097
5502,0.0534
5503,0.0688
5504,0.0914
5505,0.2582
5506,0.2971
5507,0.0232
5508,0.0286
5509,0.0321
5510,0.0081
5511,0.0186
5512,0.0245
5513,0.0303
5514,0.2464
5515,0.0193
5516,0.0498
5517,0.0108
5518,0.0498
5519,0.0422
5520,0.2342
5521,0.3707
5522,0.0482
5523,0.0134
5524,0.0203
5525,0.0414
5526,0.0469
5527,0.0162
5528,0.0225
5529,0.0119
5530,0.1068
5531,0.239
5532,0.0924
5533,0.0833
5534,0.0672
5535,0.0183
5536,0.031
5537,0.0308
5538,0.0396
5539,0.0538
5540,0.0477
5541,0.1858
5542,0.0194
5543,0.0373
5544,0.0247
5545,0.0136
5546,0.0174
5547,0.0237
5548,0.0448
5549,0.019
5550,0.0136
5551,0.057
5552,0.135
5553,0.1536
5554,0.0457
5555,0.0377
5556,0.0379
5557,0.092
5558,0.0701
5559,0.0162
5560,0.0635
5561,0.0242
5562,0.0097
5563,0.1208
5564,0.0256
5565,0.0263
5566,0.0271
5567,0.0451
5568,0.0517
5569,0.0898
5570,0.068
5571,0.2457
5572,0.051
5573,0.0415
5574,0.0189
5575,0.0561
5576,0.0499
5577,0.078
5578,0.0357
5579,0.3734
5580,0.1037
5581,0.1143
5582,0.0626
5583,0.0552
5584,0.0221
5585,0.0216
5586,0.0078
5587,0.0139
5588,0.0589
5589,0.0234
5590,0.0077
5591,0.0204
5592,0.0218
5593,0.0522
5594,0.0433
5595,0.0497
5596,0.0509
5597,0.0793
5598,0.1782
5599,0.3841
5600,0.056
5601,0.0208
5602,0.0621
5603,0.0146
5604,0.0397
5605,0.0666
5606,0.041
5607,0.1085
5608,0.039
5609,0.1009
5610,0.042
5611,0.0486
5612,0.0315
5613,0.02
5614,0.1037
5615,0.0076
5616,0.0341
5617,0.0618
5618,0.0305
5619,0.0138
5620,0.0244
5621,0.0391
5622,0.0512
5623,0.061
5624,0.1159
5625,0.079
5626,0.2333
5627,0.0862
5628,0.0864
5629,0.013
5630,0.0712
5631,0.013
5632,0.0518
5633,0.0384
5634,0.0807
5635,0.028
5636,0.0229
5637,0.056
5638,0.0423
5639,0.0632
5640,0.0873
5641,0.0669
5642,0.0043
5643,0.0232
5644,0.0296
5645,0.0588
5646,0.0423
5647,0.0528
5648,0.0506
5649,0.1083
5650,0.3725
5651,0.0787
5652,0.0883
5653,0.0597
5654,0.2027
5655,0.0682
5656,0.0909
5657,0.0591
5658,0.0124
5659,0.0177
5660,0.2485
5661,0.0478
5662,0.0803
5663,0.0663
5664,0.0871
5665,0.0189
5666,0.0251
5667,0.0101
5668,0.0193
5669,0.0203
5670,0.0347
5671,0.1338
5672,0.0548
5673,0.0406
5674,0.0813
5675,0.3916
5676,0.0561
5677,0.0161
5678,0.2047
5679,0.0537
5680,0.2368
5681,0.1748
5682,0.0606
5683,0.0172
5684,0.0402
5685,0.0795
5686,0.1549
5687,0.0488
5688,0.1487
5689,0.0957
5690,0.0759
5691,0.0147
5692,0.0213
5693,0.0475
5694,0.0506
5695,0.0145
5696,0.1007
5697,0.1185
5698,0.1207
5699,0.0681
5700,0.0291
5701,0.1005
5702,0.1627
5703,0.2439
5704,0.0642
5705,0.038
5706,0.025
5707,0.052
5708,0.4015
5709,0.048
5710,0.1073
5711,0.3688
5712,0.2332
5713,0.01
5714,0.0105
5715,0.0336
5716,0.0449
5717,0.1285
5718,0.214
5719,0.0604
5720,0.0588
5721,0.2369
5722,0.116
5723,0.1358
5724,0.1854
5725,0.2456
5726,0.0711
5727,0.0463
5728,0.0782
5729,0.0387
5730,0.2519
5731,0.745
5732,0.0049
5733,0.0447
5734,0.3975
5735,0.0151
5736,0.0468
5737,0.2411
5738,0.0105
5739,0.035
5740,0.0748
5741,0.0194
5742,0.0424
5743,0.0056
5744,0.2608
5745,0.0344
5746,0.0632
5747,0.1613
5748,0.1152
5749,0.1884
5750,0.3914
5751,0.2542
5752,0.0236
5753,0.2569
5754,0.3753
5755,0.2307
5756,0.6481
5757,0.3973
5758,0.3676
5759,0.0225
5760,0.1231
5761,0.0452
5762,0.0162
5763,0.0079
5764,0.0132
5765,0.0123
5766,0.0093
5767,0.0573
5768,0.01
5769,0.0104
5770,0.0348
5771,0.0552
5772,0.0734
5773,0.0737
5774,0.0829
5775,0.0842
5776,0.2277
5777,0.096
5778,0.0288
5779,0.0895
5780,0.2433
5781,0.2071
5782,0.8719
5783,0.7707
5784,0.4677
5785,0.0056
5786,0.0283
5787,0.0194
5788,0.0413
5789,0.2424
5790,0.0668
5791,0.0652
5792,0.0102
5793,0.0519
5794,0.0622
5795,0.0401
5796,0.0107
5797,0.241
5798,0.0154
5799,0.0186
5800,0.0851
5801,0.0853
5802,0.0513
5803,0.0424
5804,0.1075
5805,0.0833
5806,0.0271
5807,0.1167
5808,0.0826
5809,0.0759
5810,0.7417
5811,0.7876
5812,0.4413
5813,0.016
5814,0.2209
5815,0.0258
5816,0.1242
5817,0.0982
5818,0.2529
5819,0.0701
5820,0.0156
5821,0.0517
5822,0.0828
5823,0.2314
5824,0.1448
5825,0.4748
5826,0.2364
5827,0.1094
5828,0.1185
5829,0.067
5830,0.0545
5831,0.1082
5832,0.0408
5833,0.0309
5834,0.1185
5835,0.1215
5836,0.0621
5837,0.0801
5838,0.0197
5839,0.839
5840,0.8937
5841,0.8973
5842,0.0733
5843,0.0396
5844,0.4081
5845,0.1384
5846,0.0248
5847,0.0203
5848,0.0237
5849,0.0334
5850,0.08
5851,0.0342
5852,0.3938
5853,0.4617
5854,0.0624
5855,0.0914
5856,0.0722
5857,0.1641
5858,0.0692
5859,0.2281
5860,0.0827
5861,0.0414
5862,0.0865
5863,0.0881
5864,0.0821
5865,0.0438
5866,0.3829
5867,0.3882
5868,0.2565
5869,0.0692
5870,0.0184
5871,0.0941
5872,0.074
5873,0.1775
5874,0.0213
5875,0.032
5876,0.0301
5877,0.0208
5878,0.0248
5879,0.0372
5880,0.0438
5881,0.2805
5882,0.3613
5883,0.4
5884,0.2588
5885,0.1066
5886,0.1792
5887,0.2307
5888,0.3747
5889,0.2076
5890,0.0232
5891,0.034
5892,0.0353
5893,0.1146
5894,0.2392
5895,0.0829
5896,0.1933
5897,0.271
5898,0.175
5899,0.8937
5900,0.1036
5901,0.0208
5902,0.1005
5903,0.1496
5904,0.0254
5905,0.0349
5906,0.109
5907,0.0537
5908,0.0386
5909,0.0329
5910,0.0512
5911,0.124
5912,0.3822
5913,0.2668
5914,0.4222
5915,0.3995
5916,0.1373
5917,0.1451
5918,0.2341
5919,0.1552
5920,0.0618
5921,0.0444
5922,0.3626
5923,0.3703
5924,0.0434
5925,0.4321
5926,0.3741
5927,0.0568
5928,0.0939
5929,0.0757
5930,0.0458
5931,0.0134
5932,0.0203
5933,0.034
5934,0.0636
5935,0.0823
5936,0.0869
5937,0.105
5938,0.2541
5939,0.6275
5940,0.3987
5941,0.4053
5942,0.3811
5943,0.0876
5944,0.0658
5945,0.0709
5946,0.1026
5947,0.2431
5948,0.0638
5949,0.0279
5950,0.0046
5951,0.0661
5952,0.0966
5953,0.0188
5954,0.0401
5955,0.0898
5956,0.0213
5957,0.0352
5958,0.0256
5959,0.0097
5960,0.0297
5961,0.0655
5962,0.0596
5963,0.082
5964,0.2262
5965,0.2381
5966,0.3317
5967,0.4163
5968,0.4104
5969,0.2516
5970,0.0875
5971,0.0075
5972,0.0398
5973,0.0222
5974,0.0379
5975,0.0942
5976,0.0106
5977,0.0231
5978,0.4806
5979,0.1811
5980,0.0201
5981,0.0458
5982,0.0279
5983,0.0667
5984,0.027
5985,0.0364
5986,0.0196
5987,0.0287
5988,0.0159
5989,0.0134
5990,0.0319
5991,0.0773
5992,0.0981
5993,0.3793
5994,0.3417
5995,0.1031
5996,0.6542
5997,0.374
5998,0.3613
5999,0.21
6000,0.0335
6001,0.0375
6002,0.0242
6003,0.0436
6004,0.0376
6005,0.0293
6006,0.045
6007,0.3976
6008,0.2045
6009,0.2374
6010,0.0196
6011,0.0757
6012,0.0944
6013,0.0973
6014,0.1598
6015,0.0298
6016,0.0268
6017,0.0541
6018,0.1439
6019,0.4063
6020,0.3892
6021,0.3974
6022,0.1275
6023,0.2377
6024,0.1646
6025,0.0656
6026,0.0325
6027,0.017
6028,0.1115
6029,0.113
6030,0.0676
6031,0.2407
6032,0.0194
6033,0.0656
6034,0.2189
6035,0.0328
6036,0.0118
6037,0.1124
6038,0.1231
6039,0.0234
6040,0.0043
6041,0.1875
6042,0.1691
6043,0.0699
6044,0.0523
6045,0.0262
6046,0.0731
6047,0.071
6048,0.0223
6049,0.0856
6050,0.106
6051,0.0376
6052,0.0258
6053,0.0096
6054,0.3575
6055,0.0134
6056,0.012
6057,0.0499
6058,0.0396
6059,0.0383
6060,0.1204
6061,0.0289
6062,0.0397
6063,0.0068
6064,0.0379
6065,0.1652
6066,0.3452
6067,0.3376
6068,0.0498
6069,0.0271
6070,0.0284
6071,0.0412
6072,0.0233
6073,0.0507
6074,0.1065
6075,0.015
6076,0.0227
6077,0.0143
6078,0.0265
6079,0.019
6080,0.0782
6081,0.089
6082,0.3377
6083,0.0147
6084,0.0166
6085,0.0291
6086,0.058
6087,0.0888
6088,0.3283
6089,0.0508
6090,0.0964
6091,0.0219
6092,0.0109
6093,0.0551
6094,0.0968
6095,0.0433
6096,0.0118
6097,0.0138
6098,0.2441
6099,0.0195
6100,0.0184
6101,0.0257
6102,0.1235
6103,0.0576
6104,0.0391
6105,0.0176
6106,0.0275
6107,0.0526
6108,0.3494
6109,0.0195
6110,0.0044
6111,0.0217
6112,0.0225
6113,0.026
6114,0.0547
6115,0.2356
6116,0.0503
6117,0.234
6118,0.0995
6119,0.0257
6120,0.0395
6121,0.0423
6122,0.027
6123,0.2092
6124,0.1102
6125,0.0226
6126,0.0879
6127,0.0519
6128,0.0094
6129,0.0117
6130,0.2452
6131,0.3775
6132,0.0863
6133,0.0344
6134,0.0696
6135,0.0328
6136,0.0325
6137,0.0696
6138,0.0665
6139,0.0672
6140,0.7697
6141,0.059
6142,0.013
6143,0.0808
6144,0.0826
6145,0.0158
6146,0.0256
6147,0.1195
6148,0.4109
6149,0.0577
6150,0.1047
6151,0.0295
6152,0.0125
6153,0.0282
6154,0.0825
6155,0.026
6156,0.0223
6157,0.0429
6158,0.0328
6159,0.0179
6160,0.0148
6161,0.047
6162,0.0172
6163,0.0682
6164,0.0272
6165,0.039
6166,0.0139
6167,0.0336
6168,0.0736
6169,0.0949
6170,0.017
6171,0.0404
6172,0.434
6173,0.0471
6174,0.0773
6175,0.0528
6176,0.0557
6177,0.0199
6178,0.3848
6179,0.0227
6180,0.0083
6181,0.0068
6182,0.0048
6183,0.0414
6184,0.0846
6185,0.0175
6186,0.0095
6187,0.1027
6188,0.0323
6189,0.0434
6190,0.3926
6191,0.0253
6192,0.0194
6193,0.0215
6194,0.0188
6195,0.0597
6196,0.0075
6197,0.0323
6198,0.1284
6199,0.0612
6200,0.0183
6201,0.0135
6202,0.053
6203,0.1099
6204,0.079
6205,0.0689
6206,0.0563
6207,0.0213
6208,0.0474
6209,0.016
6210,0.0496
6211,0.226
6212,0.1045
6213,0.038
6214,0.0174
6215,0.0158
6216,0.0205
6217,0.0143
6218,0.0149
6219,0.0076
6220,0.0149
6221,0.009
6222,0.0203
6223,0.0194
6224,0.052
6225,0.0403
6226,0.0979
6227,0.0031
6228,0.0119
6229,0.0988
6230,0.0076
6231,0.1731
6232,0.006
6233,0.0336
6234,0.0142
6235,0.0108
6236,0.0212
6237,0.0279
6238,0.0133
6239,0.025
6240,0.0172
6241,0.0646
6242,0.0206
6243,0.034
6244,0.0114
6245,0.0399
6246,0.0166
6247,0.011
6248,0.0175
6249,0.0894
6250,0.029
6251,0.0519
6252,0.0076
6253,0.0066
6254,0.0083
6255,0.0227
6256,0.0092
6257,0.0056
6258,0.0149
6259,0.0457
6260,0.0099
6261,0.011
6262,0.1256
6263,0.0463
6264,0.0556
6265,0.042
6266,0.0152
6267,0.1004
6268,0.022
6269,0.014
6270,0.0616
6271,0.0136
6272,0.065
6273,0.0895
6274,0.0188
6275,0.0183
6276,0.0231
6277,0.0204
6278,0.02
6279,0.022
6280,0.0124
6281,0.009
6282,0.0121
6283,0.0091
6284,0.0101
6285,0.0091
6286,0.0216
6287,0.0081
6288,0.0305
6289,0.0419
6290,0.1466
6291,0.0202
6292,0.0287
6293,0.0203
6294,0.0478
6295,0.0192
6296,0.013
6297,0.0274
6298,0.0133
6299,0.0233
6300,0.0098
6301,0.0133
6302,0.0323
6303,0.0961
6304,0.0679
6305,0.0141
6306,0.0698
6307,0.0149
6308,0.0289
6309,0.0675
6310,0.0538
6311,0.0619
6312,0.0338
6313,0.0357
6314,0.0383
6315,0.0375
6316,0.0751
6317,0.1018
6318,0.0484
6319,0.0131
6320,0.1164
6321,0.0555
6322,0.0788
6323,0.0423
6324,0.3717
6325,0.3532
6326,0.0594
6327,0.3831
6328,0.055
6329,0.2711
6330,0.2331
6331,0.1597
6332,0.07
6333,0.0801
6334,0.0178
6335,0.0444
6336,0.0159
6337,0.2581
6338,0.0291
6339,0.6616
6340,0.1628
6341,0.133
6342,0.0552
6343,0.0262
6344,0.0251
6345,0.0496
6346,0.0106
6347,0.0378
6348,0.1102
6349,0.1302
6350,0.4657
6351,0.4339
6352,0.0416
6353,0.09
6354,0.1184
6355,0.1736
6356,0.0095
6357,0.0039
6358,0.0221
6359,0.0455
6360,0.0489
6361,0.0659
6362,0.0688
6363,0.037
6364,0.4401
6365,0.1319
6366,0.2626
6367,0.4504
6368,0.1112
6369,0.0217
6370,0.4144
6371,0.0162
6372,0.0585
6373,0.2826
6374,0.0482
6375,0.064
6376,0.0471
6377,0.0497
6378,0.0266
6379,0.2048
6380,0.1043
6381,0.0328
6382,0.0735
6383,0.434
6384,0.0323
6385,0.0276
6386,0.0594
6387,0.0589
6388,0.069
6389,0.0288
6390,0.0509
6391,0.0952
6392,0.0317
6393,0.0633
6394,0.1668
6395,0.3898
6396,0.0543
6397,0.046
6398,0.0083
6399,0.0145
6400,0.0065
6401,0.0215
6402,0.434
6403,0.1296
6404,0.0829
6405,0.299
6406,0.4512
6407,0.0732
6408,0.0446
6409,0.0221
6410,0.0136
6411,0.0099
6412,0.0373
6413,0.0081
6414,0.0601
6415,0.0751
6416,0.0958
6417,0.3803
6418,0.4259
6419,0.0225
6420,0.2286
6421,0.0414
6422,0.0104
6423,0.0211
6424,0.034
6425,0.2559
6426,0.0172
6427,0.0472
6428,0.0095
6429,0.0488
6430,0.0264
6431,0.1265
6432,0.4125
6433,0.0063
6434,0.0393
6435,0.0558
6436,0.0371
6437,0.0446
6438,0.0238
6439,0.0084
6440,0.1035
6441,0.1594
6442,0.1
6443,0.0822
6444,0.0694
6445,0.0252
6446,0.0259
6447,0.032
6448,0.0426
6449,0.0599
6450,0.0506
6451,0.1887
6452,0.0163
6453,0.0347
6454,0.0285
6455,0.0135
6456,0.016
6457,0.0243
6458,0.046
6459,0.0095
6460,0.1182
6461,0.0215
6462,0.0237
6463,0.0637
6464,0.1785
6465,0.1628
6466,0.048
6467,0.0408
6468,0.0381
6469,0.111
6470,0.0772
6471,0.02
6472,0.0606
6473,0.0138
6474,0.0148
6475,0.0273
6476,0.1266
6477,0.0205
6478,0.0181
6479,0.0329
6480,0.0475
6481,0.0573
6482,0.1984
6483,0.189
6484,0.0988
6485,0.0515
6486,0.0406
6487,0.0197
6488,0.0556
6489,0.0504
6490,0.01
6491,0.0135
6492,0.0829
6493,0.0508
6494,0.4089
6495,0.1065
6496,0.0268
6497,0.014
6498,0.1039
6499,0.0627
6500,0.0532
6501,0.0219
6502,0.0192
6503,0.006
6504,0.0644
6505,0.007
6506,0.0173
6507,0.0258
6508,0.061
6509,0.0413
6510,0.0494
6511,0.0507
6512,0.0916
6513,0.1871
6514,0.393
6515,0.0568
6516,0.024
6517,0.0771
6518,0.0171
6519,0.0376
6520,0.0814
6521,0.0512
6522,0.1066
6523,0.0411
6524,0.1161
6525,0.0418
6526,0.0474
6527,0.0334
6528,0.0168
6529,0.0218
6530,0.1188
6531,0.0087
6532,0.0304
6533,0.0637
6534,0.0334
6535,0.016
6536,0.021
6537,0.0361
6538,0.0574
6539,0.0609
6540,0.1185
6541,0.0615
6542,0.3971
6543,0.0946
6544,0.114
6545,0.0128
6546,0.083
6547,0.0157
6548,0.0546
6549,0.0353
6550,0.0766
6551,0.0325
6552,0.0234
6553,0.0521
6554,0.0405
6555,0.0631
6556,0.0888
6557,0.0394
6558,0.064
6559,0.0078
6560,0.0331
6561,0.0554
6562,0.0162
6563,0.0375
6564,0.0776
6565,0.0534
6566,0.1099
6567,0.4118
6568,0.0787
6569,0.1022
6570,0.061
6571,0.0887
6572,0.0591
6573,0.1037
6574,0.0599
6575,0.0122
6576,0.0183
6577,0.2357
6578,0.0514
6579,0.0841
6580,0.0677
6581,0.0935
6582,0.0202
6583,0.02
6584,0.0347
6585,0.1796
6586,0.0516
6587,0.0447
6588,0.0908
6589,0.4765
6590,0.0601
6591,0.014
6592,0.3564
6593,0.0565
6594,0.2591
6595,0.2795
6596,0.0686
6597,0.0426
6598,0.0826
6599,0.1668
6600,0.05
6601,0.1612
6602,0.0959
6603,0.0059
6604,0.0727
6605,0.013
6606,0.0204
6607,0.0428
6608,0.0572
6609,0.0131
6610,0.1013
6611,0.1171
6612,0.1202
6613,0.0784
6614,0.0327
6615,0.1102
6616,0.1599
6617,0.2532
6618,0.065
6619,0.0129
6620,0.0421
6621,0.0273
6622,0.0116
6623,0.056
6624,0.4277
6625,0.0444
6626,0.1127
6627,0.4071
6628,0.2466
6629,0.0167
6630,0.0125
6631,0.0122
6632,0.0324
6633,0.0465
6634,0.2107
6635,0.2295
6636,0.0622
6637,0.0635
6638,0.2249
6639,0.1289
6640,0.1418
6641,0.1818
6642,0.3833
6643,0.0848
6644,0.0164
6645,0.049
6646,0.0821
6647,0.0386
6648,0.3666
6649,0.8576
6650,0.0055
6651,0.0368
6652,0.3837
6653,0.0157
6654,0.0552
6655,0.2647
6656,0.0176
6657,0.035
6658,0.0736
6659,0.0148
6660,0.0405
6661,0.3902
6662,0.0264
6663,0.0644
6664,0.2425
6665,0.1352
6666,0.2347
6667,0.3663
6668,0.2584
6669,0.1738
6670,0.3696
6671,0.2182
6672,0.6911
6673,0.417
6674,0.4633
6675,0.0067
6676,0.0234
6677,0.1328
6678,0.0416
6679,0.0269
6680,0.0206
6681,0.011
6682,0.0553
6683,0.0067
6684,0.0107
6685,0.0321
6686,0.0564
6687,0.073
6688,0.073
6689,0.0896
6690,0.0789
6691,0.2209
6692,0.1162
6693,0.0272
6694,0.0998
6695,0.1746
6696,0.0215
6697,0.1941
6698,0.8776
6699,0.8156
6700,0.4745
6701,0.005
6702,0.027
6703,0.0176
6704,0.047
6705,0.2846
6706,0.0728
6707,0.014
6708,0.0652
6709,0.0081
6710,0.0507
6711,0.0548
6712,0.0392
6713,0.0087
6714,0.2439
6715,0.012
6716,0.0152
6717,0.0957
6718,0.0917
6719,0.06
6720,0.0497
6721,0.1286
6722,0.2193
6723,0.0059
6724,0.0275
6725,0.1124
6726,0.1033
6727,0.2354
6728,0.8003
6729,0.7924
6730,0.5248
6731,0.0136
6732,0.2128
6733,0.0265
6734,0.2565
6735,0.0946
6736,0.2634
6737,0.0314
6738,0.0787
6739,0.0165
6740,0.0742
6741,0.0847
6742,0.2092
6743,0.1418
6744,0.3905
6745,0.2671
6746,0.1179
6747,0.1147
6748,0.0718
6749,0.0517
6750,0.1057
6751,0.0404
6752,0.0334
6753,0.1331
6754,0.1423
6755,0.0654
6756,0.1031
6757,0.0314
6758,0.8447
6759,0.9015
6760,1.0
6761,0.0906
6762,0.0407
6763,0.2446
6764,0.0178
6765,0.1575
6766,0.0191
6767,0.008
6768,0.0148
6769,0.0203
6770,0.0371
6771,0.0778
6772,0.0359
6773,0.3493
6774,0.5691
6775,0.0644
6776,0.0935
6777,0.0746
6778,0.16
6779,0.0774
6780,0.4223
6781,0.097
6782,0.0441
6783,0.1046
6784,0.1051
6785,0.0941
6786,0.0431
6787,0.0239
6788,0.381
6789,0.4011
6790,0.2607
6791,0.069
6792,0.026
6793,0.0927
6794,0.0812
6795,0.259
6796,0.0194
6797,0.0351
6798,0.03
6799,0.0275
6800,0.0298
6801,0.0483
6802,0.2623
6803,0.3947
6804,0.382
6805,0.2603
6806,0.11
6807,0.1792
6808,0.2312
6809,0.4044
6810,0.212
6811,0.0281
6812,0.0348
6813,0.0336
6814,0.1205
6815,0.1526
6816,0.0931
6817,0.2989
6818,0.2708
6819,0.1751
6820,0.8681
6821,0.2067
6822,0.0177
6823,0.2593
6824,0.1542
6825,0.0236
6826,0.0402
6827,0.1424
6828,0.0596
6829,0.034
6830,0.0333
6831,0.0475
6832,0.1165
6833,0.366
6834,0.2613
6835,0.3987
6836,0.3586
6837,0.1416
6838,0.1368
6839,0.2496
6840,0.1699
6841,0.0741
6842,0.0499
6843,0.3769
6844,0.2403
6845,0.0416
6846,0.4416
6847,0.3731
6848,0.0062
6849,0.0629
6850,0.1019
6851,0.0783
6852,0.0497
6853,0.0109
6854,0.0136
6855,0.029
6856,0.0568
6857,0.075
6858,0.0857
6859,0.1001
6860,0.3555
6861,0.6846
6862,0.4011
6863,0.3716
6864,0.3958
6865,0.1001
6866,0.0724
6867,0.07
6868,0.1129
6869,0.1848
6870,0.0624
6871,0.0291
6872,0.0617
6873,0.1107
6874,0.0146
6875,0.0388
6876,0.0866
6877,0.0128
6878,0.0331
6879,0.0208
6880,0.0083
6881,0.028
6882,0.0597
6883,0.056
6884,0.082
6885,0.2371
6886,0.2309
6887,0.3531
6888,0.4293
6889,0.475
6890,0.3753
6891,0.1001
6892,0.0061
6893,0.0398
6894,0.0205
6895,0.0407
6896,0.0979
6897,0.0162
6898,0.5586
6899,0.2184
6900,0.022
6901,0.0515
6902,0.0345
6903,0.0797
6904,0.027
6905,0.0413
6906,0.0274
6907,0.015
6908,0.0125
6909,0.0295
6910,0.0719
6911,0.0965
6912,0.3858
6913,0.3469
6914,0.1144
6915,0.7083
6916,0.3496
6917,0.3908
6918,0.1189
6919,0.0346
6920,0.0315
6921,0.0243
6922,0.0487
6923,0.0352
6924,0.0281
6925,0.0511
6926,0.3864
6927,0.207
6928,0.3597
6929,0.0216
6930,0.0775
6931,0.0867
6932,0.1085
6933,0.165
6934,0.0308
6935,0.0245
6936,0.0478
6937,0.2263
6938,0.567
6939,0.3886
6940,0.3803
6941,0.2317
6942,0.3667
6943,0.1695
6944,0.0709
6945,0.0301
6946,0.0193
6947,0.029
6948,0.0162
6949,0.125
6950,0.1
6951,0.0772
6952,0.3642
6953,0.0257
6954,0.0519
6955,0.3754
6956,0.0337
6957,0.0036
6958,0.0134
6959,0.1171
6960,0.1924
6961,0.0228
6962,0.1933
6963,0.2309
6964,0.0683
6965,0.0696
6966,0.0263
6967,0.0861
6968,0.0821
6969,0.0238
6970,0.1003
6971,0.0943
6972,0.0396
6973,0.0231
6974,0.0086
6975,0.2218
6976,0.0155
6977,0.0697
6978,0.0387
6979,0.0364
6980,0.1171
6981,0.0387
6982,0.0415
6983,0.0058
6984,0.0393
6985,0.167
6986,0.3449
6987,0.3748
6988,0.0688
6989,0.0133
6990,0.0291
6991,0.0529
6992,0.0196
6993,0.0542
6994,0.1239
6995,0.0163
6996,0.0237
6997,0.0175
6998,0.0203
6999,0.0102
7000,0.0724
7001,0.0791
7002,0.3311
7003,0.0172
7004,0.0228
7005,0.0586
7006,0.099
7007,0.3446
7008,0.0699
7009,0.0133
7010,0.0097
7011,0.108
7012,0.0193
7013,0.0133
7014,0.0666
7015,0.2112
7016,0.0502
7017,0.0111
7018,0.0131
7019,0.2503
7020,0.0203
7021,0.0261
7022,0.1163
7023,0.0528
7024,0.0336
7025,0.0149
7026,0.0296
7027,0.054
7028,0.2708
7029,0.0222
7030,0.0044
7031,0.0204
7032,0.0244
7033,0.0282
7034,0.0561
7035,0.2411
7036,0.0501
7037,0.25
7038,0.1035
7039,0.0308
7040,0.0388
7041,0.0442
7042,0.0294
7043,0.2183
7044,0.0169
7045,0.1154
7046,0.0195
7047,0.0763
7048,0.0556
7049,0.0088
7050,0.0099
7051,0.2695
7052,0.4645
7053,0.1916
7054,0.0424
7055,0.0086
7056,0.0732
7057,0.0402
7058,0.028
7059,0.0931
7060,0.0842
7061,0.0918
7062,0.8996
7063,0.0628
7064,0.012
7065,0.0858
7066,0.0878
7067,0.015
7068,0.0293
7069,0.1394
7070,0.4207
7071,0.0608
7072,0.1244
7073,0.0358
7074,0.0091
7075,0.0274
7076,0.0781
7077,0.0303
7078,0.0239
7079,0.0557
7080,0.0446
7081,0.0182
7082,0.0172
7083,0.0567
7084,0.0183
7085,0.1063
7086,0.0314
7087,0.0369
7088,0.0146
7089,0.0294
7090,0.0816
7091,0.1047
7092,0.0225
7093,0.0438
7094,0.588
7095,0.0519
7096,0.0889
7097,0.0392
7098,0.0555
7099,0.0533
7100,0.0103
7101,0.2856
7102,0.0244
7103,0.0074
7104,0.009
7105,0.0442
7106,0.1032
7107,0.0187
7108,0.0956
7109,0.0425
7110,0.0303
7111,0.0459
7112,0.3874
7113,0.0311
7114,0.0279
7115,0.0193
7116,0.0174
7117,0.0573
7118,0.0313
7119,0.0049
7120,0.1432
7121,0.065
7122,0.0144
7123,0.0605
7124,0.1255
7125,0.0901
7126,0.0733
7127,0.0606
7128,0.0226
7129,0.0519
7130,0.019
7131,0.1972
7132,0.2327
7133,0.1171
7134,0.0085
7135,0.0113
7136,0.0407
7137,0.0138
7138,0.0177
7139,0.0221
7140,0.0139
7141,0.0058
7142,0.0119
7143,0.0089
7144,0.0139
7145,0.0183
7146,0.0208
7147,0.056
7148,0.0478
7149,0.1144
7150,0.0098
7151,0.0964
7152,0.1843
7153,0.0073
7154,0.0389
7155,0.0167
7156,0.0113
7157,0.0193
7158,0.0261
7159,0.0115
7160,0.0269
7161,0.0187
7162,0.0156
7163,0.0058
7164,0.0099
7165,0.0702
7166,0.0193
7167,0.0315
7168,0.0094
7169,0.0172
7170,0.0432
7171,0.0184
7172,0.0109
7173,0.1008
7174,0.0256
7175,0.0534
7176,0.0089
7177,0.0067
7178,0.0073
7179,0.0228
7180,0.0067
7181,0.0139
7182,0.0603
7183,0.0126
7184,0.01
7185,0.0122
7186,0.1391
7187,0.0542
7188,0.0694
7189,0.049
7190,0.0882
7191,0.0265
7192,0.0124
7193,0.0061
7194,0.0783
7195,0.0116
7196,0.0833
7197,0.008
7198,0.118
7199,0.0163
7200,0.017
7201,0.0276
7202,0.0163
7203,0.0217
7204,0.0219
7205,0.027
7206,0.0095
7207,0.0134
7208,0.0087
7209,0.0089
7210,0.0319
7211,0.0112
7212,0.0068
7213,0.0055
7214,0.0388
7215,0.0541
7216,0.0323
7217,0.0075
7218,0.1649
7219,0.0213
7220,0.0272
7221,0.0062
7222,0.0229
7223,0.0204
7224,0.0518
7225,0.021
7226,0.0256
7227,0.026
7228,0.0101
7229,0.0173
7230,0.0065
7231,0.0341
7232,0.0995
7233,0.1309
7234,0.0949
7235,0.0206
7236,0.0173
7237,0.0389
7238,0.064
7239,0.0366
7240,0.064
7241,0.0566
7242,0.0277
7243,0.0296
7244,0.0432
7245,0.0336
7246,0.0576
7247,0.0994
7248,0.0461
7249,0.0082
7250,0.0415
7251,0.0341
7252,0.1018
7253,0.0747
7254,0.0517
7255,0.2591
7256,0.3445
7257,0.0252
7258,0.0503
7259,0.2823
7260,0.0569
7261,0.3997
7262,0.0999
7263,0.1634
7264,0.0636
7265,0.0247
7266,0.1034
7267,0.04
7268,0.0135
7269,0.0117
7270,0.1657
7271,0.0304
7272,0.5791
7273,0.1503
7274,0.0302
7275,0.0626
7276,0.1422
7277,0.0568
7278,0.0263
7279,0.0194
7280,0.0492
7281,0.0436
7282,0.0171
7283,0.0128
7284,0.0422
7285,0.1022
7286,0.1381
7287,0.4919
7288,0.4324
7289,0.0442
7290,0.0857
7291,0.2612
7292,0.1757
7293,0.0167
7294,0.0438
7295,0.043
7296,0.0615
7297,0.0767
7298,0.4348
7299,0.1294
7300,0.4236
7301,0.4656
7302,0.1045
7303,0.0251
7304,0.414
7305,0.0541
7306,0.2869
7307,0.0461
7308,0.0466
7309,0.0423
7310,0.0459
7311,0.2125
7312,0.1047
7313,0.0585
7314,0.0363
7315,0.0763
7316,0.4467
7317,0.0353
7318,0.0313
7319,0.0611
7320,0.0564
7321,0.0736
7322,0.0485
7323,0.0505
7324,0.0856
7325,0.0313
7326,0.066
7327,0.2573
7328,0.1611
7329,0.0515
7330,0.0461
7331,0.003
7332,0.0139
7333,0.4421
7334,0.1167
7335,0.0732
7336,0.4365
7337,0.4669
7338,0.0794
7339,0.044
7340,0.0173
7341,0.0131
7342,0.0378
7343,0.0097
7344,0.0644
7345,0.0722
7346,0.0213
7347,0.1
7348,0.2763
7349,0.4208
7350,0.0094
7351,0.0197
7352,0.0244
7353,0.0434
7354,0.01
7355,0.0278
7356,0.0195
7357,0.0315
7358,0.2588
7359,0.0192
7360,0.0483
7361,0.0053
7362,0.0525
7363,0.0501
7364,0.0237
7365,0.1441
7366,0.4145
7367,0.0419
7368,0.0561
7369,0.0137
7370,0.0218
7371,0.036
7372,0.0467
7373,0.0096
7374,0.0259
7375,0.0084
7376,0.0914
7377,0.1561
7378,0.1019
7379,0.0856
7380,0.0707
7381,0.0204
7382,0.0276
7383,0.0341
7384,0.0397
7385,0.0635
7386,0.0456
7387,0.1851
7388,0.015
7389,0.0377
7390,0.0246
7391,0.0154
7392,0.0191
7393,0.0228
7394,0.0442
7395,0.0241
7396,0.0205
7397,0.0538
7398,0.1615
7399,0.2513
7400,0.0477
7401,0.0402
7402,0.0385
7403,0.1069
7404,0.0693
7405,0.0177
7406,0.0615
7407,0.0129
7408,0.0125
7409,0.024
7410,0.1289
7411,0.0205
7412,0.0253
7413,0.0273
7414,0.043
7415,0.0551
7416,0.124
7417,0.0819
7418,0.1987
7419,0.0525
7420,0.0403
7421,0.021
7422,0.0558
7423,0.047
7424,0.016
7425,0.098
7426,0.0441
7427,0.3805
7428,0.1155
7429,0.0244
7430,0.1171
7431,0.0614
7432,0.0531
7433,0.0222
7434,0.0221
7435,0.0086
7436,0.0649
7437,0.0214
7438,0.0059
7439,0.0122
7440,0.0258
7441,0.0523
7442,0.0397
7443,0.1876
7444,0.0475
7445,0.0907
7446,0.3657
7447,0.3829
7448,0.0551
7449,0.0253
7450,0.07
7451,0.0185
7452,0.0375
7453,0.0109
7454,0.0772
7455,0.0469
7456,0.1038
7457,0.0406
7458,0.1178
7459,0.0444
7460,0.0461
7461,0.0363
7462,0.0152
7463,0.0223
7464,0.1311
7465,0.0036
7466,0.0324
7467,0.0638
7468,0.0315
7469,0.0151
7470,0.0222
7471,0.0384
7472,0.054
7473,0.0554
7474,0.1193
7475,0.0783
7476,0.2353
7477,0.096
7478,0.109
7479,0.0108
7480,0.0785
7481,0.0538
7482,0.0332
7483,0.0855
7484,0.0295
7485,0.0597
7486,0.0442
7487,0.0672
7488,0.0884
7489,0.0344
7490,0.0673
7491,0.0064
7492,0.0283
7493,0.0332
7494,0.0192
7495,0.0556
7496,0.0139
7497,0.0394
7498,0.064
7499,0.0548
7500,0.1142
7501,0.3936
7502,0.0636
7503,0.0957
7504,0.0639
7505,0.0724
7506,0.0611
7507,0.1029
7508,0.0613
7509,0.0179
7510,0.2495
7511,0.0507
7512,0.0933
7513,0.0655
7514,0.0875
7515,0.0193
7516,0.0208
7517,0.0192
7518,0.0365
7519,0.1725
7520,0.0545
7521,0.041
7522,0.0921
7523,0.4285
7524,0.0625
7525,0.0141
7526,0.3387
7527,0.0546
7528,0.2475
7529,0.2805
7530,0.0656
7531,0.0411
7532,0.0369
7533,0.0874
7534,0.1676
7535,0.0472
7536,0.1546
7537,0.0908
7538,0.0706
7539,0.0198
7540,0.0123
7541,0.0432
7542,0.0507
7543,0.0117
7544,0.0994
7545,0.1232
7546,0.1134
7547,0.0829
7548,0.0361
7549,0.1041
7550,0.167
7551,0.2585
7552,0.0638
7553,0.0127
7554,0.0375
7555,0.0278
7556,0.0546
7557,0.4636
7558,0.0486
7559,0.114
7560,0.3576
7561,0.2462
7562,0.0096
7563,0.0154
7564,0.0146
7565,0.0122
7566,0.0312
7567,0.0516
7568,0.1494
7569,0.1331
7570,0.1922
7571,0.065
7572,0.2223
7573,0.2187
7574,0.1323
7575,0.2439
7576,0.3768
7577,0.0863
7578,0.0492
7579,0.096
7580,0.0384
7581,0.2372
7582,0.836
7583,0.0059
7584,0.037
7585,0.4176
7586,0.0165
7587,0.0548
7588,0.2516
7589,0.0139
7590,0.0149
7591,0.0376
7592,0.0724
7593,0.0155
7594,0.0406
7595,0.2553
7596,0.0309
7597,0.0713
7598,0.2314
7599,0.1335
7600,0.206
7601,0.3805
7602,0.1822
7603,0.0235
7604,0.2646
7605,0.3866
7606,0.226
7607,0.6858
7608,0.4208
7609,0.2905
7610,0.0048
7611,0.0248
7612,0.1294
7613,0.0444
7614,0.0174
7615,0.0047
7616,0.0024
7617,0.0463
7618,0.0089
7619,0.0343
7620,0.0575
7621,0.0772
7622,0.0779
7623,0.092
7624,0.0915
7625,0.223
7626,0.1151
7627,0.0289
7628,0.102
7629,0.2582
7630,0.0191
7631,0.1945
7632,0.9461
7633,0.8295
7634,0.4416
7635,0.0044
7636,0.0262
7637,0.0467
7638,0.2682
7639,0.0717
7640,0.0588
7641,0.0517
7642,0.0648
7643,0.0408
7644,0.0134
7645,0.3708
7646,0.0148
7647,0.0141
7648,0.0954
7649,0.0938
7650,0.0597
7651,0.0524
7652,0.2143
7653,0.2231
7654,0.0127
7655,0.0313
7656,0.2108
7657,0.1021
7658,0.0951
7659,0.837
7660,0.7741
7661,0.4821
7662,0.0098
7663,0.0189
7664,0.2048
7665,0.0248
7666,0.1496
7667,0.0994
7668,0.2546
7669,0.0402
7670,0.084
7671,0.0182
7672,0.0747
7673,0.0836
7674,0.1249
7675,0.1425
7676,0.4117
7677,0.2581
7678,0.2263
7679,0.1242
7680,0.0728
7681,0.0553
7682,0.106
7683,0.0398
7684,0.0328
7685,0.0244
7686,0.1415
7687,0.1361
7688,0.0673
7689,0.0983
7690,0.0241
7691,0.8684
7692,0.9405
7693,1.0
7694,0.0739
7695,0.041
7696,0.4101
7697,0.0159
7698,0.1719
7699,0.0236
7700,0.0177
7701,0.0184
7702,0.0376
7703,0.0821
7704,0.034
7705,0.3639
7706,0.5937
7707,0.0647
7708,0.0927
7709,0.0757
7710,0.2526
7711,0.0726
7712,0.3797
7713,0.0959
7714,0.0451
7715,0.0968
7716,0.1119
7717,0.0939
7718,0.0414
7719,0.025
7720,0.3865
7721,0.4069
7722,0.2497
7723,0.0694
7724,0.0263
7725,0.1047
7726,0.0814
7727,0.2567
7728,0.0238
7729,0.0361
7730,0.0343
7731,0.0211
7732,0.0274
7733,0.0338
7734,0.0444
7735,0.2557
7736,0.4115
7737,0.3558
7738,0.2702
7739,0.112
7740,0.1763
7741,0.2352
7742,0.3913
7743,0.0503
7744,0.029
7745,0.0344
7746,0.032
7747,0.126
7748,0.1416
7749,0.0786
7750,0.3896
7751,0.2517
7752,0.1611
7753,0.8825
7754,0.1063
7755,0.0176
7756,0.0965
7757,0.1691
7758,0.0223
7759,0.0491
7760,0.2306
7761,0.055
7762,0.034
7763,0.0319
7764,0.0521
7765,0.2093
7766,0.3622
7767,0.2588
7768,0.4098
7769,0.3648
7770,0.1428
7771,0.1503
7772,0.3479
7773,0.0287
7774,0.1619
7775,0.0752
7776,0.052
7777,0.3896
7778,0.3751
7779,0.0407
7780,0.4442
7781,0.3785
7782,0.0731
7783,0.0977
7784,0.0732
7785,0.0425
7786,0.0077
7787,0.0156
7788,0.028
7789,0.0589
7790,0.0785
7791,0.0827
7792,0.1159
7793,0.3751
7794,0.6612
7795,0.3773
7796,0.3503
7797,0.3934
7798,0.1004
7799,0.0241
7800,0.0667
7801,0.0756
7802,0.1145
7803,0.2418
7804,0.0644
7805,0.0228
7806,0.0675
7807,0.108
7808,0.0181
7809,0.0387
7810,0.0905
7811,0.018
7812,0.0386
7813,0.0232
7814,0.0094
7815,0.0288
7816,0.06
7817,0.0575
7818,0.0753
7819,0.2333
7820,0.2317
7821,0.3773
7822,0.436
7823,0.4328
7824,0.2754
7825,0.099
7826,0.0081
7827,0.0409
7828,0.02
7829,0.0369
7830,0.0976
7831,0.0152
7832,0.0121
7833,0.0242
7834,0.5672
7835,0.1946
7836,0.0185
7837,0.0505
7838,0.0363
7839,0.0725
7840,0.0288
7841,0.0339
7842,0.0248
7843,0.0293
7844,0.0143
7845,0.0266
7846,0.0703
7847,0.0993
7848,0.3959
7849,0.3593
7850,0.2078
7851,0.6109
7852,0.3826
7853,0.3737
7854,0.1315
7855,0.0288
7856,0.0298
7857,0.0276
7858,0.045
7859,0.0305
7860,0.0283
7861,0.0511
7862,0.3933
7863,0.2091
7864,0.3767
7865,0.0207
7866,0.0815
7867,0.107
7868,0.1015
7869,0.1732
7870,0.0298
7871,0.0248
7872,0.0485
7873,0.2066
7874,0.5165
7875,0.4235
7876,0.4033
7877,0.1465
7878,0.3844
7879,0.1713
7880,0.0679
7881,0.0262
7882,0.0119
7883,0.0215
7884,0.0116
7885,0.0285
7886,0.0203
7887,0.1153
7888,0.1163
7889,0.0633
7890,0.173
7891,0.0241
7892,0.0518
7893,0.381
7894,0.0343
7895,0.0035
7896,0.009
7897,0.0139
7898,0.1047
7899,0.2032
7900,0.0201
7901,0.3171
7902,0.2347
7903,0.0672
7904,0.0743
7905,0.0267
7906,0.0802
7907,0.0816
7908,0.026
7909,0.0915
7910,0.0989
7911,0.0394
7912,0.0081
7913,0.3489
7914,0.0131
7915,0.0722
7916,0.0065
7917,0.0351
7918,0.0357
7919,0.1102
7920,0.0322
7921,0.0398
7922,0.0064
7923,0.037
7924,0.1821
7925,0.3408
7926,0.3848
7927,0.0756
7928,0.0083
7929,0.0299
7930,0.0275
7931,0.0525
7932,0.0505
7933,0.1201
7934,0.0182
7935,0.0244
7936,0.0164
7937,0.024
7938,0.0133
7939,0.01
7940,0.0297
7941,0.0751
7942,0.0845
7943,0.3282
7944,0.014
7945,0.0176
7946,0.0217
7947,0.0604
7948,0.1
7949,0.3316
7950,0.0699
7951,0.0126
7952,0.1143
7953,0.0226
7954,0.0619
7955,0.2085
7956,0.049
7957,0.0123
7958,0.0151
7959,0.2065
7960,0.0181
7961,0.0269
7962,0.1228
7963,0.0554
7964,0.0355
7965,0.0147
7966,0.0289
7967,0.0464
7968,0.2603
7969,0.0194
7970,0.0224
7971,0.0242
7972,0.0291
7973,0.054
7974,0.2479
7975,0.0503
7976,0.1628
7977,0.1022
7978,0.0258
7979,0.0407
7980,0.0409
7981,0.0325
7982,0.1485
7983,0.0168
7984,0.1123
7985,0.0198
7986,0.0817
7987,0.0485
7988,0.0095
7989,0.0119
7990,0.2495
7991,0.4503
7992,0.1887
7993,0.0406
7994,0.008
7995,0.0767
7996,0.0367
7997,0.0301
7998,0.0763
7999,0.0873
8000,0.094
8001,0.8501
8002,0.0211
8003,0.0688
8004,0.0165
8005,0.0878
8006,0.0867
8007,0.019
8008,0.0374
8009,0.1411
8010,0.3987
8011,0.0572
8012,0.1155
8013,0.0336
8014,0.028
8015,0.0112
8016,0.0269
8017,0.083
8018,0.0325
8019,0.0244
8020,0.0526
8021,0.0353
8022,0.019
8023,0.0593
8024,0.0157
8025,0.1095
8026,0.0305
8027,0.036
8028,0.0143
8029,0.0291
8030,0.0816
8031,0.1055
8032,0.0211
8033,0.0318
8034,0.0439
8035,0.5387
8036,0.0559
8037,0.0884
8038,0.0371
8039,0.0403
8040,0.0539
8041,0.0624
8042,0.4503
8043,0.0311
8044,0.018
8045,0.0435
8046,0.1056
8047,0.0177
8048,0.1032
8049,0.0439
8050,0.0306
8051,0.0454
8052,0.3733
8053,0.0269
8054,0.0251
8055,0.0092
8056,0.0164
8057,0.0588
8058,0.0091
8059,0.0267
8060,0.268
8061,0.0663
8062,0.0527
8063,0.128
8064,0.0874
8065,0.0729
8066,0.0634
8067,0.0502
8068,0.2123
8069,0.2389
8070,0.1224
8071,0.0053
8072,0.005
8073,0.04
8074,0.014
8075,0.0176
8076,0.0209
8077,0.0112
8078,0.0182
8079,0.0065
8080,0.0145
8081,0.01
8082,0.0196
8083,0.0097
8084,0.0205
8085,0.0599
8086,0.0499
8087,0.1047
8088,0.0947
8089,0.1773
8090,0.0091
8091,0.0126
8092,0.0368
8093,0.0182
8094,0.0096
8095,0.0233
8096,0.0138
8097,0.0237
8098,0.0201
8099,0.0102
8100,0.0103
8101,0.0694
8102,0.0465
8103,0.0128
8104,0.0415
8105,0.0175
8106,0.0174
8107,0.011
8108,0.1033
8109,0.0282
8110,0.0545
8111,0.0118
8112,0.0065
8113,0.0079
8114,0.0196
8115,0.0105
8116,0.0621
8117,0.0083
8118,0.1438
8119,0.0525
8120,0.0629
8121,0.0526
8122,0.0143
8123,0.1097
8124,0.0281
8125,0.0081
8126,0.076
8127,0.0124
8128,0.0831
8129,0.0056
8130,0.1219
8131,0.0179
8132,0.016
8133,0.0264
8134,0.0243
8135,0.0097
8136,0.0093
8137,0.0081
8138,0.0267
8139,0.0089
8140,0.0087
8141,0.0421
8142,0.0513
8143,0.0287
8144,0.1844
8145,0.0262
8146,0.0055
8147,0.0169
8148,0.0241
8149,0.056
8150,0.0192
8151,0.0115
8152,0.0259
8153,0.027
8154,0.0162
8155,0.0983
8156,0.1344
8157,0.0112
8158,0.0178
8159,0.0918
8160,0.0111
8161,0.018
8162,0.0537
8163,0.0601
8164,0.0343
8165,0.0375
8166,0.0958
8167,0.048
8168,0.0392
8169,0.1161
8170,0.0581
8171,0.0683
8172,0.0451
8173,0.2557
8174,0.3557
8175,0.2863
8176,0.0553
8177,0.2684
8178,0.2449
8179,0.2688
8180,0.0508
8181,0.0221
8182,0.0248
8183,0.0853
8184,0.0124
8185,0.0466
8186,0.0146
8187,0.2469
8188,0.0275
8189,0.6424
8190,0.2608
8191,0.0314
8192,0.0558
8193,0.2517
8194,0.06
8195,0.0277
8196,0.0655
8197,0.049
8198,0.0181
8199,0.0158
8200,0.0389
8201,0.0966
8202,0.1355
8203,0.4733
8204,0.4202
8205,0.0361
8206,0.0898
8207,0.2764
8208,0.254
8209,0.0064
8210,0.0489
8211,0.0437
8212,0.0674
8213,0.0678
8214,0.039
8215,0.4198
8216,0.1351
8217,0.1567
8218,0.4211
8219,0.0813
8220,0.0248
8221,0.3911
8222,0.0584
8223,0.4374
8224,0.0599
8225,0.0443
8226,0.0362
8227,0.0447
8228,0.0359
8229,0.0958
8230,0.1152
8231,0.064
8232,0.0349
8233,0.0418
8234,0.0739
8235,0.3839
8236,0.0424
8237,0.0591
8238,0.0544
8239,0.0627
8240,0.0292
8241,0.0443
8242,0.0555
8243,0.0922
8244,0.0336
8245,0.0598
8246,0.1694
8247,0.4032
8248,0.0512
8249,0.0476
8250,0.0053
8251,0.0206
8252,0.4405
8253,0.1173
8254,0.0707
8255,0.4347
8256,0.2366
8257,0.0124
8258,0.0034
8259,0.0748
8260,0.037
8261,0.0217
8262,0.019
8263,0.0137
8264,0.0334
8265,0.0575
8266,0.0751
8267,0.0976
8268,0.1827
8269,0.4034
8270,0.0204
8271,0.0289
8272,0.0105
8273,0.0275
8274,0.0215
8275,0.0298
8276,0.2676
8277,0.0171
8278,0.0493
8279,0.0102
8280,0.057
8281,0.0534
8282,0.0225
8283,0.1327
8284,0.4454
8285,0.0449
8286,0.0617
8287,0.0138
8288,0.0228
8289,0.0355
8290,0.0451
8291,0.0085
8292,0.0238
8293,0.0041
8294,0.0948
8295,0.1493
8296,0.1055
8297,0.087
8298,0.0624
8299,0.0223
8300,0.0306
8301,0.0313
8302,0.0418
8303,0.0655
8304,0.0488
8305,0.1853
8306,0.0163
8307,0.0364
8308,0.0249
8309,0.0142
8310,0.0165
8311,0.0244
8312,0.0435
8313,0.0263
8314,0.06
8315,0.1678
8316,0.1623
8317,0.0484
8318,0.0417
8319,0.0355
8320,0.1069
8321,0.0705
8322,0.0179
8323,0.0592
8324,0.0123
8325,0.0073
8326,0.0272
8327,0.1313
8328,0.022
8329,0.0204
8330,0.0283
8331,0.0439
8332,0.0539
8333,0.2201
8334,0.1716
8335,0.198
8336,0.0534
8337,0.0407
8338,0.0195
8339,0.0553
8340,0.0519
8341,0.0146
8342,0.0917
8343,0.0445
8344,0.3767
8345,0.1122
8346,0.025
8347,0.1282
8348,0.0663
8349,0.0529
8350,0.0228
8351,0.0082
8352,0.0105
8353,0.0586
8354,0.0014
8355,0.0149
8356,0.0234
8357,0.0692
8358,0.0405
8359,0.0517
8360,0.0535
8361,0.0871
8362,0.363
8363,0.3741
8364,0.0571
8365,0.0237
8366,0.0707
8367,0.015
8368,0.0364
8369,0.0267
8370,0.0203
8371,0.0807
8372,0.0468
8373,0.1064
8374,0.0421
8375,0.1153
8376,0.0452
8377,0.0471
8378,0.0185
8379,0.0245
8380,0.1312
8381,0.0076
8382,0.0322
8383,0.0673
8384,0.0121
8385,0.0257
8386,0.0414
8387,0.0532
8388,0.0614
8389,0.2197
8390,0.0802
8391,0.2417
8392,0.1001
8393,0.107
8394,0.0117
8395,0.0753
8396,0.016
8397,0.0536
8398,0.01
8399,0.0322
8400,0.0907
8401,0.0286
8402,0.0227
8403,0.0607
8404,0.0467
8405,0.0691
8406,0.0919
8407,0.0351
8408,0.0643
8409,0.0077
8410,0.0323
8411,0.0564
8412,0.0382
8413,0.062
8414,0.0513
8415,0.1125
8416,0.3263
8417,0.0746
8418,0.0983
8419,0.0586
8420,0.2131
8421,0.0709
8422,0.0965
8423,0.0599
8424,0.0181
8425,0.2421
8426,0.0491
8427,0.083
8428,0.0643
8429,0.0879
8430,0.0211
8431,0.0284
8432,0.0215
8433,0.019
8434,0.0377
8435,0.1599
8436,0.0539
8437,0.0421
8438,0.0923
8439,0.3931
8440,0.0548
8441,0.0152
8442,0.2374
8443,0.0645
8444,0.2474
8445,0.2716
8446,0.063
8447,0.0192
8448,0.0418
8449,0.0372
8450,0.0815
8451,0.1679
8452,0.0492
8453,0.1545
8454,0.0946
8455,0.0745
8456,0.0126
8457,0.0184
8458,0.0454
8459,0.0526
8460,0.013
8461,0.1055
8462,0.1169
8463,0.1132
8464,0.0772
8465,0.035
8466,0.1136
8467,0.1725
8468,0.2527
8469,0.0655
8470,0.0077
8471,0.0424
8472,0.0551
8473,0.4096
8474,0.0486
8475,0.1022
8476,0.366
8477,0.2492
8478,0.0106
8479,0.0156
8480,0.012
8481,0.0289
8482,0.0465
8483,0.1425
8484,0.2345
8485,0.0094
8486,0.0633
8487,0.0623
8488,0.2242
8489,0.1111
8490,0.131
8491,0.2474
8492,0.3704
8493,0.0775
8494,0.051
8495,0.08
8496,0.0384
8497,0.2721
8498,0.8388
8499,0.0045
8500,0.0402
8501,0.399
8502,0.0155
8503,0.0542
8504,0.3538
8505,0.0166
8506,0.0367
8507,0.0712
8508,0.0175
8509,0.0427
8510,0.3779
8511,0.0304
8512,0.0637
8513,0.2375
8514,0.1579
8515,0.2382
8516,0.387
8517,0.2582
8518,0.0255
8519,0.2611
8520,0.2154
8521,0.1222
8522,0.7532
8523,0.427
8524,0.3656
8525,0.01
8526,0.0254
8527,0.1293
8528,0.0205
8529,0.0429
8530,0.0284
8531,0.0189
8532,0.0133
8533,0.0065
8534,0.0037
8535,0.0546
8536,0.0098
8537,0.0318
8538,0.0541
8539,0.0814
8540,0.0777
8541,0.0926
8542,0.0862
8543,0.2206
8544,0.2291
8545,0.0299
8546,0.1006
8547,0.172
8548,0.021
8549,0.2265
8550,0.9383
8551,0.8208
8552,0.4499
8553,0.0064
8554,0.0279
8555,0.0146
8556,0.0342
8557,0.3812
8558,0.0698
8559,0.0119
8560,0.0609
8561,0.0087
8562,0.0479
8563,0.0605
8564,0.0426
8565,0.0106
8566,0.3674
8567,0.0135
8568,0.0158
8569,0.0912
8570,0.0898
8571,0.0598
8572,0.051
8573,0.2314
8574,0.2129
8575,0.03
8576,0.2126
8577,0.1034
8578,0.2587
8579,0.8171
8580,0.7348
8581,0.5067
8582,0.0163
8583,0.2073
8584,0.0261
8585,0.1503
8586,0.0914
8587,0.2476
8588,0.0302
8589,0.0745
8590,0.0197
8591,0.0749
8592,0.0828
8593,0.123
8594,0.1409
8595,0.3965
8596,0.4036
8597,0.2286
8598,0.1264
8599,0.0766
8600,0.0545
8601,0.1108
8602,0.0389
8603,0.0323
8604,0.1379
8605,0.1367
8606,0.0637
8607,0.0993
8608,0.0278
8609,0.862
8610,0.8832
8611,1.0
8612,0.0934
8613,0.0398
8614,0.3813
8615,0.2611
8616,0.0161
8617,0.0203
8618,0.0343
8619,0.0792
8620,0.0358
8621,0.3519
8622,0.5819
8623,0.0626
8624,0.096
8625,0.0728
8626,0.1647
8627,0.072
8628,0.4169
8629,0.2308
8630,0.0436
8631,0.0881
8632,0.1211
8633,0.0966
8634,0.0422
8635,0.0258
8636,0.3768
8637,0.2789
8638,0.2571
8639,0.0767
8640,0.0263
8641,0.1
8642,0.0789
8643,0.2014
8644,0.0201
8645,0.036
8646,0.0329
8647,0.021
8648,0.0261
8649,0.0317
8650,0.0439
8651,0.2611
8652,0.4302
8653,0.3574
8654,0.2665
8655,0.1095
8656,0.1808
8657,0.1667
8658,0.409
8659,0.0645
8660,0.0286
8661,0.0323
8662,0.1269
8663,0.1536
8664,0.0868
8665,0.3073
8666,0.2646
8667,0.2525
8668,0.8867
8669,0.1124
8670,0.0179
8671,0.0997
8672,0.2298
8673,0.0237
8674,0.0465
8675,0.2428
8676,0.0545
8677,0.0334
8678,0.0301
8679,0.0506
8680,0.2126
8681,0.3745
8682,0.3706
8683,0.406
8684,0.3912
8685,0.1457
8686,0.1451
8687,0.2518
8688,0.0142
8689,0.0245
8690,0.1513
8691,0.0765
8692,0.0515
8693,0.2809
8694,0.363
8695,0.0435
8696,0.4508
8697,0.3668
8698,0.0059
8699,0.0711
8700,0.0979
8701,0.0788
8702,0.0503
8703,0.0125
8704,0.0301
8705,0.0605
8706,0.0782
8707,0.0767
8708,0.109
8709,0.3869
8710,0.7513
8711,0.4214
8712,0.3611
8713,0.4097
8714,0.0944
8715,0.0226
8716,0.0649
8717,0.0784
8718,0.113
8719,0.2532
8720,0.0655
8721,0.0281
8722,0.0617
8723,0.2049
8724,0.0128
8725,0.0054
8726,0.0349
8727,0.0866
8728,0.018
8729,0.0398
8730,0.0254
8731,0.0107
8732,0.0279
8733,0.0615
8734,0.0565
8735,0.0776
8736,0.2346
8737,0.2304
8738,0.3863
8739,0.4687
8740,0.45
8741,0.3678
8742,0.0969
8743,0.0045
8744,0.0415
8745,0.015
8746,0.0404
8747,0.0905
8748,0.0151
8749,0.0099
8750,0.0235
8751,0.636
8752,0.2183
8753,0.0166
8754,0.0488
8755,0.0366
8756,0.2053
8757,0.0274
8758,0.0387
8759,0.0206
8760,0.0314
8761,0.0139
8762,0.0119
8763,0.0315
8764,0.075
8765,0.0961
8766,0.3678
8767,0.3343
8768,0.2136
8769,0.6477
8770,0.373
8771,0.3933
8772,0.1215
8773,0.027
8774,0.0308
8775,0.0267
8776,0.0456
8777,0.034
8778,0.016
8779,0.0269
8780,0.0527
8781,0.4121
8782,0.2106
8783,0.3727
8784,0.0226
8785,0.0791
8786,0.0888
8787,0.1007
8788,0.158
8789,0.0291
8790,0.0259
8791,0.0502
8792,0.1333
8793,0.5878
8794,0.3869
8795,0.3843
8796,0.2357
8797,0.2459
8798,0.1776
8799,0.0752
8800,0.0297
8801,0.0188
8802,0.0203
8803,0.0272
8804,0.0229
8805,0.1135
8806,0.1132
8807,0.0672
8808,0.2366
8809,0.0246
8810,0.0552
8811,0.3533
8812,0.034
8813,0.0021
8814,0.0082
8815,0.0132
8816,0.1101
8817,0.1951
8818,0.0201
8819,0.1874
8820,0.2332
8821,0.0704
8822,0.0721
8823,0.0236
8824,0.0811
8825,0.0755
8826,0.0239
8827,0.1047
8828,0.0984
8829,0.036
8830,0.012
8831,0.3751
8832,0.0142
8833,0.0103
8834,0.075
8835,0.0089
8836,0.0437
8837,0.0385
8838,0.1135
8839,0.0363
8840,0.0409
8841,0.0054
8842,0.0394
8843,0.1651
8844,0.3475
8845,0.3483
8846,0.0761
8847,0.0089
8848,0.0277
8849,0.0194
8850,0.03
8851,0.0458
8852,0.0196
8853,0.055
8854,0.1201
8855,0.0162
8856,0.0242
8857,0.0159
8858,0.0231
8859,0.0153
8860,0.0064
8861,0.0284
8862,0.0751
8863,0.0832
8864,0.3674
8865,0.0177
8866,0.0145
8867,0.0216
8868,0.0609
8869,0.0956
8870,0.3519
8871,0.0602
8872,0.0158
8873,0.2141
8874,0.0199
8875,0.0143
8876,0.0642
8877,0.1088
8878,0.0516
8879,0.0105
8880,0.0119
8881,0.0155
8882,0.1856
8883,0.0191
8884,0.0278
8885,0.1228
8886,0.0573
8887,0.0333
8888,0.0159
8889,0.0285
8890,0.0517
8891,0.3604
8892,0.0213
8893,0.0056
8894,0.0231
8895,0.0222
8896,0.0287
8897,0.0548
8898,0.251
8899,0.054
8900,0.2441
8901,0.099
8902,0.0258
8903,0.0414
8904,0.0438
8905,0.0293
8906,0.1637
8907,0.0175
8908,0.1195
8909,0.0213
8910,0.0847
8911,0.0524
8912,0.0092
8913,0.0106
8914,0.261
8915,0.4305
8916,0.1883
8917,0.0487
8918,0.073
8919,0.041
8920,0.024
8921,0.0911
8922,0.0738
8923,0.0861
8924,0.8622
8925,0.0223
8926,0.0719
8927,0.0153
8928,0.0841
8929,0.086
8930,0.0176
8931,0.0301
8932,0.1481
8933,0.4063
8934,0.0586
8935,0.207
8936,0.0316
8937,0.0157
8938,0.0351
8939,0.0095
8940,0.0259
8941,0.0879
8942,0.0341
8943,0.0222
8944,0.0035
8945,0.056
8946,0.0391
8947,0.0193
8948,0.0208
8949,0.0634
8950,0.0156
8951,0.0958
8952,0.0312
8953,0.0385
8954,0.0162
8955,0.0293
8956,0.0849
8957,0.1045
8958,0.0243
8959,0.0282
8960,0.0448
8961,0.5611
8962,0.0597
8963,0.0891
8964,0.034
8965,0.0377
8966,0.0553
8967,0.0566
8968,0.0184
8969,0.4377
8970,0.0285
8971,0.003
8972,0.0079
8973,0.0169
8974,0.0486
8975,0.1083
8976,0.0172
8977,0.1059
8978,0.041
8979,0.0328
8980,0.0067
8981,0.0499
8982,0.3403
8983,0.031
8984,0.0317
8985,0.008
8986,0.0242
8987,0.0187
8988,0.0601
8989,0.0111
8990,0.0279
8991,0.0048
8992,0.214
8993,0.0677
8994,0.0115
8995,0.0181
8996,0.0118
8997,0.0089
8998,0.0566
8999,0.1296
9000,0.0887
9001,0.0761
9002,0.0608
9003,0.026
9004,0.0557
9005,0.0181
9006,0.0514
9007,0.2358
9008,0.1129
9009,0.0078
9010,0.0055
9011,0.036
9012,0.0176
9013,0.017
9014,0.0151
9015,0.0107
9016,0.0151
9017,0.0064
9018,0.0146
9019,0.0099
9020,0.0156
9021,0.02
9022,0.047
9023,0.0464
9024,0.115
9025,0.0091
9026,0.1057
9027,0.2426
9028,0.0223
9029,0.0159
9030,0.0179
9031,0.0136
9032,0.0196
9033,0.0245
9034,0.0099
9035,0.0244
9036,0.0089
9037,0.0115
9038,0.0637
9039,0.0328
9040,0.0096
9041,0.0445
9042,0.0153
9043,0.0196
9044,0.0105
9045,0.0999
9046,0.03
9047,0.056
9048,0.0088
9049,0.0073
9050,0.0182
9051,0.0085
9052,0.0595
9053,0.0082
9054,0.0149
9055,0.1548
9056,0.0536
9057,0.0626
9058,0.0507
9059,0.0986
9060,0.0246
9061,0.0091
9062,0.0765
9063,0.0132
9064,0.0828
9065,0.0084
9066,0.1151
9067,0.0168
9068,0.0257
9069,0.0219
9070,0.0242
9071,0.0249
9072,0.0174
9073,0.0126
9074,0.0122
9075,0.0101
9076,0.0118
9077,0.0241
9078,0.0093
9079,0.0066
9080,0.0376
9081,0.0538
9082,0.0319
9083,0.0042
9084,0.1629
9085,0.0206
9086,0.0261
9087,0.0289
9088,0.0059
9089,0.0169
9090,0.0223
9091,0.0596
9092,0.0245
9093,0.0266
9094,0.0259
9095,0.0104
9096,0.0303
9097,0.1109
9098,0.1336
9099,0.014
9100,0.0861
9101,0.0425
9102,0.0468
9103,0.0698
9104,0.035
9105,0.0312
9106,0.0528
9107,0.0247
9108,0.0957
9109,0.0501
9110,0.0067
9111,0.1116
9112,0.0543
9113,0.0727
9114,0.0435
9115,0.2746
9116,0.3541
9117,0.0172
9118,0.2763
9119,0.0554
9120,0.2085
9121,0.1011
9122,0.1511
9123,0.0507
9124,0.0219
9125,0.0918
9126,0.0171
9127,0.0397
9128,0.0147
9129,0.0129
9130,0.1692
9131,0.0273
9132,0.6419
9133,0.157
9134,0.0435
9135,0.0565
9136,0.1531
9137,0.0561
9138,0.0251
9139,0.0493
9140,0.0198
9141,0.0115
9142,0.0411
9143,0.1026
9144,0.1359
9145,0.479
9146,0.4219
9147,0.0454
9148,0.0966
9149,0.3862
9150,0.1837
9151,0.048
9152,0.0465
9153,0.0637
9154,0.0731
9155,0.0408
9156,0.4176
9157,0.1336
9158,0.2645
9159,0.4873
9160,0.1106
9161,0.0236
9162,0.4508
9163,0.0073
9164,0.0606
9165,0.3062
9166,0.0564
9167,0.0557
9168,0.0357
9169,0.0456
9170,0.0064
9171,0.0395
9172,0.0972
9173,0.1098
9174,0.0319
9175,0.0417
9176,0.2822
9177,0.3832
9178,0.0341
9179,0.0346
9180,0.0578
9181,0.0569
9182,0.0745
9183,0.0287
9184,0.0484
9185,0.0489
9186,0.0781
9187,0.066
9188,0.1651
9189,0.0559
9190,0.3677
9191,0.0493
9192,0.0464
9193,0.0203
9194,0.0164
9195,0.0136
9196,0.0155
9197,0.0187
9198,0.0142
9199,0.3864
9200,0.1246
9201,0.0711
9202,0.4106
9203,0.2974
9204,0.0744
9205,0.0388
9206,0.0142
9207,0.0209
9208,0.0144
9209,0.0366
9210,0.0116
9211,0.063
9212,0.0732
9213,0.1
9214,0.3939
9215,0.4122
9216,0.0207
9217,0.0232
9218,0.0415
9219,0.011
9220,0.0059
9221,0.0252
9222,0.0198
9223,0.0348
9224,0.1848
9225,0.0159
9226,0.0512
9227,0.0099
9228,0.0542
9229,0.1292
9230,0.4072
9231,0.0375
9232,0.0576
9233,0.0129
9234,0.0229
9235,0.037
9236,0.0427
9237,0.017
9238,0.0298
9239,0.1059
9240,0.1536
9241,0.1031
9242,0.1889
9243,0.0629
9244,0.0217
9245,0.0291
9246,0.0298
9247,0.0442
9248,0.0596
9249,0.049
9250,0.198
9251,0.0153
9252,0.0345
9253,0.0272
9254,0.0142
9255,0.0216
9256,0.0262
9257,0.0424
9258,0.1321
9259,0.021
9260,0.0264
9261,0.0566
9262,0.1557
9263,0.1701
9264,0.0535
9265,0.0407
9266,0.0344
9267,0.111
9268,0.0721
9269,0.015
9270,0.0099
9271,0.0271
9272,0.1255
9273,0.0244
9274,0.0208
9275,0.0276
9276,0.0521
9277,0.0576
9278,0.2109
9279,0.0707
9280,0.2082
9281,0.0503
9282,0.0452
9283,0.0202
9284,0.0556
9285,0.0505
9286,0.0972
9287,0.0467
9288,0.5217
9289,0.1208
9290,0.0276
9291,0.0132
9292,0.1205
9293,0.0626
9294,0.0537
9295,0.0221
9296,0.0096
9297,0.0616
9298,0.007
9299,0.0169
9300,0.0267
9301,0.0599
9302,0.0403
9303,0.0524
9304,0.0544
9305,0.0945
9306,0.1859
9307,0.3793
9308,0.0561
9309,0.0229
9310,0.0739
9311,0.019
9312,0.0381
9313,0.0252
9314,0.0775
9315,0.0495
9316,0.1065
9317,0.0365
9318,0.115
9319,0.0444
9320,0.0485
9321,0.0353
9322,0.0198
9323,0.0233
9324,0.1235
9325,0.0325
9326,0.0688
9327,0.0134
9328,0.0206
9329,0.0386
9330,0.0584
9331,0.054
9332,0.2177
9333,0.08
9334,0.1389
9335,0.0922
9336,0.1077
9337,0.0123
9338,0.0847
9339,0.014
9340,0.0542
9341,0.034
9342,0.0847
9343,0.0312
9344,0.0219
9345,0.0631
9346,0.0444
9347,0.0601
9348,0.0895
9349,0.0339
9350,0.0688
9351,0.0295
9352,0.0297
9353,0.0238
9354,0.0538
9355,0.0164
9356,0.0406
9357,0.0726
9358,0.0494
9359,0.1084
9360,0.3625
9361,0.0833
9362,0.0999
9363,0.061
9364,0.0775
9365,0.0709
9366,0.103
9367,0.0633
9368,0.0115
9369,0.0175
9370,0.2497
9371,0.0512
9372,0.0867
9373,0.0654
9374,0.0853
9375,0.0199
9376,0.0259
9377,0.0191
9378,0.0394
9379,0.1603
9380,0.055
9381,0.0397
9382,0.0904
9383,0.464
9384,0.059
9385,0.013
9386,0.2266
9387,0.0544
9388,0.2384
9389,0.2762
9390,0.0671
9391,0.0145
9392,0.0463
9393,0.0618
9394,0.1665
9395,0.0486
9396,0.2343
9397,0.0931
9398,0.0775
9399,0.0122
9400,0.0144
9401,0.0426
9402,0.0522
9403,0.0144
9404,0.0997
9405,0.1189
9406,0.1229
9407,0.071
9408,0.034
9409,0.1119
9410,0.2368
9411,0.2534
9412,0.0674
9413,0.0108
9414,0.0408
9415,0.0286
9416,0.0105
9417,0.0523
9418,0.4178
9419,0.0499
9420,0.1058
9421,0.3642
9422,0.1659
9423,0.0103
9424,0.0176
9425,0.0133
9426,0.0138
9427,0.0328
9428,0.041
9429,0.1517
9430,0.2334
9431,0.0615
9432,0.0651
9433,0.2259
9434,0.2132
9435,0.1399
9436,0.2523
9437,0.3643
9438,0.0875
9439,0.0155
9440,0.0506
9441,0.0886
9442,0.0402
9443,0.2532
9444,0.8557
9445,0.0069
9446,0.0395
9447,0.3743
9448,0.0156
9449,0.0527
9450,0.2662
9451,0.0167
9452,0.0336
9453,0.0689
9454,0.018
9455,0.0416
9456,0.0027
9457,0.2657
9458,0.0288
9459,0.0652
9460,0.2405
9461,0.1395
9462,0.2363
9463,0.3771
9464,0.2624
9465,0.0237
9466,0.1584
9467,0.2192
9468,0.2213
9469,0.7005
9470,0.4016
9471,0.2884
9472,0.0229
9473,0.12
9474,0.0211
9475,0.046
9476,0.0323
9477,0.0182
9478,0.017
9479,0.0095
9480,0.0534
9481,0.0088
9482,0.0088
9483,0.032
9484,0.0539
9485,0.0736
9486,0.0688
9487,0.0919
9488,0.0878
9489,0.1362
9490,0.2348
9491,0.0279
9492,0.0979
9493,0.2616
9494,0.0209
9495,0.0458
9496,0.9512
9497,0.8122
9498,0.5218
9499,0.0053
9500,0.0278
9501,0.0173
9502,0.0511
9503,0.3625
9504,0.0713
9505,0.0157
9506,0.0639
9507,0.0092
9508,0.0524
9509,0.0587
9510,0.0397
9511,0.0112
9512,0.3871
9513,0.0157
9514,0.0159
9515,0.0896
9516,0.0937
9517,0.0591
9518,0.0511
9519,0.2145
9520,0.2191
9521,0.3768
9522,0.102
9523,0.0956
9524,0.7863
9525,0.7803
9526,0.488
9527,0.0148
9528,0.0514
9529,0.0247
9530,0.0115
9531,0.2574
9532,0.096
9533,0.2527
9534,0.0323
9535,0.0728
9536,0.0159
9537,0.0761
9538,0.0771
9539,0.123
9540,0.1424
9541,0.4153
9542,0.2682
9543,0.1283
9544,0.1229
9545,0.0717
9546,0.056
9547,0.1166
9548,0.0401
9549,0.0323
9550,0.0269
9551,0.1357
9552,0.2247
9553,0.0616
9554,0.1039
9555,0.0298
9556,0.8669
9557,0.9273
9558,1.0
9559,0.0606
9560,0.0389
9561,0.2231
9562,0.0161
9563,0.2788
9564,0.0238
9565,0.0075
9566,0.0186
9567,0.0197
9568,0.0365
9569,0.0816
9570,0.0401
9571,0.3481
9572,0.5622
9573,0.0614
9574,0.0985
9575,0.0707
9576,0.1601
9577,0.075
9578,0.3875
9579,0.0953
9580,0.0421
9581,0.0919
9582,0.1067
9583,0.0925
9584,0.0423
9585,0.0264
9586,0.3793
9587,0.4134
9588,0.2504
9589,0.0733
9590,0.0264
9591,0.0943
9592,0.0835
9593,0.2626
9594,0.0235
9595,0.0375
9596,0.031
9597,0.0219
9598,0.0283
9599,0.0337
9600,0.0461
9601,0.3842
9602,0.3812
9603,0.3531
9604,0.2649
9605,0.1158
9606,0.175
9607,0.2317
9608,0.3943
9609,0.0574
9610,0.0293
9611,0.0367
9612,0.0312
9613,0.2191
9614,0.1515
9615,0.0925
9616,0.3058
9617,0.2054
9618,0.2575
9619,0.8959
9620,0.1017
9621,0.2206
9622,0.246
9623,0.0257
9624,0.0401
9625,0.3634
9626,0.0525
9627,0.0432
9628,0.0302
9629,0.0503
9630,0.2102
9631,0.3533
9632,0.2576
9633,0.4193
9634,0.3725
9635,0.1464
9636,0.214
9637,0.3562
9638,0.0129
9639,0.0291
9640,0.2427
9641,0.0756
9642,0.0494
9643,0.3969
9644,0.243
9645,0.0405
9646,0.4438
9647,0.3686
9648,0.0041
9649,0.0623
9650,0.0927
9651,0.0768
9652,0.0466
9653,0.0122
9654,0.0159
9655,0.0288
9656,0.0588
9657,0.082
9658,0.0833
9659,0.1098
9660,0.3724
9661,0.64
9662,0.4052
9663,0.3812
9664,0.3802
9665,0.0975
9666,0.0245
9667,0.0695
9668,0.0731
9669,0.2081
9670,0.2488
9671,0.0598
9672,0.0271
9673,0.0632
9674,0.2064
9675,0.0131
9676,0.0086
9677,0.04
9678,0.0949
9679,0.0239
9680,0.0151
9681,0.0397
9682,0.0277
9683,0.009
9684,0.0289
9685,0.0606
9686,0.0559
9687,0.0749
9688,0.2281
9689,0.2242
9690,0.3603
9691,0.438
9692,0.4548
9693,0.36
9694,0.0951
9695,0.0429
9696,0.0226
9697,0.0408
9698,0.0957
9699,0.0129
9700,0.0244
9701,0.5696
9702,0.0428
9703,0.0255
9704,0.1977
9705,0.0318
9706,0.213
9707,0.0377
9708,0.0241
9709,0.0245
9710,0.0154
9711,0.0106
9712,0.0319
9713,0.0681
9714,0.0992
9715,0.3848
9716,0.337
9717,0.2132
9718,0.6268
9719,0.36
9720,0.3824
9721,0.1235
9722,0.033
9723,0.0271
9724,0.0475
9725,0.0277
9726,0.0149
9727,0.0217
9728,0.0527
9729,0.3806
9730,0.2074
9731,0.3789
9732,0.0228
9733,0.0809
9734,0.1039
9735,0.1076
9736,0.1594
9737,0.0308
9738,0.0268
9739,0.047
9740,0.1413
9741,0.5464
9742,0.3726
9743,0.3898
9744,0.2329
9745,0.3649
9746,0.185
9747,0.0723
9748,0.0326
9749,0.0222
9750,0.0202
9751,0.0087
9752,0.0308
9753,0.0183
9754,0.112
9755,0.115
9756,0.0698
9757,0.2349
9758,0.025
9759,0.069
9760,0.01
9761,0.2357
9762,0.0325
9763,0.0089
9764,0.0111
9765,0.1063
9766,0.1183
9767,0.0215
9768,0.0045
9769,0.1825
9770,0.2263
9771,0.0676
9772,0.0702
9773,0.0779
9774,0.0817
9775,0.0269
9776,0.0894
9777,0.1046
9778,0.0445
9779,0.0098
9780,0.2159
9781,0.0128
9782,0.0096
9783,0.0133
9784,0.0705
9785,0.0415
9786,0.0341
9787,0.1117
9788,0.0319
9789,0.0402
9790,0.0051
9791,0.0402
9792,0.2264
9793,0.3452
9794,0.3575
9795,0.0765
9796,0.0101
9797,0.0311
9798,0.0166
9799,0.028
9800,0.0453
9801,0.0189
9802,0.0583
9803,0.1099
9804,0.0163
9805,0.0228
9806,0.0162
9807,0.0249
9808,0.0172
9809,0.0118
9810,0.0214
9811,0.074
9812,0.0793
9813,0.3168
9814,0.0127
9815,0.018
9816,0.022
9817,0.0595
9818,0.1001
9819,0.2311
9820,0.0698
9821,0.0143
9822,0.2032
9823,0.0173
9824,0.0658
9825,0.1054
9826,0.0515
9827,0.0114
9828,0.0109
9829,0.0122
9830,0.1917
9831,0.02
9832,0.0255
9833,0.1188
9834,0.0562
9835,0.0337
9836,0.0147
9837,0.0281
9838,0.0517
9839,0.3786
9840,0.023
9841,0.0049
9842,0.0251
9843,0.0277
9844,0.0556
9845,0.2438
9846,0.0537
9847,0.2521
9848,0.0998
9849,0.0291
9850,0.0414
9851,0.0477
9852,0.0302
9853,0.2158
9854,0.0137
9855,0.1235
9856,0.0203
9857,0.0861
9858,0.0504
9859,0.0085
9860,0.0108
9861,0.4059
9862,0.4214
9863,0.1848
9864,0.047
9865,0.0074
9866,0.0815
9867,0.0344
9868,0.0275
9869,0.0955
9870,0.0836
9871,0.0891
9872,0.8826
9873,0.0213
9874,0.0706
9875,0.0854
9876,0.0824
9877,0.0173
9878,0.0317
9879,0.1304
9880,0.3182
9881,0.0543
9882,0.2138
9883,0.0333
9884,0.0426
9885,0.0101
9886,0.0259
9887,0.0764
9888,0.0302
9889,0.0246
9890,0.0568
9891,0.0375
9892,0.0168
9893,0.0589
9894,0.0192
9895,0.1108
9896,0.0307
9897,0.038
9898,0.0134
9899,0.0298
9900,0.0906
9901,0.106
9902,0.0468
9903,0.5741
9904,0.0557
9905,0.0898
9906,0.0373
9907,0.0596
9908,0.0537
9909,0.0179
9910,0.4095
9911,0.0299
9912,0.0044
9913,0.0052
9914,0.0447
9915,0.1058
9916,0.0171
9917,0.0108
9918,0.1052
9919,0.042
9920,0.0242
9921,0.0485
9922,0.3958
9923,0.0324
9924,0.0268
9925,0.0207
9926,0.0199
9927,0.0604
9928,0.0296
9929,0.0055
9930,0.2449
9931,0.0665
9932,0.0135
9933,0.016
9934,0.0118
9935,0.0556
9936,0.1281
9937,0.0904
9938,0.0728
9939,0.063
9940,0.0258
9941,0.0538
9942,0.0507
9943,0.2375
9944,0.1201
9945,0.0133
9946,0.0389
9947,0.0143
9948,0.0181
9949,0.0133
9950,0.0138
9951,0.0069
9952,0.0082
9953,0.0181
9954,0.0088
9955,0.0187
9956,0.0547
9957,0.046
9958,0.1099
9959,0.0127
9960,0.0112
9961,0.217
9962,0.1921
9963,0.0071
9964,0.0085
9965,0.024
9966,0.0346
9967,0.0162
9968,0.008
9969,0.0177
9970,0.0229
9971,0.0104
9972,0.0247
9973,0.0203
9974,0.0112
9975,0.0096
9976,0.0161
9977,0.029
9978,0.0432
9979,0.0177
9980,0.0115
9981,0.109
9982,0.0272
9983,0.0561
9984,0.0207
9985,0.0099
9986,0.0652
9987,0.015
9988,0.013
9989,0.1319
9990,0.0536
9991,0.062
9992,0.0483
9993,0.0145
9994,0.087
9995,0.027
9996,0.0112
9997,0.0098
9998,0.076
9999,0.0817
10000,0.0073
10001,0.1201
10002,0.014
10003,0.0131
10004,0.0252
10005,0.0244
10006,0.0267
10007,0.0083
10008,0.0092
10009,0.0098
10010,0.0256
10011,0.0065
10012,0.0066
10013,0.0361
10014,0.0488
10015,0.031
10016,0.1771
10017,0.019
10018,0.0253
10019,0.0063
10020,0.0188
10021,0.0213
10022,0.0542
10023,0.0191
10024,0.0102
10025,0.0258
10026,0.0125
10027,0.0111
10028,0.0262
10029,0.127
10030,0.1216
10031,0.0888
10032,0.0179
10033,0.0313
10034,0.0344
10035,0.2338
10036,0.0675
10037,0.0326
10038,0.0316
10039,0.0489
10040,0.049
10041,0.0722
10042,0.0353
10043,0.0318
10044,0.0255
10045,0.1111
10046,0.0674
10047,0.0453
10048,0.3232
10049,0.341
10050,0.0296
10051,0.0337
10052,0.0309
10053,0.013
10054,0.282
10055,0.0687
10056,0.2471
10057,0.0899
10058,0.2665
10059,0.0586
10060,0.0192
10061,0.0598
10062,0.0494
10063,0.0141
10064,0.1234
10065,0.0304
10066,0.5716
10067,0.2479
10068,0.0359
10069,0.0654
10070,0.2225
10071,0.0552
10072,0.006
10073,0.056
10074,0.054
10075,0.0154
10076,0.0445
10077,0.0853
10078,0.2606
10079,0.4738
10080,0.4401
10081,0.0867
10082,0.1242
10083,0.2473
10084,0.0082
10085,0.0191
10086,0.0485
10087,0.0671
10088,0.0213
10089,0.0836
10090,0.4449
10091,0.1286
10092,0.2626
10093,0.4336
10094,0.1017
10095,0.0228
10096,0.4046
10097,0.0529
10098,0.3127
10099,0.0484
10100,0.0533
10101,0.0383
10102,0.0465
10103,0.0343
10104,0.2011
10105,0.1142
10106,0.0389
10107,0.034
10108,0.2099
10109,0.2627
10110,0.0372
10111,0.0344
10112,0.0569
10113,0.0505
10114,0.0777
10115,0.0313
10116,0.0408
10117,0.0466
10118,0.0842
10119,0.0322
10120,0.0703
10121,0.1521
10122,0.0505
10123,0.272
10124,0.0187
10125,0.0392
10126,0.0453
10127,0.0123
10128,0.0152
10129,0.0113
10130,0.017
10131,0.4001
10132,0.108
10133,0.0715
10134,0.4142
10135,0.3217
10136,0.0741
10137,0.0401
10138,0.012
10139,0.0164
10140,0.0238
10141,0.0055
10142,0.0291
10143,0.0081
10144,0.0069
10145,0.0738
10146,0.0745
10147,0.1012
10148,0.2768
10149,0.4428
10150,0.0222
10151,0.0248
10152,0.0482
10153,0.0101
10154,0.0113
10155,0.0254
10156,0.0169
10157,0.0333
10158,0.2855
10159,0.0159
10160,0.047
10161,0.0623
10162,0.0291
10163,0.1342
10164,0.3608
10165,0.0473
10166,0.0597
10167,0.0126
10168,0.0235
10169,0.0357
10170,0.0462
10171,0.0092
10172,0.0268
10173,0.0107
10174,0.1082
10175,0.1404
10176,0.0856
10177,0.0692
10178,0.0642
10179,0.0208
10180,0.0381
10181,0.0436
10182,0.0443
10183,0.077
10184,0.0551
10185,0.1984
10186,0.0192
10187,0.0421
10188,0.0302
10189,0.0206
10190,0.0187
10191,0.0262
10192,0.0487
10193,0.0069
10194,0.1209
10195,0.0201
10196,0.0606
10197,0.2665
10198,0.2593
10199,0.051
10200,0.0344
10201,0.0353
10202,0.1088
10203,0.0627
10204,0.0166
10205,0.0265
10206,0.1384
10207,0.0288
10208,0.0263
10209,0.0313
10210,0.0502
10211,0.0634
10212,0.2278
10213,0.1762
10214,0.2139
10215,0.064
10216,0.0494
10217,0.0224
10218,0.0595
10219,0.0596
10220,0.0881
10221,0.047
10222,0.4087
10223,0.124
10224,0.0235
10225,0.0955
10226,0.0535
10227,0.0496
10228,0.01
10229,0.0725
10230,0.0236
10231,0.0106
10232,0.0209
10233,0.026
10234,0.0811
10235,0.044
10236,0.0569
10237,0.0583
10238,0.1025
10239,0.3727
10240,0.3712
10241,0.0665
10242,0.025
10243,0.0802
10244,0.0207
10245,0.0471
10246,0.0101
10247,0.0132
10248,0.0781
10249,0.0328
10250,0.1025
10251,0.0297
10252,0.1093
10253,0.036
10254,0.0451
10255,0.0287
10256,0.014
10257,0.0173
10258,0.1334
10259,0.0072
10260,0.0328
10261,0.0506
10262,0.0148
10263,0.0182
10264,0.0418
10265,0.061
10266,0.0604
10267,0.1323
10268,0.0932
10269,0.1554
10270,0.1161
10271,0.1224
10272,0.0156
10273,0.0837
10274,0.0146
10275,0.0583
10276,0.013
10277,0.0302
10278,0.0904
10279,0.0269
10280,0.021
10281,0.0552
10282,0.0364
10283,0.0112
10284,0.0538
10285,0.0776
10286,0.0292
10287,0.0591
10288,0.0081
10289,0.0239
10290,0.0288
10291,0.0627
10292,0.0215
10293,0.0416
10294,0.0884
10295,0.0589
10296,0.1357
10297,0.3644
10298,0.0891
10299,0.106
10300,0.064
10301,0.0817
10302,0.0769
10303,0.1095
10304,0.065
10305,0.0154
10306,0.3774
10307,0.0522
10308,0.0768
10309,0.0548
10310,0.077
10311,0.0134
10312,0.0223
10313,0.0101
10314,0.0172
10315,0.046
10316,0.3122
10317,0.0626
10318,0.0469
10319,0.0966
10320,0.7764
10321,0.0639
10322,0.0146
10323,0.1043
10324,0.0605
10325,0.2471
10326,0.2819
10327,0.0689
10328,0.0173
10329,0.039
10330,0.0907
10331,0.2156
10332,0.0379
10333,0.1454
10334,0.0807
10335,0.0594
10336,0.0054
10337,0.0193
10338,0.0206
10339,0.0657
10340,0.0598
10341,0.0143
10342,0.1106
10343,0.129
10344,0.1257
10345,0.0855
10346,0.0405
10347,0.1015
10348,0.2401
10349,0.2556
10350,0.063
10351,0.0106
10352,0.0422
10353,0.0249
10354,0.0088
10355,0.0602
10356,0.4154
10357,0.0457
10358,0.1141
10359,0.3751
10360,0.2431
10361,0.0154
10362,0.0142
10363,0.0455
10364,0.0581
10365,0.1552
10366,0.2501
10367,0.0657
10368,0.0679
10369,0.2207
10370,0.1295
10371,0.1285
10372,0.2484
10373,0.3854
10374,0.0914
10375,0.0091
10376,0.0146
10377,0.0553
10378,0.079
10379,0.0389
10380,0.189
10381,0.7959
10382,0.0063
10383,0.0321
10384,0.3876
10385,0.0133
10386,0.0465
10387,0.2487
10388,0.0097
10389,0.0201
10390,0.0524
10391,0.0811
10392,0.024
10393,0.0464
10394,0.3898
10395,0.0361
10396,0.0713
10397,0.2472
10398,0.1211
10399,0.2417
10400,0.3773
10401,0.2656
10402,0.0234
10403,0.3899
10404,0.2145
10405,0.2185
10406,0.669
10407,0.2816
10408,0.3869
10409,0.0171
10410,0.1152
10411,0.0214
10412,0.0472
10413,0.0132
10414,0.0088
10415,0.0136
10416,0.0591
10417,0.0082
10418,0.01
10419,0.0331
10420,0.0597
10421,0.0821
10422,0.0809
10423,0.0859
10424,0.0884
10425,0.2175
10426,0.1069
10427,0.0222
10428,0.0855
10429,0.2546
10430,0.0206
10431,0.041
10432,0.9938
10433,0.761
10434,0.5353
10435,0.0044
10436,0.0245
10437,0.0156
10438,0.0493
10439,0.379
10440,0.0721
10441,0.0618
10442,0.011
10443,0.0649
10444,0.0678
10445,0.0507
10446,0.0111
10447,0.4077
10448,0.0173
10449,0.0177
10450,0.0986
10451,0.0909
10452,0.0609
10453,0.0576
10454,0.2278
10455,0.2155
10456,0.0068
10457,0.0275
10458,0.3831
10459,0.0946
10460,0.0898
10461,0.7854
10462,0.7165
10463,0.5055
10464,0.0127
10465,0.0495
10466,0.0222
10467,0.1531
10468,0.0866
10469,0.2603
10470,0.0259
10471,0.0669
10472,0.0179
10473,0.0831
10474,0.0894
10475,0.1305
10476,0.1593
10477,0.3901
10478,0.3881
10479,0.2507
10480,0.1329
10481,0.0796
10482,0.0571
10483,0.1065
10484,0.0437
10485,0.0351
10486,0.1361
10487,0.2251
10488,0.0749
10489,0.0862
10490,0.0271
10491,0.8516
10492,0.9461
10493,1.0
10494,0.0845
10495,0.0375
10496,0.2032
10497,0.2772
10498,0.024
10499,0.0172
10500,0.0228
10501,0.0394
10502,0.0887
10503,0.0422
10504,0.3592
10505,0.7853
10506,0.075
10507,0.1029
10508,0.0818
10509,0.1662
10510,0.0756
10511,0.4329
10512,0.1043
10513,0.044
10514,0.0937
10515,0.1014
10516,0.0876
10517,0.0423
10518,0.0224
10519,0.4073
10520,0.4146
10521,0.2429
10522,0.069
10523,0.0239
10524,0.0835
10525,0.0774
10526,0.3617
10527,0.019
10528,0.0316
10529,0.0363
10530,0.0218
10531,0.0375
10532,0.0426
10533,0.3785
10534,0.4062
10535,0.3941
10536,0.2721
10537,0.1127
10538,0.2666
10539,0.1708
10540,0.385
10541,0.052
10542,0.0274
10543,0.0338
10544,0.0348
10545,0.1274
10546,0.1517
10547,0.0838
10548,0.2977
10549,0.391
10550,0.2468
10551,0.9146
10552,0.2118
10553,0.2196
10554,0.241
10555,0.0339
10556,0.2486
10557,0.0597
10558,0.0326
10559,0.0304
10560,0.0519
10561,0.2349
10562,0.3525
10563,0.3832
10564,0.4388
10565,0.3912
10566,0.1454
10567,0.229
10568,0.2454
10569,0.0113
10570,0.1473
10571,0.0795
10572,0.0526
10573,0.3904
10574,0.1894
10575,0.0379
10576,0.467
10577,0.361
10578,0.0007
10579,0.0643
10580,0.0914
10581,0.0776
10582,0.0161
10583,0.0288
10584,0.0558
10585,0.0788
10586,0.0807
10587,0.2147
10588,0.3734
10589,0.6812
10590,0.3825
10591,0.3719
10592,0.4168
10593,0.1014
10594,0.0187
10595,0.0661
10596,0.0791
10597,0.1107
10598,0.2489
10599,0.0659
10600,0.0265
10601,0.0733
10602,0.1052
10603,0.01
10604,0.0314
10605,0.0905
10606,0.0213
10607,0.0115
10608,0.0335
10609,0.0214
10610,0.0107
10611,0.0286
10612,0.0629
10613,0.0584
10614,0.0767
10615,0.394
10616,0.2311
10617,0.3639
10618,0.5042
10619,0.4576
10620,0.368
10621,0.1029
10622,0.0077
10623,0.0229
10624,0.0385
10625,0.0936
10626,0.0145
10627,0.0125
10628,0.0242
10629,0.67
10630,0.0401
10631,0.0205
10632,0.2226
10633,0.0359
10634,0.0802
10635,0.0272
10636,0.0447
10637,0.0217
10638,0.0314
10639,0.0167
10640,0.0125
10641,0.0348
10642,0.0795
10643,0.1075
10644,0.4079
10645,0.3673
10646,0.129
10647,0.8283
10648,0.3762
10649,0.3767
10650,0.2214
10651,0.0355
10652,0.0315
10653,0.0262
10654,0.0442
10655,0.0367
10656,0.0275
10657,0.0574
10658,0.3683
10659,0.085
10660,0.3935
10661,0.1795
10662,0.0823
10663,0.0945
10664,0.1024
10665,0.1663
10666,0.0357
10667,0.0273
10668,0.0522
10669,0.1329
10670,0.692
10671,0.3803
10672,0.4249
10673,0.3874
10674,0.2455
10675,0.174
10676,0.0735
10677,0.0355
10678,0.0194
10679,0.0303
10680,0.0213
10681,0.1082
10682,0.107
10683,0.0709
10684,0.393
10685,0.0208
10686,0.0496
10687,0.0119
10688,0.2315
10689,0.0292
10690,0.1123
10691,0.1255
10692,0.0266
10693,0.2121
10694,0.2338
10695,0.0762
10696,0.0798
10697,0.03
10698,0.0921
10699,0.0821
10700,0.0284
10701,0.1078
10702,0.099
10703,0.0362
10704,0.008
10705,0.2563
10706,0.017
10707,0.0085
10708,0.0126
10709,0.08
10710,0.0056
10711,0.0333
10712,0.0334
10713,0.1234
10714,0.0323
10715,0.0419
10716,0.0045
10717,0.0437
10718,0.1742
10719,0.3737
10720,0.3728
10721,0.0762
10722,0.0111
10723,0.0133
10724,0.0178
10725,0.031
10726,0.045
10727,0.0176
10728,0.0553
10729,0.1051
10730,0.0164
10731,0.0198
10732,0.0164
10733,0.0221
10734,0.0131
10735,0.0254
10736,0.0773
10737,0.0846
10738,0.3565
10739,0.0119
10740,0.0159
10741,0.1865
10742,0.0638
10743,0.1019
10744,0.3594
10745,0.08
10746,0.0149
10747,0.1028
10748,0.0235
10749,0.0122
10750,0.0587
10751,0.0918
10752,0.0414
10753,0.0162
10754,0.0125
10755,0.0128
10756,0.0127
10757,0.1913
10758,0.0234
10759,0.0214
10760,0.1191
10761,0.0618
10762,0.0386
10763,0.0196
10764,0.0286
10765,0.0586
10766,0.2664
10767,0.0184
10768,0.006
10769,0.0175
10770,0.0262
10771,0.0277
10772,0.0539
10773,0.2481
10774,0.0557
10775,0.2465
10776,0.0966
10777,0.027
10778,0.0373
10779,0.0384
10780,0.0278
10781,0.3621
10782,0.1018
10783,0.0213
10784,0.0753
10785,0.0552
10786,0.0093
10787,0.0116
10788,0.4005
10789,0.4943
10790,0.1894
10791,0.0598
10792,0.0711
10793,0.0427
10794,0.0323
10795,0.0962
10796,0.078
10797,0.0757
10798,0.972
10799,0.0177
10800,0.0573
10801,0.0736
10802,0.0756
10803,0.0152
10804,0.0279
10805,0.1322
10806,0.389
10807,0.0524
10808,0.1088
10809,0.0278
10810,0.0332
10811,0.0218
10812,0.08
10813,0.0314
10814,0.0203
10815,0.0564
10816,0.0358
10817,0.0559
10818,0.0171
10819,0.0938
10820,0.0265
10821,0.0381
10822,0.0145
10823,0.0302
10824,0.0656
10825,0.0933
10826,0.0196
10827,0.026
10828,0.0376
10829,0.572
10830,0.0566
10831,0.0825
10832,0.0381
10833,0.038
10834,0.0524
10835,0.0502
10836,0.0099
10837,0.0187
10838,0.3968
10839,0.0268
10840,0.0029
10841,0.0414
10842,0.1028
10843,0.1059
10844,0.0314
10845,0.031
10846,0.0424
10847,0.3716
10848,0.0217
10849,0.0203
10850,0.0153
10851,0.0526
10852,0.033
10853,0.0063
10854,0.1324
10855,0.0717
10856,0.0036
10857,0.0199
10858,0.0549
10859,0.1229
10860,0.0863
10861,0.0681
10862,0.0602
10863,0.0225
10864,0.0477
10865,0.0484
10866,0.1658
10867,0.1245
10868,0.0087
10869,0.0103
10870,0.0135
10871,0.0178
10872,0.022
10873,0.0136
10874,0.0171
10875,0.0065
10876,0.0102
10877,0.0121
10878,0.0192
10879,0.0144
10880,0.0202
10881,0.0517
10882,0.0492
10883,0.1102
10884,0.0048
10885,0.0144
10886,0.0923
10887,0.225
10888,0.0268
10889,0.0118
10890,0.0337
10891,0.0136
10892,0.0076
10893,0.0218
10894,0.0231
10895,0.0098
10896,0.0121
10897,0.0276
10898,0.0097
10899,0.0077
10900,0.008
10901,0.0608
10902,0.0156
10903,0.0253
10904,0.0443
10905,0.0088
10906,0.1034
10907,0.0265
10908,0.0513
10909,0.0096
10910,0.0062
10911,0.025
10912,0.0053
10913,0.0463
10914,0.0092
10915,0.0115
10916,0.0073
10917,0.0123
10918,0.0136
10919,0.2282
10920,0.0455
10921,0.065
10922,0.0485
10923,0.0138
10924,0.0057
10925,0.006
10926,0.0835
10927,0.0246
10928,0.01
10929,0.0787
10930,0.0111
10931,0.0763
10932,0.0072
10933,0.209
10934,0.019
10935,0.012
10936,0.0226
10937,0.0217
10938,0.0072
10939,0.0087
10940,0.0094
10941,0.0095
10942,0.0108
10943,0.0301
10944,0.0111
10945,0.0433
10946,0.0516
10947,0.0289
10948,0.2175
10949,0.0161
10950,0.0243
10951,0.0044
10952,0.0178
10953,0.0212
10954,0.0588
10955,0.0211
10956,0.026
10957,0.0148
10958,0.009
10959,0.0148
10960,0.0136
10961,0.0346
10962,0.111
10963,0.133
10964,0.0787
10965,0.0193
10966,0.049
10967,0.047
10968,0.0576
10969,0.0266
10970,0.0293
10971,0.0258
10972,0.0317
10973,0.0476
10974,0.0896
10975,0.038
10976,0.0341
10977,0.0222
10978,0.1021
10979,0.0669
10980,0.047
10981,0.2677
10982,0.3346
10983,0.0266
10984,0.0405
10985,0.0129
10986,0.2696
10987,0.0625
10988,0.2327
10989,0.1065
10990,0.1419
10991,0.0501
10992,0.018
10993,0.021
10994,0.0533
10995,0.1364
10996,0.0371
10997,0.5374
10998,0.2236
10999,0.0683
11000,0.2181
11001,0.0552
11002,0.0243
11003,0.0214
11004,0.0596
11005,0.0466
11006,0.0166
11007,0.0112
11008,0.0423
11009,0.1037
11010,0.1521
11011,0.4739
11012,0.4088
11013,0.0456
11014,0.0869
11015,0.0197
11016,0.2175
11017,0.1631
11018,0.0115
11019,0.0434
11020,0.0436
11021,0.0646
11022,0.083
11023,0.4425
11024,0.1275
11025,0.2565
11026,0.4913
11027,0.1052
11028,0.3953
11029,0.053
11030,0.4486
11031,0.0436
11032,0.0486
11033,0.0393
11034,0.0389
11035,0.0313
11036,0.0968
11037,0.0993
11038,0.0376
11039,0.0641
11040,0.2747
11041,0.0399
11042,0.033
11043,0.0587
11044,0.0798
11045,0.0288
11046,0.0393
11047,0.007
11048,0.0485
11049,0.0851
11050,0.0345
11051,0.0712
11052,0.2715
11053,0.1729
11054,0.0192
11055,0.0402
11056,0.1165
11057,0.0482
11058,0.0133
11059,0.0126
11060,0.4042
11061,0.1149
11062,0.08
11063,0.2894
11064,0.465
11065,0.0674
11066,0.0414
11067,0.0186
11068,0.0218
11069,0.0081
11070,0.0319
11071,0.006
11072,0.0652
11073,0.0751
11074,0.1018
11075,0.194
11076,0.4317
11077,0.0057
11078,0.1911
11079,0.0436
11080,0.0073
11081,0.0074
11082,0.0191
11083,0.0232
11084,0.0249
11085,0.264
11086,0.0157
11087,0.0508
11088,0.0047
11089,0.0094
11090,0.0621
11091,0.0294
11092,0.1288
11093,0.3636
11094,0.0466
11095,0.058
11096,0.0119
11097,0.0235
11098,0.0391
11099,0.0474
11100,0.008
11101,0.0153
11102,0.0214
11103,0.0167
11104,0.1053
11105,0.1521
11106,0.0771
11107,0.0873
11108,0.063
11109,0.0209
11110,0.0315
11111,0.043
11112,0.0433
11113,0.0713
11114,0.0634
11115,0.0848
11116,0.0163
11117,0.0355
11118,0.0274
11119,0.0189
11120,0.0269
11121,0.0474
11122,0.016
11123,0.0594
11124,0.1776
11125,0.2477
11126,0.0432
11127,0.0355
11128,0.0335
11129,0.0978
11130,0.0615
11131,0.0148
11132,0.0587
11133,0.0256
11134,0.2211
11135,0.029
11136,0.0234
11137,0.035
11138,0.0595
11139,0.0626
11140,0.2197
11141,0.1963
11142,0.2011
11143,0.0571
11144,0.0482
11145,0.0225
11146,0.0611
11147,0.0571
11148,0.0136
11149,0.0919
11150,0.0453
11151,0.394
11152,0.1073
11153,0.0236
11154,0.0142
11155,0.1103
11156,0.0586
11157,0.0451
11158,0.0173
11159,0.0094
11160,0.0714
11161,0.0061
11162,0.0201
11163,0.0271
11164,0.0747
11165,0.0477
11166,0.0587
11167,0.0568
11168,0.0975
11169,0.2045
11170,0.3923
11171,0.0682
11172,0.0285
11173,0.0758
11174,0.0162
11175,0.0446
11176,0.0096
11177,0.0138
11178,0.0748
11179,0.0478
11180,0.1105
11181,0.0303
11182,0.1108
11183,0.038
11184,0.0429
11185,0.0263
11186,0.0183
11187,0.1311
11188,0.0076
11189,0.0297
11190,0.0496
11191,0.0247
11192,0.0323
11193,0.0431
11194,0.0612
11195,0.0642
11196,0.1482
11197,0.096
11198,0.2531
11199,0.1156
11200,0.1246
11201,0.0126
11202,0.0923
11203,0.0134
11204,0.0537
11205,0.0089
11206,0.03
11207,0.0765
11208,0.0278
11209,0.0207
11210,0.0528
11211,0.0341
11212,0.0537
11213,0.0835
11214,0.0332
11215,0.0575
11216,0.0226
11217,0.0282
11218,0.0648
11219,0.0209
11220,0.042
11221,0.0913
11222,0.0517
11223,0.1336
11224,0.3183
11225,0.0908
11226,0.0939
11227,0.0636
11228,0.0821
11229,0.0769
11230,0.1067
11231,0.0713
11232,0.0098
11233,0.008
11234,0.0145
11235,0.3746
11236,0.0489
11237,0.0799
11238,0.0591
11239,0.0774
11240,0.0193
11241,0.0209
11242,0.0258
11243,0.0483
11244,0.3072
11245,0.0618
11246,0.046
11247,0.0911
11248,0.4983
11249,0.0679
11250,0.0143
11251,0.2011
11252,0.0597
11253,0.2534
11254,0.2703
11255,0.0734
11256,0.0153
11257,0.0404
11258,0.036
11259,0.0842
11260,0.1509
11261,0.0391
11262,0.1524
11263,0.082
11264,0.0611
11265,0.01
11266,0.0083
11267,0.0173
11268,0.023
11269,0.0577
11270,0.0585
11271,0.0159
11272,0.114
11273,0.1321
11274,0.1322
11275,0.0852
11276,0.0427
11277,0.1043
11278,0.2439
11279,0.2535
11280,0.0635
11281,0.0095
11282,0.0394
11283,0.0219
11284,0.0555
11285,0.4343
11286,0.0437
11287,0.0959
11288,0.3686
11289,0.239
11290,0.0127
11291,0.0411
11292,0.0524
11293,0.1698
11294,0.2407
11295,0.0093
11296,0.064
11297,0.0688
11298,0.1332
11299,0.13
11300,0.1303
11301,0.1893
11302,0.3706
11303,0.0885
11304,0.0531
11305,0.0809
11306,0.0398
11307,0.2396
11308,0.7744
11309,0.0076
11310,0.0302
11311,0.391
11312,0.0117
11313,0.0417
11314,0.2505
11315,0.0253
11316,0.0519
11317,0.0802
11318,0.0246
11319,0.0459
11320,0.0049
11321,0.3987
11322,0.0343
11323,0.0671
11324,0.2242
11325,0.1221
11326,0.2384
11327,0.3815
11328,0.2587
11329,0.0231
11330,0.1603
11331,0.2159
11332,0.2166
11333,0.8057
11334,0.2849
11335,0.3923
11336,0.0191
11337,0.1171
11338,0.0527
11339,0.0261
11340,0.0165
11341,0.0126
11342,0.0125
11343,0.0664
11344,0.0099
11345,0.0096
11346,0.0332
11347,0.0592
11348,0.0728
11349,0.0767
11350,0.09
11351,0.0913
11352,0.158
11353,0.2305
11354,0.0243
11355,0.095
11356,0.2565
11357,0.0187
11358,0.041
11359,0.9538
11360,0.7442
11361,0.5193
11362,0.0057
11363,0.0254
11364,0.0498
11365,0.3668
11366,0.0687
11367,0.0632
11368,0.0615
11369,0.0681
11370,0.0518
11371,0.01
11372,0.3815
11373,0.0152
11374,0.0195
11375,0.103
11376,0.0944
11377,0.0668
11378,0.0575
11379,0.2329
11380,0.2147
11381,0.0291
11382,0.1066
11383,0.0961
11384,0.0879
11385,0.8311
11386,0.7026
11387,0.5529
11388,0.0146
11389,0.0489
11390,0.0206
11391,0.2641
11392,0.0866
11393,0.2599
11394,0.0298
11395,0.077
11396,0.0177
11397,0.0805
11398,0.0851
11399,0.1249
11400,0.1569
11401,0.4065
11402,0.3962
11403,0.229
11404,0.1344
11405,0.0834
11406,0.0575
11407,0.103
11408,0.0429
11409,0.0362
11410,0.0247
11411,0.1288
11412,0.1375
11413,0.0689
11414,0.1
11415,0.0254
11416,0.8258
11417,0.885
11418,0.9985
11419,0.0887
11420,0.042
11421,0.2075
11422,0.275
11423,0.0228
11424,0.0189
11425,0.0248
11426,0.0379
11427,0.097
11428,0.0414
11429,0.3952
11430,0.8366
11431,0.0761
11432,0.1088
11433,0.0786
11434,0.1533
11435,0.0726
11436,0.3869
11437,0.0968
11438,0.0431
11439,0.0951
11440,0.0997
11441,0.0794
11442,0.0376
11443,0.0206
11444,0.2771
11445,0.4045
11446,0.168
11447,0.0658
11448,0.0259
11449,0.0861
11450,0.08
11451,0.2635
11452,0.0199
11453,0.0223
11454,0.032
11455,0.0261
11456,0.0247
11457,0.0345
11458,0.0458
11459,0.3728
11460,0.4529
11461,0.3748
11462,0.1843
11463,0.1136
11464,0.1734
11465,0.162
11466,0.4089
11467,0.0503
11468,0.0273
11469,0.0325
11470,0.032
11471,0.1161
11472,0.1374
11473,0.0928
11474,0.4024
11475,0.3718
11476,0.2365
11477,0.905
11478,0.2363
11479,0.0153
11480,0.1107
11481,0.1675
11482,0.0205
11483,0.0414
11484,0.1957
11485,0.0571
11486,0.0342
11487,0.0303
11488,0.0496
11489,0.1228
11490,0.3874
11491,0.3885
11492,0.436
11493,0.3866
11494,0.1486
11495,0.23
11496,0.2598
11497,0.0115
11498,0.0262
11499,0.1601
11500,0.0737
11501,0.3922
11502,0.187
11503,0.0372
11504,0.4447
11505,0.3685
11506,0.0069
11507,0.0615
11508,0.0891
11509,0.076
11510,0.0453
11511,0.0185
11512,0.0278
11513,0.0627
11514,0.0845
11515,0.0922
11516,0.2396
11517,0.3838
11518,0.6744
11519,0.3932
11520,0.3749
11521,0.4165
11522,0.1034
11523,0.0728
11524,0.0768
11525,0.1163
11526,0.1717
11527,0.0666
11528,0.024
11529,0.0639
11530,0.1077
11531,0.0121
11532,0.0114
11533,0.0314
11534,0.0949
11535,0.0204
11536,0.0367
11537,0.0106
11538,0.0284
11539,0.0666
11540,0.0581
11541,0.0778
11542,0.2251
11543,0.2417
11544,0.3941
11545,0.5084
11546,0.4882
11547,0.3708
11548,0.1058
11549,0.0241
11550,0.0415
11551,0.0873
11552,0.0176
11553,0.0103
11554,0.0271
11555,0.7103
11556,0.0418
11557,0.0207
11558,0.0468
11559,0.0405
11560,0.0799
11561,0.0266
11562,0.0393
11563,0.0162
11564,0.0137
11565,0.0333
11566,0.0779
11567,0.1026
11568,0.4051
11569,0.3373
11570,0.1292
11571,0.8706
11572,0.4034
11573,0.4071
11574,0.132
11575,0.034
11576,0.0306
11577,0.0269
11578,0.0499
11579,0.0327
11580,0.0277
11581,0.0571
11582,0.4087
11583,0.2142
11584,0.3941
11585,0.0206
11586,0.0832
11587,0.1073
11588,0.1018
11589,0.2369
11590,0.034
11591,0.0253
11592,0.0056
11593,0.0479
11594,0.1492
11595,0.7017
11596,0.3682
11597,0.4154
11598,0.2398
11599,0.3728
11600,0.1713
11601,0.0789
11602,0.0351
11603,0.0196
11604,0.0146
11605,0.0312
11606,0.0212
11607,0.1078
11608,0.113
11609,0.0741
11610,0.1814
11611,0.0196
11612,0.0525
11613,0.2284
11614,0.0318
11615,0.0102
11616,0.1176
11617,0.2092
11618,0.0257
11619,0.1922
11620,0.1665
11621,0.0757
11622,0.0854
11623,0.0921
11624,0.083
11625,0.0269
11626,0.1145
11627,0.1056
11628,0.0397
11629,0.0104
11630,0.2103
11631,0.0102
11632,0.0141
11633,0.0786
11634,0.0321
11635,0.1189
11636,0.035
11637,0.0425
11638,0.045
11639,0.1696
11640,0.3709
11641,0.4118
11642,0.0799
11643,0.0116
11644,0.0151
11645,0.0314
11646,0.0446
11647,0.0191
11648,0.055
11649,0.1206
11650,0.0215
11651,0.0162
11652,0.0232
11653,0.0155
11654,0.0092
11655,0.0229
11656,0.0754
11657,0.084
11658,0.341
11659,0.0123
11660,0.0198
11661,0.0264
11662,0.0675
11663,0.1021
11664,0.3235
11665,0.0718
11666,0.0144
11667,0.1061
11668,0.0153
11669,0.0223
11670,0.058
11671,0.1024
11672,0.045
11673,0.0091
11674,0.0114
11675,0.0098
11676,0.017
11677,0.199
11678,0.021
11679,0.0223
11680,0.1065
11681,0.0655
11682,0.042
11683,0.0189
11684,0.0279
11685,0.0538
11686,0.3645
11687,0.0225
11688,0.0055
11689,0.0114
11690,0.0198
11691,0.0243
11692,0.0281
11693,0.056
11694,0.2424
11695,0.0544
11696,0.2441
11697,0.1
11698,0.0232
11699,0.0157
11700,0.038
11701,0.0435
11702,0.027
11703,0.3863
11704,0.1168
11705,0.0174
11706,0.0806
11707,0.0565
11708,0.0102
11709,0.0091
11710,0.406
11711,0.4944
11712,0.1025
11713,0.0514
11714,0.0711
11715,0.0427
11716,0.0328
11717,0.0962
11718,0.0624
11719,0.0805
11720,0.8819
11721,0.0633
11722,0.0735
11723,0.0761
11724,0.0191
11725,0.0299
11726,0.1294
11727,0.3868
11728,0.0525
11729,0.1276
11730,0.0274
11731,0.033
11732,0.0256
11733,0.086
11734,0.032
11735,0.0229
11736,0.0059
11737,0.0612
11738,0.037
11739,0.0192
11740,0.0183
11741,0.0532
11742,0.0942
11743,0.0368
11744,0.0146
11745,0.0261
11746,0.069
11747,0.0986
11748,0.0205
11749,0.0368
11750,0.5463
11751,0.0561
11752,0.0812
11753,0.0103
11754,0.038
11755,0.0363
11756,0.0513
11757,0.0514
11758,0.0136
11759,0.0187
11760,0.2824
11761,0.0271
11762,0.0394
11763,0.0982
11764,0.0173
11765,0.1956
11766,0.0372
11767,0.0282
11768,0.0404
11769,0.384
11770,0.022
11771,0.0222
11772,0.0093
11773,0.0198
11774,0.0151
11775,0.0594
11776,0.0079
11777,0.0325
11778,0.1448
11779,0.068
11780,0.0153
11781,0.0141
11782,0.058
11783,0.1181
11784,0.0893
11785,0.07
11786,0.0605
11787,0.0213
11788,0.0522
11789,0.2233
11790,0.1606
11791,0.1173
11792,0.0063
11793,0.0114
11794,0.0358
11795,0.0134
11796,0.0161
11797,0.0217
11798,0.0105
11799,0.0057
11800,0.0066
11801,0.0118
11802,0.0182
11803,0.0087
11804,0.014
11805,0.0494
11806,0.0442
11807,0.0933
11808,0.0145
11809,0.0954
11810,0.0087
11811,0.1883
11812,0.0089
11813,0.0265
11814,0.0337
11815,0.0159
11816,0.0108
11817,0.0174
11818,0.0216
11819,0.0128
11820,0.0143
11821,0.0272
11822,0.0115
11823,0.0066
11824,0.0613
11825,0.0148
11826,0.0337
11827,0.0092
11828,0.0397
11829,0.018
11830,0.0151
11831,0.0084
11832,0.1074
11833,0.0247
11834,0.0533
11835,0.0112
11836,0.0095
11837,0.009
11838,0.023
11839,0.0062
11840,0.0134
11841,0.0439
11842,0.0078
11843,0.2269
11844,0.0501
11845,0.0611
11846,0.0493
11847,0.0047
11848,0.0692
11849,0.0245
11850,0.0081
11851,0.0043
11852,0.0794
11853,0.0114
11854,0.081
11855,0.11
11856,0.0143
11857,0.0264
11858,0.0179
11859,0.0206
11860,0.0154
11861,0.01
11862,0.0097
11863,0.0069
11864,0.0276
11865,0.0117
11866,0.0387
11867,0.0466
11868,0.0331
11869,0.0104
11870,0.2126
11871,0.0248
11872,0.015
11873,0.0257
11874,0.0068
11875,0.0222
11876,0.0523
11877,0.0206
11878,0.0123
11879,0.0261
11880,0.0108
11881,0.0135
11882,0.0332
11883,0.1109
11884,0.2283
11885,0.014
11886,0.0717
11887,0.0184
11888,0.0339
11889,0.0491
11890,0.0342
11891,0.053
11892,0.0417
11893,0.051
11894,0.0347
11895,0.0436
11896,0.0888
11897,0.0372
11898,0.035
11899,0.0178
11900,0.0247
11901,0.1009
11902,0.0662
11903,0.0634
11904,0.127
11905,0.3425
11906,0.0451
11907,0.033
11908,0.3876
11909,0.0628
11910,0.2786
11911,0.1065
11912,0.2469
11913,0.0615
11914,0.0203
11915,0.0534
11916,0.1342
11917,0.0299
11918,0.5731
11919,0.2418
11920,0.0355
11921,0.2452
11922,0.054
11923,0.0203
11924,0.0561
11925,0.0491
11926,0.0176
11927,0.0099
11928,0.0376
11929,0.0941
11930,0.1467
11931,0.4496
11932,0.3956
11933,0.0504
11934,0.0881
11935,0.0247
11936,0.2265
11937,0.2694
11938,0.005
11939,0.0262
11940,0.0412
11941,0.0446
11942,0.0602
11943,0.0798
11944,0.4467
11945,0.1188
11946,0.2591
11947,0.4505
11948,0.1078
11949,0.0226
11950,0.4203
11951,0.0545
11952,0.4453
11953,0.0525
11954,0.0489
11955,0.0464
11956,0.039
11957,0.0324
11958,0.0879
11959,0.0993
11960,0.0393
11961,0.0626
11962,0.3831
11963,0.042
11964,0.0344
11965,0.0556
11966,0.0816
11967,0.0314
11968,0.0462
11969,0.0058
11970,0.0473
11971,0.0835
11972,0.0668
11973,0.15
11974,0.053
11975,0.247
11976,0.0177
11977,0.041
11978,0.0495
11979,0.0152
11980,0.0134
11981,0.4141
11982,0.1181
11983,0.0792
11984,0.2866
11985,0.4524
11986,0.0076
11987,0.0698
11988,0.042
11989,0.0133
11990,0.0172
11991,0.0223
11992,0.0106
11993,0.0075
11994,0.0406
11995,0.0102
11996,0.0047
11997,0.0739
11998,0.0733
11999,0.1008
12000,0.1875
12001,0.4327
12002,0.0216
12003,0.0228
12004,0.0423
12005,0.0034
12006,0.0115
12007,0.0246
12008,0.0158
12009,0.0338
12010,0.2502
12011,0.0159
12012,0.0486
12013,0.0101
12014,0.0572
12015,0.0609
12016,0.1239
12017,0.3613
12018,0.0088
12019,0.0473
12020,0.0566
12021,0.0128
12022,0.0223
12023,0.0348
12024,0.0448
12025,0.0066
12026,0.0219
12027,0.0103
12028,0.1136
12029,0.1524
12030,0.0819
12031,0.0677
12032,0.0638
12033,0.0236
12034,0.0357
12035,0.0431
12036,0.0442
12037,0.0849
12038,0.0582
12039,0.2004
12040,0.019
12041,0.0383
12042,0.031
12043,0.0196
12044,0.0249
12045,0.0461
12046,0.0208
12047,0.0223
12048,0.0621
12049,0.1814
12050,0.2541
12051,0.0402
12052,0.0352
12053,0.0298
12054,0.1031
12055,0.0614
12056,0.0159
12057,0.0515
12058,0.0109
12059,0.0348
12060,0.1372
12061,0.0291
12062,0.0253
12063,0.0345
12064,0.0518
12065,0.0617
12066,0.2156
12067,0.1732
12068,0.2156
12069,0.0644
12070,0.0473
12071,0.0222
12072,0.061
12073,0.0581
12074,0.0985
12075,0.0447
12076,0.3769
12077,0.112
12078,0.0224
12079,0.0972
12080,0.0558
12081,0.046
12082,0.0175
12083,0.0161
12084,0.0699
12085,0.0068
12086,0.0223
12087,0.0288
12088,0.0705
12089,0.0484
12090,0.0592
12091,0.0578
12092,0.0931
12093,0.2262
12094,0.3847
12095,0.0645
12096,0.0292
12097,0.0737
12098,0.0218
12099,0.0391
12100,0.0208
12101,0.0145
12102,0.0802
12103,0.0446
12104,0.1133
12105,0.0328
12106,0.1046
12107,0.0353
12108,0.0464
12109,0.0269
12110,0.1311
12111,0.0084
12112,0.0317
12113,0.0523
12114,0.0326
12115,0.015
12116,0.0203
12117,0.035
12118,0.0449
12119,0.0633
12120,0.065
12121,0.1381
12122,0.092
12123,0.2475
12124,0.1932
12125,0.1273
12126,0.0147
12127,0.0887
12128,0.0154
12129,0.0605
12130,0.0317
12131,0.0831
12132,0.0241
12133,0.0198
12134,0.0563
12135,0.0343
12136,0.013
12137,0.0529
12138,0.0808
12139,0.0288
12140,0.0615
12141,0.0633
12142,0.0185
12143,0.046
12144,0.0852
12145,0.0598
12146,0.1301
12147,0.3048
12148,0.0875
12149,0.0946
12150,0.0599
12151,0.0842
12152,0.0536
12153,0.1068
12154,0.062
12155,0.016
12156,0.3655
12157,0.0483
12158,0.0812
12159,0.0561
12160,0.0775
12161,0.0144
12162,0.021
12163,0.0201
12164,0.0472
12165,0.2926
12166,0.0632
12167,0.0471
12168,0.0904
12169,0.5035
12170,0.0683
12171,0.0148
12172,0.2002
12173,0.06
12174,0.169
12175,0.2715
12176,0.072
12177,0.0173
12178,0.0399
12179,0.0893
12180,0.1449
12181,0.0387
12182,0.1499
12183,0.0707
12184,0.062
12185,0.0127
12186,0.0213
12187,0.0263
12188,0.0537
12189,0.0598
12190,0.0218
12191,0.108
12192,0.1247
12193,0.1292
12194,0.0803
12195,0.0414
12196,0.1058
12197,0.1704
12198,0.2585
12199,0.0636
12200,0.0426
12201,0.0266
12202,0.0555
12203,0.4429
12204,0.0413
12205,0.1183
12206,0.3725
12207,0.2431
12208,0.0104
12209,0.044
12210,0.0497
12211,0.2571
12212,0.2462
12213,0.0672
12214,0.0739
12215,0.2218
12216,0.2187
12217,0.1328
12218,0.1842
12219,0.3797
12220,0.09
12221,0.0553
12222,0.0834
12223,0.0359
12224,0.2529
12225,0.8518
12226,0.0046
12227,0.0326
12228,0.4106
12229,0.0134
12230,0.0416
12231,0.2399
12232,0.0219
12233,0.0509
12234,0.0711
12235,0.0243
12236,0.045
12237,0.0054
12238,0.3863
12239,0.0391
12240,0.0683
12241,0.2414
12242,0.1277
12243,0.2478
12244,0.3747
12245,0.2633
12246,0.0228
12247,0.27
12248,0.084
12249,0.2116
12250,0.7246
12251,0.401
12252,0.2987
12253,0.0195
12254,0.2071
12255,0.0241
12256,0.0159
12257,0.0135
12258,0.0587
12259,0.0098
12260,0.0083
12261,0.0326
12262,0.0623
12263,0.0819
12264,0.0759
12265,0.0951
12266,0.0926
12267,0.2249
12268,0.2205
12269,0.0255
12270,0.0875
12271,0.1675
12272,0.0432
12273,0.9457
12274,0.7852
12275,0.4943
12276,0.0235
12277,0.0145
12278,0.0463
12279,0.3653
12280,0.0708
12281,0.0598
12282,0.0118
12283,0.064
12284,0.0717
12285,0.0518
12286,0.0086
12287,0.4007
12288,0.0141
12289,0.019
12290,0.0983
12291,0.1014
12292,0.0676
12293,0.0552
12294,0.2227
12295,0.2107
12296,0.0283
12297,0.2063
12298,0.0948
12299,0.0939
12300,0.8033
12301,0.7512
12302,0.5504
12303,0.0495
12304,0.0205
12305,0.0109
12306,0.3609
12307,0.09
12308,0.3416
12309,0.0321
12310,0.0679
12311,0.0165
12312,0.0814
12313,0.098
12314,0.1266
12315,0.1347
12316,0.3981
12317,0.3893
12318,0.2283
12319,0.24
12320,0.0785
12321,0.0572
12322,0.1046
12323,0.0424
12324,0.0349
12325,0.022
12326,0.1307
12327,0.1375
12328,0.0704
12329,0.0982
12330,0.0285
12331,0.8528
12332,0.8965
12333,1.0
12334,0.0896
12335,0.0359
12336,0.3768
12337,0.0177
12338,0.2816
12339,0.0234
12340,0.0086
12341,0.0205
12342,0.0325
12343,0.0909
12344,0.0446
12345,0.3775
12346,0.7349
12347,0.0783
12348,0.1078
12349,0.0789
12350,0.1662
12351,0.0721
12352,0.3891
12353,0.1028
12354,0.0438
12355,0.095
12356,0.0982
12357,0.0705
12358,0.0419
12359,0.0231
12360,0.4069
12361,0.2828
12362,0.2401
12363,0.0632
12364,0.0825
12365,0.0791
12366,0.268
12367,0.0157
12368,0.0318
12369,0.0309
12370,0.0236
12371,0.0379
12372,0.0441
12373,0.4189
12374,0.4381
12375,0.3772
12376,0.2665
12377,0.1141
12378,0.2551
12379,0.2311
12380,0.3885
12381,0.0502
12382,0.0288
12383,0.0348
12384,0.0326
12385,0.1214
12386,0.1468
12387,0.1919
12388,0.3175
12389,0.271
12390,0.2429
12391,0.8979
12392,0.2002
12393,0.0154
12394,0.2195
12395,0.2278
12396,0.0363
12397,0.1732
12398,0.0586
12399,0.0313
12400,0.0279
12401,0.0498
12402,0.2101
12403,0.3862
12404,0.2493
12405,0.4366
12406,0.2791
12407,0.1456
12408,0.151
12409,0.3564
12410,0.0116
12411,0.1592
12412,0.0743
12413,0.0554
12414,0.3861
12415,0.2459
12416,0.0405
12417,0.4242
12418,0.3601
12419,0.0672
12420,0.0998
12421,0.0749
12422,0.0514
12423,0.0117
12424,0.0176
12425,0.0291
12426,0.0601
12427,0.0807
12428,0.0812
12429,0.1088
12430,0.3899
12431,0.6718
12432,0.4017
12433,0.3732
12434,0.4151
12435,0.1066
12436,0.0658
12437,0.076
12438,0.11
12439,0.1735
12440,0.0755
12441,0.0247
12442,0.0684
12443,0.1016
12444,0.0042
12445,0.0315
12446,0.0915
12447,0.0191
12448,0.0337
12449,0.0215
12450,0.0156
12451,0.0042
12452,0.0091
12453,0.0272
12454,0.0664
12455,0.0545
12456,0.0796
12457,0.2302
12458,0.2342
12459,0.4107
12460,0.4711
12461,0.5127
12462,0.386
12463,0.1091
12464,0.0432
12465,0.0217
12466,0.0414
12467,0.0915
12468,0.0164
12469,0.0249
12470,0.6428
12471,0.0435
12472,0.0514
12473,0.0355
12474,0.075
12475,0.0266
12476,0.042
12477,0.0191
12478,0.0293
12479,0.0158
12480,0.0118
12481,0.0366
12482,0.0767
12483,0.1015
12484,0.4187
12485,0.3376
12486,0.1324
12487,0.8503
12488,0.3741
12489,0.3762
12490,0.1364
12491,0.0112
12492,0.0364
12493,0.0338
12494,0.0274
12495,0.0498
12496,0.0313
12497,0.0257
12498,0.0572
12499,0.4245
12500,0.214
12501,0.3607
12502,0.0187
12503,0.0757
12504,0.1066
12505,0.0992
12506,0.1469
12507,0.0344
12508,0.0245
12509,0.0068
12510,0.0504
12511,0.137
12512,0.739
12513,0.1638
12514,0.393
12515,0.4088
12516,0.3781
12517,0.2424
12518,0.0783
12519,0.0327
12520,0.022
12521,0.0197
12522,0.0296
12523,0.0178
12524,0.1193
12525,0.1083
12526,0.0753
12527,0.3636
12528,0.0201
12529,0.056
12530,0.3872
12531,0.025
12532,0.009
12533,0.0076
12534,0.0102
12535,0.114
12536,0.1216
12537,0.0248
12538,0.2138
12539,0.2312
12540,0.077
12541,0.0802
12542,0.0273
12543,0.0887
12544,0.0786
12545,0.0265
12546,0.1109
12547,0.1016
12548,0.0399
12549,0.0197
12550,0.0102
12551,0.2107
12552,0.0109
12553,0.0831
12554,0.04
12555,0.0303
12556,0.1131
12557,0.0303
12558,0.042
12559,0.0065
12560,0.0502
12561,0.2373
12562,0.3625
12563,0.3836
12564,0.0818
12565,0.0161
12566,0.0253
12567,0.0406
12568,0.0585
12569,0.1161
12570,0.0241
12571,0.0144
12572,0.0212
12573,0.0153
12574,0.0103
12575,0.0706
12576,0.0873
12577,0.3564
12578,0.0158
12579,0.0211
12580,0.0267
12581,0.0614
12582,0.103
12583,0.3274
12584,0.0775
12585,0.0171
12586,0.117
12587,0.0244
12588,0.0101
12589,0.0575
12590,0.1
12591,0.0412
12592,0.0111
12593,0.0113
12594,0.0059
12595,0.0131
12596,0.1987
12597,0.02
12598,0.0213
12599,0.1078
12600,0.0621
12601,0.0419
12602,0.0201
12603,0.0289
12604,0.0563
12605,0.3674
12606,0.0208
12607,0.0054
12608,0.0187
12609,0.021
12610,0.028
12611,0.0524
12612,0.1591
12613,0.0545
12614,0.242
12615,0.0914
12616,0.0258
12617,0.0179
12618,0.0401
12619,0.0394
12620,0.025
12621,0.2275
12622,0.0051
12623,0.1119
12624,0.0168
12625,0.0802
12626,0.0569
12627,0.0097
12628,0.0109
12629,0.3849
12630,0.4763
12631,0.1046
12632,0.0539
12633,0.0713
12634,0.041
12635,0.0301
12636,0.2243
12637,0.0782
12638,0.0771
12639,0.8953
12640,0.0157
12641,0.0586
12642,0.0127
12643,0.0767
12644,0.0747
12645,0.0169
12646,0.1322
12647,0.3824
12648,0.0539
12649,0.1214
12650,0.0275
12651,0.0392
12652,0.0078
12653,0.0228
12654,0.0796
12655,0.0322
12656,0.0024
12657,0.0225
12658,0.0037
12659,0.0592
12660,0.0388
12661,0.019
12662,0.0538
12663,0.0199
12664,0.0888
12665,0.0341
12666,0.015
12667,0.0262
12668,0.0693
12669,0.1
12670,0.0223
12671,0.0392
12672,0.5831
12673,0.059
12674,0.0863
12675,0.0375
12676,0.0392
12677,0.0543
12678,0.0504
12679,0.012
12680,0.0213
12681,0.2817
12682,0.0252
12683,0.0045
12684,0.0087
12685,0.0181
12686,0.0391
12687,0.0992
12688,0.0101
12689,0.0984
12690,0.0302
12691,0.0303
12692,0.0363
12693,0.3809
12694,0.0177
12695,0.0244
12696,0.0212
12697,0.0562
12698,0.0328
12699,0.1268
12700,0.0724
12701,0.0116
12702,0.0207
12703,0.0144
12704,0.0556
12705,0.2094
12706,0.0856
12707,0.0648
12708,0.0658
12709,0.0227
12710,0.0546
12711,0.0191
12712,0.1948
12713,0.2264
12714,0.1099
12715,0.0063
12716,0.0103
12717,0.0135
12718,0.0385
12719,0.012
12720,0.0163
12721,0.0179
12722,0.0113
12723,0.018
12724,0.0072
12725,0.014
12726,0.0171
12727,0.0104
12728,0.0196
12729,0.054
12730,0.045
12731,0.0941
12732,0.0011
12733,0.0138
12734,0.0089
12735,0.078
12736,0.18
12737,0.0056
12738,0.0241
12739,0.0081
12740,0.0295
12741,0.0134
12742,0.0118
12743,0.0238
12744,0.0173
12745,0.0113
12746,0.0113
12747,0.0273
12748,0.0024
12749,0.0096
12750,0.0088
12751,0.0634
12752,0.0159
12753,0.0288
12754,0.0411
12755,0.0172
12756,0.0148
12757,0.0105
12758,0.1077
12759,0.0264
12760,0.0544
12761,0.0098
12762,0.0118
12763,0.0096
12764,0.0208
12765,0.009
12766,0.0132
12767,0.0487
12768,0.0079
12769,0.0153
12770,0.1644
12771,0.0477
12772,0.0622
12773,0.0518
12774,0.0743
12775,0.0275
12776,0.0092
12777,0.0038
12778,0.0751
12779,0.0124
12780,0.0905
12781,0.0078
12782,0.1119
12783,0.0175
12784,0.0267
12785,0.0201
12786,0.0258
12787,0.02
12788,0.0267
12789,0.0093
12790,0.0083
12791,0.0298
12792,0.0115
12793,0.0389
12794,0.0485
12795,0.0324
12796,0.1366
12797,0.0207
12798,0.0215
12799,0.0054
12800,0.0173
12801,0.0214
12802,0.0578
12803,0.0226
12804,0.0129
12805,0.0248
12806,0.0131
12807,0.0291
12808,0.014
12809,0.0346
12810,0.1116
12811,0.1381
12812,0.0173
12813,0.0772
12814,0.0273
12815,0.051
12816,0.048
12817,0.0573
12818,0.0249
12819,0.0306
12820,0.0469
12821,0.0337
12822,0.045
12823,0.0794
12824,0.049
12825,0.0297
12826,0.1043
12827,0.0552
12828,0.0634
12829,0.0434
12830,0.3413
12831,0.3338
12832,0.0375
12833,0.0138
12834,0.2861
12835,0.0637
12836,0.3629
12837,0.0997
12838,0.142
12839,0.0661
12840,0.0548
12841,0.1307
12842,0.0336
12843,0.582
12844,0.1492
12845,0.0397
12846,0.2395
12847,0.0529
12848,0.0312
12849,0.0541
12850,0.0452
12851,0.0173
12852,0.0137
12853,0.0414
12854,0.0999
12855,0.1441
12856,0.4472
12857,0.4117
12858,0.0555
12859,0.0202
12860,0.2158
12861,0.1639
12862,0.0204
12863,0.0416
12864,0.0453
12865,0.0542
12866,0.0905
12867,0.4322
12868,0.1169
12869,0.2561
12870,0.4377
12871,0.1034
12872,0.4346
12873,0.0161
12874,0.0533
12875,0.3183
12876,0.0446
12877,0.0508
12878,0.0408
12879,0.0416
12880,0.0308
12881,0.0883
12882,0.1096
12883,0.0396
12884,0.0285
12885,0.0373
12886,0.0632
12887,0.27
12888,0.0428
12889,0.0339
12890,0.0551
12891,0.0548
12892,0.0733
12893,0.0425
12894,0.0483
12895,0.0825
12896,0.0338
12897,0.0702
12898,0.175
12899,0.0543
12900,0.1764
12901,0.0469
12902,0.0471
12903,0.0158
12904,0.0133
12905,0.0111
12906,0.3878
12907,0.1309
12908,0.0829
12909,0.4234
12910,0.461
12911,0.0708
12912,0.0436
12913,0.015
12914,0.0214
12915,0.0099
12916,0.0075
12917,0.0305
12918,0.12
12919,0.0042
12920,0.0671
12921,0.0759
12922,0.0982
12923,0.2676
12924,0.4118
12925,0.0249
12926,0.0398
12927,0.0061
12928,0.0096
12929,0.0167
12930,0.0285
12931,0.2619
12932,0.0146
12933,0.0478
12934,0.0061
12935,0.0111
12936,0.0548
12937,0.1292
12938,0.3653
12939,0.0393
12940,0.0589
12941,0.0143
12942,0.0218
12943,0.0352
12944,0.0499
12945,0.0083
12946,0.0248
12947,0.0126
12948,0.1054
12949,0.1573
12950,0.0851
12951,0.0835
12952,0.0623
12953,0.0259
12954,0.0334
12955,0.0396
12956,0.0443
12957,0.0776
12958,0.0442
12959,0.2195
12960,0.0181
12961,0.0383
12962,0.0269
12963,0.0186
12964,0.0222
12965,0.0272
12966,0.0472
12967,0.0198
12968,0.0625
12969,0.1883
12970,0.2596
12971,0.0444
12972,0.0351
12973,0.0329
12974,0.1006
12975,0.0594
12976,0.0152
12977,0.0556
12978,0.0233
12979,0.1416
12980,0.0237
12981,0.0292
12982,0.0317
12983,0.0112
12984,0.057
12985,0.0651
12986,0.2224
12987,0.1749
12988,0.2008
12989,0.0631
12990,0.0471
12991,0.0238
12992,0.0636
12993,0.0575
12994,0.0146
12995,0.0895
12996,0.0504
12997,0.4009
12998,0.1127
12999,0.0994
13000,0.0566
13001,0.0475
13002,0.0169
13003,0.0199
13004,0.0713
13005,0.0183
13006,0.0207
13007,0.0263
13008,0.0837
13009,0.0457
13010,0.0576
13011,0.0614
13012,0.1007
13013,0.2057
13014,0.3629
13015,0.067
13016,0.0281
13017,0.0769
13018,0.0135
13019,0.0421
13020,0.023
13021,0.0136
13022,0.0827
13023,0.0373
13024,0.1075
13025,0.0381
13026,0.1021
13027,0.0343
13028,0.0441
13029,0.0286
13030,0.0147
13031,0.02
13032,0.1179
13033,0.0108
13034,0.0351
13035,0.0576
13036,0.0307
13037,0.0089
13038,0.0179
13039,0.0294
13040,0.0415
13041,0.0641
13042,0.0614
13043,0.1336
13044,0.0909
13045,0.2581
13046,0.2371
13047,0.1285
13048,0.0142
13049,0.0876
13050,0.0552
13051,0.0099
13052,0.0281
13053,0.0829
13054,0.0243
13055,0.0239
13056,0.0555
13057,0.0415
13058,0.0129
13059,0.0545
13060,0.0789
13061,0.0315
13062,0.0224
13063,0.0269
13064,0.0667
13065,0.0213
13066,0.0435
13067,0.0889
13068,0.0599
13069,0.2304
13070,0.3032
13071,0.0916
13072,0.0962
13073,0.0637
13074,0.0909
13075,0.0753
13076,0.1084
13077,0.061
13078,0.0174
13079,0.0147
13080,0.3764
13081,0.0498
13082,0.0725
13083,0.0563
13084,0.0801
13085,0.0169
13086,0.0223
13087,0.0145
13088,0.0196
13089,0.0478
13090,0.1997
13091,0.0611
13092,0.0496
13093,0.0954
13094,0.4586
13095,0.072
13096,0.0119
13097,0.1975
13098,0.0605
13099,0.254
13100,0.1894
13101,0.0733
13102,0.0148
13103,0.0474
13104,0.0895
13105,0.1496
13106,0.0415
13107,0.1539
13108,0.0791
13109,0.0615
13110,0.0188
13111,0.0222
13112,0.0596
13113,0.0589
13114,0.013
13115,0.1159
13116,0.1263
13117,0.1286
13118,0.0841
13119,0.0421
13120,0.1055
13121,0.1728
13122,0.2578
13123,0.0608
13124,0.0097
13125,0.0453
13126,0.0245
13127,0.0537
13128,0.4428
13129,0.0441
13130,0.0954
13131,0.3599
13132,0.1467
13133,0.0105
13134,0.041
13135,0.0547
13136,0.2623
13137,0.2432
13138,0.0668
13139,0.069
13140,0.1286
13141,0.1221
13142,0.1379
13143,0.175
13144,0.3571
13145,0.0917
13146,0.0161
13147,0.0544
13148,0.0825
13149,0.0343
13150,0.2415
13151,0.823
13152,0.0029
13153,0.0334
13154,0.3819
13155,0.013
13156,0.0428
13157,0.2314
13158,0.0201
13159,0.0512
13160,0.0851
13161,0.0215
13162,0.0496
13163,0.0037
13164,0.3932
13165,0.0357
13166,0.067
13167,0.2483
13168,0.1237
13169,0.2411
13170,0.371
13171,0.3913
13172,0.2453
13173,0.0847
13174,0.1127
13175,0.7174
13176,0.4078
13177,0.3728
13178,0.016
13179,0.195
13180,0.0525
13181,0.0118
13182,0.0592
13183,0.0111
13184,0.0116
13185,0.033
13186,0.0575
13187,0.0815
13188,0.0762
13189,0.0931
13190,0.0853
13191,0.2214
13192,0.1117
13193,0.0263
13194,0.0968
13195,0.249
13196,0.0414
13197,0.9511
13198,0.7288
13199,0.5486
13200,0.0054
13201,0.0234
13202,0.0133
13203,0.0425
13204,0.3462
13205,0.0568
13206,0.0585
13207,0.0071
13208,0.0635
13209,0.0676
13210,0.0506
13211,0.0091
13212,0.3928
13213,0.0181
13214,0.0185
13215,0.104
13216,0.0943
13217,0.0632
13218,0.0561
13219,0.2236
13220,0.3567
13221,0.0272
13222,0.2127
13223,0.0898
13224,0.0936
13225,0.8018
13226,0.7348
13227,0.5073
13228,0.0147
13229,0.0503
13230,0.0201
13231,0.0111
13232,0.3514
13233,0.0834
13234,0.2568
13235,0.035
13236,0.0731
13237,0.0201
13238,0.0869
13239,0.082
13240,0.1261
13241,0.1523
13242,0.4103
13243,0.2548
13244,0.2303
13245,0.1349
13246,0.0804
13247,0.0547
13248,0.1023
13249,0.0433
13250,0.0309
13251,0.0246
13252,0.1325
13253,0.1337
13254,0.066
13255,0.0966
13256,0.0243
13257,0.8246
13258,0.9023
13259,0.9785
13260,0.0938
13261,0.0407
13262,0.2255
13263,0.2792
13264,0.0233
13265,0.0213
13266,0.0244
13267,0.0397
13268,0.0891
13269,0.0441
13270,0.3886
13271,0.7388
13272,0.0779
13273,0.0942
13274,0.0752
13275,0.158
13276,0.0734
13277,0.3934
13278,0.1037
13279,0.0459
13280,0.1004
13281,0.099
13282,0.0783
13283,0.0429
13284,0.0234
13285,0.4043
13286,0.4133
13287,0.1655
13288,0.0626
13289,0.0913
13290,0.0826
13291,0.2604
13292,0.0187
13293,0.033
13294,0.0325
13295,0.0239
13296,0.0257
13297,0.0354
13298,0.0445
13299,0.262
13300,0.4144
13301,0.2508
13302,0.2606
13303,0.1142
13304,0.1742
13305,0.1628
13306,0.4465
13307,0.0521
13308,0.0294
13309,0.0365
13310,0.0296
13311,0.1127
13312,0.1441
13313,0.1928
13314,0.2872
13315,0.2751
13316,0.2422
13317,0.8953
13318,0.2044
13319,0.0154
13320,0.22
13321,0.2309
13322,0.0181
13323,0.0379
13324,0.16
13325,0.065
13326,0.033
13327,0.0311
13328,0.0501
13329,0.2093
13330,0.3755
13331,0.2732
13332,0.4412
13333,0.2742
13334,0.142
13335,0.2414
13336,0.2487
13337,0.0133
13338,0.0267
13339,0.156
13340,0.2105
13341,0.0512
13342,0.3965
13343,0.2402
13344,0.0394
13345,0.4198
13346,0.3823
13347,0.0663
13348,0.1022
13349,0.0746
13350,0.0535
13351,0.0134
13352,0.0086
13353,0.0161
13354,0.0345
13355,0.0617
13356,0.0802
13357,0.0885
13358,0.1181
13359,0.4016
13360,0.6961
13361,0.4151
13362,0.3777
13363,0.4016
13364,0.0966
13365,0.0689
13366,0.0759
13367,0.1082
13368,0.1831
13369,0.0692
13370,0.0216
13371,0.0684
13372,0.1083
13373,0.0055
13374,0.034
13375,0.0916
13376,0.0184
13377,0.0346
13378,0.0218
13379,0.0141
13380,0.0042
13381,0.0085
13382,0.0265
13383,0.0609
13384,0.0578
13385,0.0801
13386,0.2198
13387,0.236
13388,0.4193
13389,0.4785
13390,0.4441
13391,0.3832
13392,0.1054
13393,0.047
13394,0.0252
13395,0.0385
13396,0.0898
13397,0.0159
13398,0.0234
13399,0.6589
13400,0.043
13401,0.0219
13402,0.0534
13403,0.0392
13404,0.1986
13405,0.0252
13406,0.0419
13407,0.0341
13408,0.0146
13409,0.0127
13410,0.0324
13411,0.0765
13412,0.1079
13413,0.4011
13414,0.3608
13415,0.1354
13416,0.5734
13417,0.3904
13418,0.3691
13419,0.2308
13420,0.0324
13421,0.0336
13422,0.0254
13423,0.0478
13424,0.0354
13425,0.0299
13426,0.0572
13427,0.4087
13428,0.2204
13429,0.3868
13430,0.0222
13431,0.0857
13432,0.0896
13433,0.1046
13434,0.1663
13435,0.0329
13436,0.0266
13437,0.0067
13438,0.0479
13439,0.1291
13440,0.6919
13441,0.3882
13442,0.4041
13443,0.3817
13444,0.2674
13445,0.2415
13446,0.0789
13447,0.0355
13448,0.0186
13449,0.0292
13450,0.0179
13451,0.1083
13452,0.103
13453,0.0807
13454,0.2311
13455,0.0166
13456,0.0527
13457,0.0107
13458,0.2318
13459,0.0268
13460,0.0119
13461,0.1068
13462,0.2135
13463,0.0241
13464,0.0036
13465,0.1038
13466,0.1746
13467,0.0779
13468,0.0781
13469,0.0283
13470,0.093
13471,0.0893
13472,0.0265
13473,0.1138
13474,0.1012
13475,0.035
13476,0.014
13477,0.3596
13478,0.0095
13479,0.0134
13480,0.0784
13481,0.0394
13482,0.0317
13483,0.1212
13484,0.0314
13485,0.0376
13486,0.0068
13487,0.0443
13488,0.1664
13489,0.3544
13490,0.3827
13491,0.0802
13492,0.01
13493,0.0179
13494,0.0306
13495,0.0458
13496,0.0588
13497,0.1152
13498,0.0154
13499,0.0211
13500,0.015
13501,0.0241
13502,0.0143
13503,0.0112
13504,0.0814
13505,0.088
13506,0.3657
13507,0.0126
13508,0.0198
13509,0.0242
13510,0.0653
13511,0.1062
13512,0.3495
13513,0.0766
13514,0.0171
13515,0.1055
13516,0.0201
13517,0.0576
13518,0.1023
13519,0.0414
13520,0.0105
13521,0.0085
13522,0.0153
13523,0.2006
13524,0.0201
13525,0.0196
13526,0.0211
13527,0.1171
13528,0.0633
13529,0.0369
13530,0.019
13531,0.0317
13532,0.0534
13533,0.3893
13534,0.0265
13535,0.0218
13536,0.0245
13537,0.0328
13538,0.0524
13539,0.1552
13540,0.0588
13541,0.1472
13542,0.098
13543,0.0229
13544,0.0174
13545,0.0371
13546,0.0392
13547,0.0258
13548,0.227
13549,0.1131
13550,0.0189
13551,0.0805
13552,0.0563
13553,0.007
13554,0.0099
13555,0.3916
13556,0.4884
13557,0.1061
13558,0.0514
13559,0.0042
13560,0.0785
13561,0.0432
13562,0.0338
13563,0.2215
13564,0.0764
13565,0.073
13566,0.9709
13567,0.0131
13568,0.0592
13569,0.0134
13570,0.0708
13571,0.0798
13572,0.0171
13573,0.0274
13574,0.1332
13575,0.3742
13576,0.0562
13577,0.2138
13578,0.0318
13579,0.0195
13580,0.0348
13581,0.0253
13582,0.0846
13583,0.0334
13584,0.0237
13585,0.0607
13586,0.045
13587,0.0179
13588,0.0202
13589,0.0557
13590,0.0177
13591,0.0877
13592,0.0376
13593,0.0148
13594,0.0281
13595,0.0703
13596,0.0969
13597,0.021
13598,0.0395
13599,0.6314
13600,0.0575
13601,0.2326
13602,0.0382
13603,0.0564
13604,0.0537
13605,0.4562
13606,0.0239
13607,0.0083
13608,0.0037
13609,0.0183
13610,0.0402
13611,0.0962
13612,0.0145
13613,0.1016
13614,0.0319
13615,0.0288
13616,0.0411
13617,0.373
13618,0.0208
13619,0.0209
13620,0.0116
13621,0.0206
13622,0.0542
13623,0.0339
13624,0.1279
13625,0.0711
13626,0.0149
13627,0.0201
13628,0.013
13629,0.0493
13630,0.1172
13631,0.0842
13632,0.0671
13633,0.0635
13634,0.0233
13635,0.0528
13636,0.0214
13637,0.193
13638,0.2185
13639,0.1157
13640,0.0371
13641,0.0148
13642,0.0181
13643,0.0195
13644,0.0104
13645,0.0175
13646,0.0095
13647,0.0128
13648,0.0188
13649,0.0202
13650,0.0503
13651,0.0454
13652,0.0875
13653,0.0146
13654,0.1932
13655,0.0126
13656,0.2448
13657,0.0101
13658,0.0263
13659,0.0357
13660,0.0152
13661,0.0107
13662,0.0221
13663,0.0215
13664,0.0125
13665,0.0275
13666,0.0146
13667,0.0102
13668,0.0616
13669,0.011
13670,0.0277
13671,0.0485
13672,0.0166
13673,0.0168
13674,0.0112
13675,0.1061
13676,0.0234
13677,0.0527
13678,0.008
13679,0.011
13680,0.0098
13681,0.0059
13682,0.0227
13683,0.0133
13684,0.0461
13685,0.0095
13686,0.1557
13687,0.045
13688,0.0623
13689,0.0496
13690,0.0155
13691,0.0762
13692,0.0267
13693,0.0091
13694,0.0762
13695,0.011
13696,0.0951
13697,0.1086
13698,0.0164
13699,0.0199
13700,0.0243
13701,0.0234
13702,0.0071
13703,0.011
13704,0.0086
13705,0.0113
13706,0.0304
13707,0.0115
13708,0.0429
13709,0.0506
13710,0.0332
13711,0.1479
13712,0.0069
13713,0.0193
13714,0.0221
13715,0.0288
13716,0.0048
13717,0.0218
13718,0.0588
13719,0.0216
13720,0.0142
13721,0.0269
13722,0.0143
13723,0.0282
13724,0.0147
13725,0.0104
13726,0.0334
13727,0.1051
13728,0.1301
13729,0.0152
13730,0.0729
13731,0.0189
13732,0.0408
13733,0.0492
13734,0.0409
13735,0.0576
13736,0.0285
13737,0.0478
13738,0.0323
13739,0.0309
13740,0.0398
13741,0.0914
13742,0.0388
13743,0.0299
13744,0.0199
13745,0.0373
13746,0.1196
13747,0.0586
13748,0.0756
13749,0.0502
13750,0.14
13751,0.3403
13752,0.0232
13753,0.021
13754,0.2757
13755,0.073
13756,0.2033
13757,0.1052
13758,0.1385
13759,0.0244
13760,0.0147
13761,0.1476
13762,0.0349
13763,0.6415
13764,0.1429
13765,0.0428
13766,0.251
13767,0.0494
13768,0.0413
13769,0.0222
13770,0.056
13771,0.0547
13772,0.0195
13773,0.0218
13774,0.0517
13775,0.0775
13776,0.1469
13777,0.4461
13778,0.4093
13779,0.0432
13780,0.1186
13781,0.2725
13782,0.0299
13783,0.0461
13784,0.0484
13785,0.0692
13786,0.0741
13787,0.4207
13788,0.1321
13789,0.4334
13790,0.4477
13791,0.0228
13792,0.4077
13793,0.0597
13794,0.341
13795,0.0671
13796,0.0652
13797,0.0477
13798,0.0503
13799,0.0343
13800,0.1016
13801,0.1178
13802,0.0576
13803,0.0407
13804,0.0656
13805,0.2988
13806,0.0474
13807,0.0387
13808,0.0577
13809,0.0657
13810,0.083
13811,0.0334
13812,0.041
13813,0.0479
13814,0.0782
13815,0.0307
13816,0.063
13817,0.1758
13818,0.2666
13819,0.0232
13820,0.0545
13821,0.0151
13822,0.3878
13823,0.1176
13824,0.0825
13825,0.2744
13826,0.3101
13827,0.076
13828,0.0428
13829,0.017
13830,0.022
13831,0.0099
13832,0.0339
13833,0.0113
13834,0.1262
13835,0.0697
13836,0.0722
13837,0.0924
13838,0.1899
13839,0.4138
13840,0.0215
13841,0.0281
13842,0.0466
13843,0.0098
13844,0.009
13845,0.0262
13846,0.0247
13847,0.0327
13848,0.4115
13849,0.0209
13850,0.0506
13851,0.0678
13852,0.1403
13853,0.3387
13854,0.009
13855,0.0409
13856,0.0598
13857,0.0228
13858,0.0393
13859,0.0458
13860,0.0122
13861,0.0167
13862,0.0257
13863,0.1059
13864,0.1496
13865,0.0904
13866,0.0759
13867,0.0638
13868,0.0073
13869,0.0234
13870,0.0306
13871,0.0329
13872,0.0386
13873,0.0957
13874,0.0565
13875,0.1984
13876,0.015
13877,0.0376
13878,0.0271
13879,0.0147
13880,0.0224
13881,0.0238
13882,0.0467
13883,0.1232
13884,0.0185
13885,0.0549
13886,0.2747
13887,0.264
13888,0.0457
13889,0.0362
13890,0.023
13891,0.0919
13892,0.0634
13893,0.014
13894,0.0588
13895,0.027
13896,0.1492
13897,0.0275
13898,0.02
13899,0.0308
13900,0.0089
13901,0.0559
13902,0.0536
13903,0.2224
13904,0.1794
13905,0.2036
13906,0.0679
13907,0.049
13908,0.0208
13909,0.0596
13910,0.0592
13911,0.0151
13912,0.1113
13913,0.0491
13914,0.3907
13915,0.1178
13916,0.1198
13917,0.0584
13918,0.0492
13919,0.0182
13920,0.0178
13921,0.0135
13922,0.07
13923,0.019
13924,0.0154
13925,0.0223
13926,0.0667
13927,0.0463
13928,0.0555
13929,0.0556
13930,0.0887
13931,0.2043
13932,0.4282
13933,0.0664
13934,0.0229
13935,0.0648
13936,0.0181
13937,0.0437
13938,0.009
13939,0.0234
13940,0.0791
13941,0.0444
13942,0.1021
13943,0.0357
13944,0.1032
13945,0.0345
13946,0.0463
13947,0.0277
13948,0.012
13949,0.016
13950,0.1278
13951,0.0368
13952,0.0615
13953,0.0306
13954,0.0142
13955,0.0229
13956,0.0423
13957,0.0604
13958,0.0632
13959,0.1302
13960,0.0916
13961,0.2509
13962,0.1951
13963,0.1208
13964,0.0133
13965,0.0829
13966,0.056
13967,0.0092
13968,0.0327
13969,0.0905
13970,0.023
13971,0.0188
13972,0.0553
13973,0.0296
13974,0.055
13975,0.0794
13976,0.0265
13977,0.0597
13978,0.0193
13979,0.0303
13980,0.0233
13981,0.0721
13982,0.0178
13983,0.0433
13984,0.1046
13985,0.0592
13986,0.129
13987,0.3001
13988,0.0841
13989,0.0972
13990,0.0685
13991,0.0867
13992,0.069
13993,0.1021
13994,0.0633
13995,0.0083
13996,0.0157
13997,0.2513
13998,0.0512
13999,0.0745
14000,0.0568
14001,0.0705
14002,0.0134
14003,0.0162
14004,0.0443
14005,0.1997
14006,0.0568
14007,0.0496
14008,0.0898
14009,0.532
14010,0.0665
14011,0.013
14012,0.2074
14013,0.0591
14014,0.2453
14015,0.1879
14016,0.0741
14017,0.0454
14018,0.0825
14019,0.1415
14020,0.0387
14021,0.1481
14022,0.0816
14023,0.0633
14024,0.0152
14025,0.0193
14026,0.0467
14027,0.0557
14028,0.0149
14029,0.1135
14030,0.12
14031,0.1309
14032,0.0804
14033,0.0403
14034,0.1043
14035,0.2279
14036,0.253
14037,0.0678
14038,0.0102
14039,0.0417
14040,0.0215
14041,0.0081
14042,0.0563
14043,0.4507
14044,0.0415
14045,0.1079
14046,0.3769
14047,0.2324
14048,0.0085
14049,0.0146
14050,0.0394
14051,0.0492
14052,0.2661
14053,0.256
14054,0.0534
14055,0.0658
14056,0.13
14057,0.1313
14058,0.1338
14059,0.1737
14060,0.3525
14061,0.0864
14062,0.0471
14063,0.0833
14064,0.0427
14065,0.2558
14066,0.8356
14067,0.0054
14068,0.0277
14069,0.3992
14070,0.0116
14071,0.0406
14072,0.2474
14073,0.043
14074,0.0764
14075,0.0163
14076,0.0433
14077,0.397
14078,0.0355
14079,0.0611
14080,0.2338
14081,0.2024
14082,0.2384
14083,0.364
14084,0.3946
14085,0.0205
14086,0.3746
14087,0.2299
14088,0.2073
14089,0.7698
14090,0.3934
14091,0.3874
14092,0.02
14093,0.2137
14094,0.0513
14095,0.0237
14096,0.0109
14097,0.0593
14098,0.0085
14099,0.0089
14100,0.0305
14101,0.053
14102,0.0708
14103,0.0721
14104,0.0788
14105,0.0861
14106,0.2476
14107,0.1043
14108,0.0236
14109,0.0873
14110,0.2457
14111,0.0199
14112,0.0401
14113,1.0
14114,0.7733
14115,0.5672
14116,0.0053
14117,0.0211
14118,0.0117
14119,0.0644
14120,0.3607
14121,0.0737
14122,0.0597
14123,0.013
14124,0.0599
14125,0.063
14126,0.051
14127,0.0094
14128,0.3335
14129,0.0156
14130,0.0193
14131,0.0979
14132,0.0845
14133,0.0579
14134,0.0529
14135,0.226
14136,0.2236
14137,0.0298
14138,0.1063
14139,0.0966
14140,0.1028
14141,0.7822
14142,0.7386
14143,0.5363
14144,0.0132
14145,0.048
14146,0.0188
14147,0.0096
14148,0.3788
14149,0.0908
14150,0.2712
14151,0.0281
14152,0.0817
14153,0.0122
14154,0.1145
14155,0.0947
14156,0.1213
14157,0.1667
14158,0.3478
14159,0.3812
14160,0.2358
14161,0.1403
14162,0.0796
14163,0.054
14164,0.0987
14165,0.0434
14166,0.0358
14167,0.0217
14168,0.1299
14169,0.1366
14170,0.0693
14171,0.0987
14172,0.0304
14173,0.8738
14174,0.9388
14175,1.0
14176,0.0833
14177,0.035
14178,0.1207
14179,0.3969
14180,0.0199
14181,0.0148
14182,0.0189
14183,0.0311
14184,0.0955
14185,0.0408
14186,0.3541
14187,0.8574
14188,0.0752
14189,0.0964
14190,0.0694
14191,0.1575
14192,0.0646
14193,0.4152
14194,0.0967
14195,0.0395
14196,0.0971
14197,0.0923
14198,0.0782
14199,0.0399
14200,0.0233
14201,0.3943
14202,0.2608
14203,0.1628
14204,0.065
14205,0.0866
14206,0.0781
14207,0.2615
14208,0.0249
14209,0.0279
14210,0.0288
14211,0.0233
14212,0.0216
14213,0.0312
14214,0.0412
14215,0.3926
14216,0.4653
14217,0.2602
14218,0.2508
14219,0.1079
14220,0.1703
14221,0.2151
14222,0.4211
14223,0.0508
14224,0.0295
14225,0.0363
14226,0.0336
14227,0.2212
14228,0.2262
14229,0.0825
14230,0.3839
14231,0.2625
14232,0.2349
14233,0.9492
14234,0.2364
14235,0.0128
14236,0.2173
14237,0.2316
14238,0.0186
14239,0.0357
14240,0.2984
14241,0.0038
14242,0.0632
14243,0.0346
14244,0.0252
14245,0.0467
14246,0.1218
14247,0.3691
14248,0.2593
14249,0.4036
14250,0.354
14251,0.139
14252,0.2211
14253,0.2417
14254,0.0236
14255,0.1645
14256,0.0687
14257,0.0536
14258,0.3716
14259,0.2495
14260,0.0328
14261,0.4696
14262,0.396
14263,0.0052
14264,0.0635
14265,0.1048
14266,0.0736
14267,0.0488
14268,0.0069
14269,0.0156
14270,0.0287
14271,0.0617
14272,0.0867
14273,0.077
14274,0.1121
14275,0.4089
14276,0.7088
14277,0.3837
14278,0.2376
14279,0.4021
14280,0.097
14281,0.0219
14282,0.0675
14283,0.0843
14284,0.1107
14285,0.1806
14286,0.0681
14287,0.0236
14288,0.0666
14289,0.1084
14290,0.0273
14291,0.0925
14292,0.0214
14293,0.027
14294,0.0052
14295,0.0114
14296,0.0286
14297,0.0663
14298,0.0548
14299,0.0686
14300,0.2339
14301,0.1699
14302,0.3511
14303,0.4951
14304,0.4495
14305,0.3708
14306,0.1042
14307,0.022
14308,0.0411
14309,0.0974
14310,0.015
14311,0.0251
14312,0.7226
14313,0.0423
14314,0.0257
14315,0.0579
14316,0.0354
14317,0.0687
14318,0.0212
14319,0.0405
14320,0.0196
14321,0.035
14322,0.015
14323,0.0089
14324,0.0331
14325,0.0788
14326,0.102
14327,0.3861
14328,0.3318
14329,0.1223
14330,0.8505
14331,0.3651
14332,0.3727
14333,0.2129
14334,0.0363
14335,0.0309
14336,0.026
14337,0.0445
14338,0.0389
14339,0.0593
14340,0.4127
14341,0.0853
14342,0.381
14343,0.0253
14344,0.0812
14345,0.1036
14346,0.0954
14347,0.2197
14348,0.0369
14349,0.0277
14350,0.0073
14351,0.0445
14352,0.1317
14353,0.7694
14354,0.3874
14355,0.4361
14356,0.3771
14357,0.3752
14358,0.1638
14359,0.0894
14360,0.0395
14361,0.0164
14362,0.0266
14363,0.0223
14364,0.1092
14365,0.1081
14366,0.0785
14367,0.2408
14368,0.0191
14369,0.0552
14370,0.0126
14371,0.2257
14372,0.0299
14373,0.0093
14374,0.0163
14375,0.1111
14376,0.2257
14377,0.0252
14378,0.3478
14379,0.2201
14380,0.0826
14381,0.0966
14382,0.0284
14383,0.0875
14384,0.0605
14385,0.0251
14386,0.1176
14387,0.0955
14388,0.0349
14389,0.0071
14390,0.1777
14391,0.0227
14392,0.0763
14393,0.0307
14394,0.1321
14395,0.0328
14396,0.0418
14397,0.0016
14398,0.0413
14399,0.1694
14400,0.3437
14401,0.3774
14402,0.0946
14403,0.0169
14404,0.0311
14405,0.0412
14406,0.056
14407,0.1081
14408,0.0168
14409,0.0232
14410,0.0142
14411,0.0263
14412,0.0063
14413,0.0219
14414,0.0716
14415,0.0907
14416,0.3495
14417,0.0145
14418,0.0126
14419,0.0227
14420,0.0613
14421,0.098
14422,0.3543
14423,0.0832
14424,0.0156
14425,0.2005
14426,0.0241
14427,0.0605
14428,0.1001
14429,0.0381
14430,0.0106
14431,0.2593
14432,0.0213
14433,0.0215
14434,0.1252
14435,0.0543
14436,0.0377
14437,0.0165
14438,0.0251
14439,0.0511
14440,0.3311
14441,0.0229
14442,0.0176
14443,0.031
14444,0.0511
14445,0.243
14446,0.0556
14447,0.1392
14448,0.0895
14449,0.0263
14450,0.017
14451,0.04
14452,0.0412
14453,0.0255
14454,0.2255
14455,0.0115
14456,0.1285
14457,0.0757
14458,0.0533
14459,0.0092
14460,0.0079
14461,0.3475
14462,0.4915
14463,0.1758
14464,0.0589
14465,0.0101
14466,0.0765
14467,0.0491
14468,0.0374
14469,0.0917
14470,0.0799
14471,0.0759
14472,0.8883
14473,0.0515
14474,0.0645
14475,0.0684
14476,0.022
14477,0.1435
14478,0.335
14479,0.0547
14480,0.143
14481,0.0277
14482,0.0108
14483,0.0459
14484,0.019
14485,0.0642
14486,0.031
14487,0.0202
14488,0.004
14489,0.0511
14490,0.0385
14491,0.0219
14492,0.0532
14493,0.0189
14494,0.1088
14495,0.0452
14496,0.0156
14497,0.0306
14498,0.0719
14499,0.0973
14500,0.0245
14501,0.0292
14502,0.039
14503,0.646
14504,0.0555
14505,0.0895
14506,0.0405
14507,0.0367
14508,0.0464
14509,0.0481
14510,0.0115
14511,0.0184
14512,0.2715
14513,0.0251
14514,0.0204
14515,0.0379
14516,0.2082
14517,0.0142
14518,0.0116
14519,0.1047
14520,0.0327
14521,0.027
14522,0.0344
14523,0.3987
14524,0.0195
14525,0.022
14526,0.0095
14527,0.0458
14528,0.0269
14529,0.1144
14530,0.065
14531,0.0205
14532,0.0156
14533,0.0528
14534,0.1308
14535,0.0831
14536,0.0687
14537,0.0531
14538,0.0214
14539,0.0427
14540,0.0403
14541,0.2167
14542,0.1159
14543,0.0337
14544,0.0104
14545,0.0133
14546,0.0158
14547,0.0094
14548,0.0178
14549,0.0087
14550,0.0097
14551,0.0201
14552,0.0181
14553,0.0535
14554,0.0422
14555,0.1078
14556,0.0142
14557,0.0938
14558,0.0075
14559,0.1924
14560,0.0054
14561,0.018
14562,0.0302
14563,0.0154
14564,0.0091
14565,0.0137
14566,0.0164
14567,0.0123
14568,0.014
14569,0.019
14570,0.019
14571,0.0161
14572,0.0649
14573,0.008
14574,0.0149
14575,0.0285
14576,0.0389
14577,0.016
14578,0.0085
14579,0.1093
14580,0.0223
14581,0.0421
14582,0.0052
14583,0.0221
14584,0.0097
14585,0.013
14586,0.0594
14587,0.0114
14588,0.1759
14589,0.043
14590,0.0546
14591,0.052
14592,0.0611
14593,0.0194
14594,0.0061
14595,0.0735
14596,0.0145
14597,0.0895
14598,0.0068
14599,0.1191
14600,0.0229
14601,0.0136
14602,0.0278
14603,0.0129
14604,0.018
14605,0.0151
14606,0.0064
14607,0.0089
14608,0.0255
14609,0.0095
14610,0.0042
14611,0.0453
14612,0.0465
14613,0.0323
14614,0.1581
14615,0.0073
14616,0.0212
14617,0.0226
14618,0.0239
14619,0.0052
14620,0.0181
14621,0.0509
14622,0.022
14623,0.0145
14624,0.0274
14625,0.0174
14626,0.0318
14627,0.012
14628,0.0332
14629,0.1038
14630,0.1416
14631,0.0854
14632,0.0138
14633,0.0264
14634,0.0402
14635,0.0704
14636,0.0433
14637,0.0616
14638,0.0265
14639,0.0444
14640,0.0484
14641,0.2307
14642,0.0422
14643,0.0343
14644,0.0326
14645,0.1131
14646,0.0481
14647,0.0865
14648,0.0393
14649,0.2598
14650,0.3369
14651,0.0262
14652,0.0317
14653,0.276
14654,0.0773
14655,0.2183
14656,0.2562
14657,0.1526
14658,0.058
14659,0.0234
14660,0.0077
14661,0.0499
14662,0.1384
14663,0.6667
14664,0.2732
14665,0.028
14666,0.344
14667,0.0587
14668,0.0191
14669,0.0397
14670,0.0221
14671,0.0593
14672,0.0529
14673,0.0124
14674,0.0483
14675,0.1025
14676,0.1561
14677,0.4308
14678,0.4223
14679,0.0964
14680,0.248
14681,0.1732
14682,0.0268
14683,0.0493
14684,0.0625
14685,0.0682
14686,0.0617
14687,0.3955
14688,0.1328
14689,0.1619
14690,0.4309
14691,0.1081
14692,0.0226
14693,0.4097
14694,0.0519
14695,0.3565
14696,0.046
14697,0.0436
14698,0.0468
14699,0.032
14700,0.0917
14701,0.1191
14702,0.0506
14703,0.0682
14704,0.2587
14705,0.0473
14706,0.0115
14707,0.0388
14708,0.0604
14709,0.0646
14710,0.0835
14711,0.0319
14712,0.0432
14713,0.0473
14714,0.0932
14715,0.0322
14716,0.1624
14717,0.2784
14718,0.0215
14719,0.0497
14720,0.0174
14721,0.0109
14722,0.3699
14723,0.1253
14724,0.097
14725,0.4464
14726,0.3069
14727,0.078
14728,0.0504
14729,0.0225
14730,0.0102
14731,0.0319
14732,0.0126
14733,0.1226
14734,0.0665
14735,0.0718
14736,0.0943
14737,0.1855
14738,0.4181
14739,0.2469
14740,0.0496
14741,0.0111
14742,0.0252
14743,0.0201
14744,0.033
14745,0.3819
14746,0.0154
14747,0.0511
14748,0.0612
14749,0.065
14750,0.1409
14751,0.3595
14752,0.0429
14753,0.0556
14754,0.0169
14755,0.0213
14756,0.0428
14757,0.0427
14758,0.0114
14759,0.0137
14760,0.0271
14761,0.0999
14762,0.1399
14763,0.0862
14764,0.0762
14765,0.0618
14766,0.0057
14767,0.0206
14768,0.0316
14769,0.0351
14770,0.0376
14771,0.0931
14772,0.0511
14773,0.2203
14774,0.0149
14775,0.0366
14776,0.0271
14777,0.0172
14778,0.0184
14779,0.0259
14780,0.0476
14781,0.0174
14782,0.0217
14783,0.0656
14784,0.2783
14785,0.2558
14786,0.0471
14787,0.0374
14788,0.0253
14789,0.095
14790,0.0617
14791,0.0152
14792,0.055
14793,0.0093
14794,0.026
14795,0.1434
14796,0.0287
14797,0.0276
14798,0.0329
14799,0.0096
14800,0.0609
14801,0.0542
14802,0.2224
14803,0.0944
14804,0.2035
14805,0.0653
14806,0.0506
14807,0.0231
14808,0.058
14809,0.0569
14810,0.0079
14811,0.0127
14812,0.1093
14813,0.0475
14814,0.3979
14815,0.1119
14816,0.0269
14817,0.1203
14818,0.0687
14819,0.0416
14820,0.0177
14821,0.0692
14822,0.0118
14823,0.0151
14824,0.0231
14825,0.0665
14826,0.0453
14827,0.0605
14828,0.0582
14829,0.0979
14830,0.2065
14831,0.374
14832,0.0534
14833,0.0226
14834,0.0742
14835,0.018
14836,0.0436
14837,0.0126
14838,0.0266
14839,0.0801
14840,0.039
14841,0.1037
14842,0.0348
14843,0.1082
14844,0.0338
14845,0.0421
14846,0.0284
14847,0.12
14848,0.0321
14849,0.0531
14850,0.0319
14851,0.0151
14852,0.0164
14853,0.0259
14854,0.0408
14855,0.0564
14856,0.0657
14857,0.2122
14858,0.0915
14859,0.2534
14860,0.1127
14861,0.1321
14862,0.0117
14863,0.0892
14864,0.0179
14865,0.064
14866,0.0383
14867,0.0856
14868,0.0286
14869,0.022
14870,0.0531
14871,0.0334
14872,0.0561
14873,0.0784
14874,0.0264
14875,0.0597
14876,0.0158
14877,0.0154
14878,0.0681
14879,0.0178
14880,0.0404
14881,0.099
14882,0.0539
14883,0.2135
14884,0.3202
14885,0.0832
14886,0.0944
14887,0.0656
14888,0.0806
14889,0.0722
14890,0.0982
14891,0.0606
14892,0.0165
14893,0.3798
14894,0.056
14895,0.0815
14896,0.0781
14897,0.0189
14898,0.0155
14899,0.0195
14900,0.0414
14901,0.1875
14902,0.0647
14903,0.042
14904,0.0936
14905,0.5497
14906,0.0644
14907,0.0124
14908,0.2328
14909,0.0585
14910,0.2521
14911,0.1981
14912,0.0713
14913,0.0461
14914,0.0852
14915,0.2388
14916,0.0384
14917,0.1383
14918,0.0786
14919,0.0623
14920,0.0141
14921,0.0149
14922,0.049
14923,0.0604
14924,0.0115
14925,0.1183
14926,0.1201
14927,0.1368
14928,0.0775
14929,0.0419
14930,0.1146
14931,0.1698
14932,0.2485
14933,0.0605
14934,0.0446
14935,0.0249
14936,0.0074
14937,0.0532
14938,0.4556
14939,0.0408
14940,0.1018
14941,0.3774
14942,0.2405
14943,0.0112
14944,0.0138
14945,0.0139
14946,0.0381
14947,0.0496
14948,0.2664
14949,0.2428
14950,0.055
14951,0.0607
14952,0.2145
14953,0.1167
14954,0.1278
14955,0.1859
14956,0.3649
14957,0.0793
14958,0.0539
14959,0.0766
14960,0.0379
14961,0.2607
14962,0.8093
14963,0.0058
14964,0.0269
14965,0.3946
14966,0.0065
14967,0.0415
14968,0.2485
14969,0.0116
14970,0.0177
14971,0.0463
14972,0.0788
14973,0.018
14974,0.0452
14975,0.4086
14976,0.0349
14977,0.0667
14978,0.2358
14979,0.1224
14980,0.2458
14981,0.3763
14982,0.3885
14983,0.0228
14984,0.25
14985,0.0837
14986,0.1023
14987,0.7456
14988,0.2765
14989,0.3104
14990,0.0203
14991,0.2133
14992,0.0529
14993,0.015
14994,0.0103
14995,0.0605
14996,0.0137
14997,0.009
14998,0.0365
14999,0.0575
15000,0.0741
15001,0.0789
15002,0.082
15003,0.0847
15004,0.2158
15005,0.1091
15006,0.0235
15007,0.0854
15008,0.2449
15009,0.0187
15010,0.0413
15011,1.0
15012,0.8004
15013,0.5622
15014,0.023
15015,0.014
15016,0.0714
15017,0.3917
15018,0.0756
15019,0.0618
15020,0.0041
15021,0.0113
15022,0.06
15023,0.0628
15024,0.0542
15025,0.0092
15026,0.3779
15027,0.0145
15028,0.0188
15029,0.0906
15030,0.0891
15031,0.0614
15032,0.0515
15033,0.2236
15034,0.2566
15035,0.0318
15036,0.2065
15037,0.0886
15038,0.0947
15039,0.8281
15040,0.6946
15041,0.5218
15042,0.0122
15043,0.2343
15044,0.0187
15045,0.0096
15046,0.2697
15047,0.0802
15048,0.3691
15049,0.025
15050,0.079
15051,0.0136
15052,0.1
15053,0.0997
15054,0.1329
15055,0.1684
15056,0.4046
15057,0.4085
15058,0.2289
15059,0.1326
15060,0.0761
15061,0.0537
15062,0.1024
15063,0.0406
15064,0.035
15065,0.0216
15066,0.1311
15067,0.1368
15068,0.0687
15069,0.0917
15070,0.0263
15071,0.8462
15072,0.9099
15073,1.0
15074,0.0853
15075,0.0347
15076,0.1967
15077,0.4025
15078,0.0194
15079,0.0183
15080,0.0223
15081,0.0345
15082,0.086
15083,0.0368
15084,0.374
15085,0.8328
15086,0.0686
15087,0.0973
15088,0.069
15089,0.2354
15090,0.0692
15091,0.383
15092,0.2375
15093,0.0426
15094,0.0923
15095,0.0986
15096,0.0809
15097,0.0428
15098,0.0212
15099,0.2744
15100,0.2803
15101,0.163
15102,0.0639
15103,0.0231
15104,0.0921
15105,0.0801
15106,0.2635
15107,0.0201
15108,0.0221
15109,0.0325
15110,0.0227
15111,0.0257
15112,0.0321
15113,0.0434
15114,0.3986
15115,0.4301
15116,0.3537
15117,0.1813
15118,0.1068
15119,0.1651
15120,0.2174
15121,0.3845
15122,0.0453
15123,0.037
15124,0.0302
15125,0.1267
15126,0.2325
15127,0.0941
15128,0.315
15129,0.2661
15130,0.2426
15131,0.9087
15132,0.112
15133,0.0117
15134,0.2201
15135,0.2461
15136,0.036
15137,0.4059
15138,0.0637
15139,0.0309
15140,0.0246
15141,0.0477
15142,0.1207
15143,0.3492
15144,0.2589
15145,0.4107
15146,0.268
15147,0.1313
15148,0.2208
15149,0.2643
15150,0.0113
15151,0.1558
15152,0.0775
15153,0.0518
15154,0.3682
15155,0.2526
15156,0.0435
15157,0.4672
15158,0.4052
15159,0.005
15160,0.0651
15161,0.1082
15162,0.0738
15163,0.0482
15164,0.0109
15165,0.0088
15166,0.0298
15167,0.0624
15168,0.0844
15169,0.0759
15170,0.1136
15171,0.3706
15172,0.7079
15173,0.3731
15174,0.3648
15175,0.3804
15176,0.0983
15177,0.0204
15178,0.0617
15179,0.0789
15180,0.1152
15181,0.1724
15182,0.0717
15183,0.0229
15184,0.0746
15185,0.2009
15186,0.0326
15187,0.0882
15188,0.0206
15189,0.0102
15190,0.0355
15191,0.0199
15192,0.0112
15193,0.0091
15194,0.0353
15195,0.0645
15196,0.0571
15197,0.0606
15198,0.2278
15199,0.1636
15200,0.3361
15201,0.4649
15202,0.4505
15203,0.263
15204,0.1051
15205,0.0491
15206,0.0157
15207,0.0427
15208,0.0875
15209,0.0162
15210,0.0252
15211,0.7086
15212,0.0434
15213,0.0221
15214,0.2151
15215,0.0385
15216,0.0777
15217,0.0212
15218,0.0326
15219,0.0202
15220,0.034
15221,0.0152
15222,0.0125
15223,0.0337
15224,0.0701
15225,0.1048
15226,0.3861
15227,0.3428
15228,0.2189
15229,0.8339
15230,0.3591
15231,0.3849
15232,0.2208
15233,0.035
15234,0.0336
15235,0.0283
15236,0.0519
15237,0.0353
15238,0.0248
15239,0.0568
15240,0.4225
15241,0.0857
15242,0.3646
15243,0.019
15244,0.0832
15245,0.1083
15246,0.1081
15247,0.1697
15248,0.0383
15249,0.0262
15250,0.0471
15251,0.1259
15252,0.8052
15253,0.3848
15254,0.3905
15255,0.3912
15256,0.239
15257,0.241
15258,0.0896
15259,0.0384
15260,0.0199
15261,0.0281
15262,0.098
15263,0.1164
15264,0.0792
15265,0.1844
15266,0.0523
15267,0.0106
15268,0.2431
15269,0.0277
15270,0.0076
15271,0.0097
15272,0.1111
15273,0.2177
15274,0.0246
15275,0.0037
15276,0.2058
15277,0.2255
15278,0.0706
15279,0.0843
15280,0.0298
15281,0.0898
15282,0.0819
15283,0.0264
15284,0.0967
15285,0.1079
15286,0.0331
15287,0.0069
15288,0.1899
15289,0.0155
15290,0.081
15291,0.0295
15292,0.1341
15293,0.0334
15294,0.0426
15295,0.0434
15296,0.1675
15297,0.3622
15298,0.4276
15299,0.0883
15300,0.0285
15301,0.0163
15302,0.0294
15303,0.0445
15304,0.0174
15305,0.0551
15306,0.1211
15307,0.0181
15308,0.0247
15309,0.0118
15310,0.0226
15311,0.0153
15312,0.0082
15313,0.072
15314,0.0907
15315,0.359
15316,0.0138
15317,0.0149
15318,0.0231
15319,0.0643
15320,0.0974
15321,0.3379
15322,0.092
15323,0.0202
15324,0.0103
15325,0.1194
15326,0.0294
15327,0.0601
15328,0.0978
15329,0.0426
15330,0.0124
15331,0.0131
15332,0.0103
15333,0.0109
15334,0.251
15335,0.0159
15336,0.0193
15337,0.115
15338,0.0559
15339,0.0362
15340,0.0149
15341,0.0271
15342,0.052
15343,0.3636
15344,0.0237
15345,0.0213
15346,0.0262
15347,0.0252
15348,0.0522
15349,0.2385
15350,0.0526
15351,0.1549
15352,0.0893
15353,0.0242
15354,0.0433
15355,0.0412
15356,0.0245
15357,0.187
15358,0.0062
15359,0.014
15360,0.1304
15361,0.0218
15362,0.07
15363,0.051
15364,0.0095
15365,0.3939
15366,0.4908
15367,0.1763
15368,0.0522
15369,0.0043
15370,0.0725
15371,0.0455
15372,0.0382
15373,0.218
15374,0.0788
15375,0.0902
15376,0.9375
15377,0.0195
15378,0.0557
15379,0.0163
15380,0.0664
15381,0.0714
15382,0.0171
15383,0.019
15384,0.1218
15385,0.3328
15386,0.0555
15387,0.14
15388,0.024
15389,0.0242
15390,0.0707
15391,0.0288
15392,0.02
15393,0.0017
15394,0.0513
15395,0.038
15396,0.0235
15397,0.0557
15398,0.0148
15399,0.0973
15400,0.0351
15401,0.0137
15402,0.0277
15403,0.0656
15404,0.0951
15405,0.0222
15406,0.029
15407,0.0349
15408,0.6794
15409,0.0485
15410,0.086
15411,0.0449
15412,0.0348
15413,0.0451
15414,0.0479
15415,0.0108
15416,0.022
15417,0.3987
15418,0.0237
15419,0.0082
15420,0.0127
15421,0.0409
15422,0.1005
15423,0.0202
15424,0.1037
15425,0.0339
15426,0.0257
15427,0.0323
15428,0.3917
15429,0.0158
15430,0.0195
15431,0.0071
15432,0.019
15433,0.0474
15434,0.0278
15435,0.1013
15436,0.0632
15437,0.0194
15438,0.0198
15439,0.0536
15440,0.1229
15441,0.0865
15442,0.0584
15443,0.0536
15444,0.0231
15445,0.0423
15446,0.2094
15447,0.2092
15448,0.1189
15449,0.0048
15450,0.009
15451,0.0349
15452,0.0132
15453,0.0152
15454,0.0192
15455,0.0108
15456,0.0129
15457,0.009
15458,0.0157
15459,0.017
15460,0.0087
15461,0.0225
15462,0.0495
15463,0.039
15464,0.1044
15465,0.0112
15466,0.1016
15467,0.0115
15468,0.339
15469,0.0186
15470,0.0308
15471,0.0066
15472,0.0138
15473,0.0144
15474,0.0104
15475,0.0326
15476,0.0195
15477,0.0167
15478,0.0621
15479,0.0174
15480,0.0286
15481,0.0398
15482,0.014
15483,0.0101
15484,0.0103
15485,0.1084
15486,0.0213
15487,0.0422
15488,0.0062
15489,0.0087
15490,0.0289
15491,0.0092
15492,0.0594
15493,0.0085
15494,0.0146
15495,0.2489
15496,0.0504
15497,0.055
15498,0.0569
15499,0.0619
15500,0.0257
15501,0.0079
15502,0.0704
15503,0.0162
15504,0.0909
15505,0.0051
15506,0.1208
15507,0.0154
15508,0.0195
15509,0.0228
15510,0.02
15511,0.0056
15512,0.0059
15513,0.0042
15514,0.0088
15515,0.0275
15516,0.0119
15517,0.0083
15518,0.0513
15519,0.0451
15520,0.0311
15521,0.1436
15522,0.0151
15523,0.0218
15524,0.0216
15525,0.0466
15526,0.0201
15527,0.0188
15528,0.0328
15529,0.018
15530,0.0307
15531,0.0166
15532,0.0384
15533,0.1074
15534,0.2308
15535,0.0746
15536,0.0113
15537,0.0353
15538,0.0439
15539,0.0574
15540,0.0472
15541,0.0429
15542,0.0569
15543,0.1082
15544,0.0398
15545,0.0286
15546,0.1183
15547,0.0448
15548,0.2441
15549,0.0495
15550,0.3499
15551,0.3381
15552,0.0357
15553,0.3211
15554,0.0825
15555,0.3894
15556,0.1094
15557,0.1389
15558,0.0569
15559,0.0212
15560,0.0818
15561,0.0153
15562,0.0509
15563,0.2277
15564,0.0311
15565,0.662
15566,0.1388
15567,0.0484
15568,0.2554
15569,0.0606
15570,0.032
15571,0.0298
15572,0.0654
15573,0.0492
15574,0.0193
15575,0.0113
15576,0.1563
15577,0.4401
15578,0.4027
15579,0.045
15580,0.128
15581,0.1742
15582,0.0281
15583,0.0474
15584,0.0517
15585,0.0666
15586,0.0699
15587,0.432
15588,0.1367
15589,0.1625
15590,0.4385
15591,0.1263
15592,0.0266
15593,0.4252
15594,0.0184
15595,0.0457
15596,0.3183
15597,0.0495
15598,0.0557
15599,0.0435
15600,0.048
15601,0.0926
15602,0.1113
15603,0.0542
15604,0.0355
15605,0.0631
15606,0.3956
15607,0.0455
15608,0.042
15609,0.0507
15610,0.0669
15611,0.0824
15612,0.0379
15613,0.0411
15614,0.0129
15615,0.0512
15616,0.0909
15617,0.0371
15618,0.064
15619,0.1559
15620,0.0519
15621,0.277
15622,0.0202
15623,0.041
15624,0.0518
15625,0.0234
15626,0.0158
15627,0.3762
15628,0.1298
15629,0.0908
15630,0.2797
15631,0.4529
15632,0.0764
15633,0.0466
15634,0.0163
15635,0.0211
15636,0.0203
15637,0.0106
15638,0.0324
15639,0.0106
15640,0.072
15641,0.071
15642,0.1028
15643,0.2651
15644,0.4025
15645,0.0083
15646,0.0191
15647,0.1905
15648,0.0414
15649,0.0105
15650,0.0206
15651,0.0284
15652,0.2644
15653,0.0191
15654,0.0488
15655,0.0013
15656,0.0645
15657,0.2388
15658,0.3763
15659,0.0399
15660,0.0669
15661,0.0155
15662,0.0209
15663,0.0396
15664,0.043
15665,0.0101
15666,0.0247
15667,0.0106
15668,0.0999
15669,0.1553
15670,0.0855
15671,0.0691
15672,0.0625
15673,0.0278
15674,0.0376
15675,0.0384
15676,0.0459
15677,0.0853
15678,0.0506
15679,0.0859
15680,0.016
15681,0.0372
15682,0.0253
15683,0.02
15684,0.0231
15685,0.0257
15686,0.047
15687,0.02
15688,0.0566
15689,0.2481
15690,0.2564
15691,0.0433
15692,0.0292
15693,0.0258
15694,0.0911
15695,0.061
15696,0.0165
15697,0.0528
15698,0.0093
15699,0.027
15700,0.1433
15701,0.0262
15702,0.0201
15703,0.0313
15704,0.1927
15705,0.0592
15706,0.2259
15707,0.1714
15708,0.1079
15709,0.0615
15710,0.0472
15711,0.0198
15712,0.059
15713,0.0572
15714,0.0101
15715,0.1921
15716,0.0477
15717,0.4102
15718,0.1128
15719,0.1174
15720,0.0569
15721,0.0472
15722,0.0168
15723,0.0665
15724,0.018
15725,0.0161
15726,0.0214
15727,0.0716
15728,0.0454
15729,0.0566
15730,0.057
15731,0.0917
15732,0.2226
15733,0.3764
15734,0.0521
15735,0.0248
15736,0.0763
15737,0.0214
15738,0.0419
15739,0.0202
15740,0.0799
15741,0.0399
15742,0.1023
15743,0.0357
15744,0.104
15745,0.0367
15746,0.0431
15747,0.0259
15748,0.0117
15749,0.1319
15750,0.0088
15751,0.0346
15752,0.0671
15753,0.0301
15754,0.0146
15755,0.0227
15756,0.0371
15757,0.0598
15758,0.0641
15759,0.1322
15760,0.0922
15761,0.3825
15762,0.1159
15763,0.1306
15764,0.0143
15765,0.0841
15766,0.013
15767,0.0553
15768,0.0341
15769,0.0863
15770,0.0241
15771,0.0262
15772,0.0542
15773,0.0327
15774,0.0528
15775,0.0819
15776,0.0338
15777,0.0591
15778,0.0309
15779,0.0714
15780,0.0157
15781,0.0402
15782,0.0949
15783,0.0554
15784,0.131
15785,0.4311
15786,0.0922
15787,0.0969
15788,0.0659
15789,0.0818
15790,0.0813
15791,0.1012
15792,0.0569
15793,0.0123
15794,0.0155
15795,0.3936
15796,0.0504
15797,0.0807
15798,0.0527
15799,0.0783
15800,0.02
15801,0.0155
15802,0.0186
15803,0.0488
15804,0.1927
15805,0.0582
15806,0.0438
15807,0.0917
15808,0.532
15809,0.071
15810,0.0142
15811,0.346
15812,0.0605
15813,0.2477
15814,0.1933
15815,0.0684
15816,0.0404
15817,0.0336
15818,0.085
15819,0.139
15820,0.042
15821,0.1436
15822,0.0831
15823,0.0626
15824,0.0105
15825,0.0072
15826,0.0162
15827,0.0227
15828,0.0481
15829,0.0544
15830,0.0144
15831,0.1089
15832,0.1272
15833,0.1399
15834,0.0804
15835,0.0413
15836,0.1092
15837,0.1625
15838,0.25
15839,0.0643
15840,0.0421
15841,0.0314
15842,0.1967
15843,0.4507
15844,0.041
15845,0.1124
15846,0.3871
15847,0.1514
15848,0.0095
15849,0.0505
15850,0.2526
15851,0.2464
15852,0.006
15853,0.0547
15854,0.0673
15855,0.2174
15856,0.1239
15857,0.1301
15858,0.1796
15859,0.365
15860,0.0799
15861,0.0528
15862,0.0801
15863,0.043
15864,0.2428
15865,0.8596
15866,0.0063
15867,0.0303
15868,0.4044
15869,0.0413
15870,0.243
15871,0.0121
15872,0.0183
15873,0.043
15874,0.0778
15875,0.0184
15876,0.044
15877,0.002
15878,0.3888
15879,0.0318
15880,0.0638
15881,0.1706
15882,0.126
15883,0.1999
15884,0.3684
15885,0.3676
15886,0.0236
15887,0.2536
15888,0.2109
15889,0.1043
15890,0.7061
15891,0.4047
15892,0.3073
15893,0.0176
15894,0.1909
15895,0.0529
15896,0.0095
15897,0.0086
15898,0.0622
15899,0.0091
15900,0.0353
15901,0.0596
15902,0.0712
15903,0.078
15904,0.0803
15905,0.0846
15906,0.2164
15907,0.109
15908,0.0265
15909,0.0861
15910,0.3584
15911,0.0193
15912,0.043
15913,0.9697
15914,0.7482
15915,0.5527
15916,0.0214
15917,0.014
15918,0.0594
15919,0.3721
15920,0.0719
15921,0.0621
15922,0.0599
15923,0.0637
15924,0.0505
15925,0.0085
15926,0.3582
15927,0.0165
15928,0.0189
15929,0.0907
15930,0.0819
15931,0.0594
15932,0.052
15933,0.3703
15934,0.3705
15935,0.03
15936,0.1009
15937,0.0981
15938,0.092
15939,0.8202
15940,0.7644
15941,0.5266
15942,0.0123
15943,0.0441
15944,0.0172
15945,0.3715
15946,0.0776
15947,0.3707
15948,0.0251
15949,0.0779
15950,0.0125
15951,0.0985
15952,0.0938
15953,0.136
15954,0.1749
15955,0.3689
15956,0.4186
15957,0.2303
15958,0.1298
15959,0.0749
15960,0.0517
15961,0.0938
15962,0.0436
15963,0.0359
15964,0.0186
15965,0.112
15966,0.1295
15967,0.0684
15968,0.097
15969,0.0257
15970,0.82
15971,0.9397
15972,1.0
15973,0.0805
15974,0.0354
15975,0.2133
15976,0.4112
15977,0.0199
15978,0.0177
15979,0.02
15980,0.0302
15981,0.0941
15982,0.0388
15983,0.3772
15984,0.891
15985,0.0677
15986,0.0982
15987,0.0755
15988,0.1528
15989,0.0667
15990,0.393
15991,0.2586
15992,0.0423
15993,0.0984
15994,0.0942
15995,0.0823
15996,0.0424
15997,0.3527
15998,0.2239
15999,0.1707
16000,0.0562
16001,0.0237
16002,0.0832
16003,0.2315
16004,0.267
16005,0.0196
16006,0.0309
16007,0.0323
16008,0.0239
16009,0.0209
16010,0.0333
16011,0.0462
16012,0.2481
16013,0.4359
16014,0.2467
16015,0.2612
16016,0.1075
16017,0.1677
16018,0.2128
16019,0.4036
16020,0.0526
16021,0.0304
16022,0.0364
16023,0.0285
16024,0.1174
16025,0.2369
16026,0.0952
16027,0.315
16028,0.2615
16029,0.1613
16030,0.9155
16031,0.1097
16032,0.0148
16033,0.2197
16034,0.2323
16035,0.0328
16036,0.1744
16037,0.0644
16038,0.0312
16039,0.0293
16040,0.0453
16041,0.1246
16042,0.3486
16043,0.2524
16044,0.4388
16045,0.2539
16046,0.1365
16047,0.1457
16048,0.2452
16049,0.1465
16050,0.0737
16051,0.0554
16052,0.3688
16053,0.2384
16054,0.0451
16055,0.0203
16056,0.4658
16057,0.3709
16058,0.0664
16059,0.1024
16060,0.0755
16061,0.0452
16062,0.0052
16063,0.0085
16064,0.0157
16065,0.0281
16066,0.0624
16067,0.0858
16068,0.0807
16069,0.1084
16070,0.3526
16071,0.7041
16072,0.3887
16073,0.3742
16074,0.3762
16075,0.0964
16076,0.0177
16077,0.0681
16078,0.0804
16079,0.1211
16080,0.2419
16081,0.0722
16082,0.0241
16083,0.0682
16084,0.1044
16085,0.0101
16086,0.0296
16087,0.0922
16088,0.0124
16089,0.0442
16090,0.0216
16091,0.0098
16092,0.0324
16093,0.0672
16094,0.0593
16095,0.0685
16096,0.2199
16097,0.1715
16098,0.3641
16099,0.5098
16100,0.4544
16101,0.3718
16102,0.1066
16103,0.047
16104,0.0226
16105,0.0424
16106,0.0942
16107,0.7617
16108,0.0385
16109,0.0204
16110,0.057
16111,0.0363
16112,0.0776
16113,0.0177
16114,0.0353
16115,0.0203
16116,0.0339
16117,0.0159
16118,0.0128
16119,0.0328
16120,0.0767
16121,0.1013
16122,0.378
16123,0.3397
16124,0.2085
16125,0.7331
16126,0.3982
16127,0.3613
16128,0.2268
16129,0.0374
16130,0.0372
16131,0.0268
16132,0.0489
16133,0.0386
16134,0.0567
16135,0.4193
16136,0.2184
16137,0.3827
16138,0.0218
16139,0.0818
16140,0.1003
16141,0.1021
16142,0.1593
16143,0.0373
16144,0.0283
16145,0.0467
16146,0.1417
16147,0.8158
16148,0.3831
16149,0.3812
16150,0.2319
16151,0.3691
16152,0.2374
16153,0.0868
16154,0.0388
16155,0.0135
16156,0.0186
16157,0.0202
16158,0.0314
16159,0.0179
16160,0.1099
16161,0.124
16162,0.0793
16163,0.1957
16164,0.0507
16165,0.0108
16166,0.3714
16167,0.0274
16168,0.0077
16169,0.0103
16170,0.1153
16171,0.2118
16172,0.0259
16173,0.0067
16174,0.3217
16175,0.1722
16176,0.0765
16177,0.0878
16178,0.0291
16179,0.09
16180,0.0821
16181,0.0253
16182,0.1096
16183,0.093
16184,0.035
16185,0.018
16186,0.0081
16187,0.2049
16188,0.0134
16189,0.0083
16190,0.0762
16191,0.0328
16192,0.0285
16193,0.1297
16194,0.0319
16195,0.0462
16196,0.0072
16197,0.0442
16198,0.1693
16199,0.3591
16200,0.4091
16201,0.0934
16202,0.0297
16203,0.0436
16204,0.0172
16205,0.0545
16206,0.117
16207,0.015
16208,0.0317
16209,0.0125
16210,0.0198
16211,0.0148
16212,0.0094
16213,0.0218
16214,0.0724
16215,0.0895
16216,0.3492
16217,0.0139
16218,0.0145
16219,0.0216
16220,0.0563
16221,0.1014
16222,0.3289
16223,0.0915
16224,0.017
16225,0.1254
16226,0.0268
16227,0.0105
16228,0.062
16229,0.095
16230,0.0398
16231,0.0107
16232,0.012
16233,0.1943
16234,0.0213
16235,0.0196
16236,0.1216
16237,0.0585
16238,0.0386
16239,0.0153
16240,0.0273
16241,0.0497
16242,0.3649
16243,0.0255
16244,0.0211
16245,0.0251
16246,0.0301
16247,0.0513
16248,0.1621
16249,0.0577
16250,0.2271
16251,0.1018
16252,0.0253
16253,0.0169
16254,0.034
16255,0.0407
16256,0.0236
16257,0.2244
16258,0.1289
16259,0.0164
16260,0.0739
16261,0.0502
16262,0.0093
16263,0.3832
16264,0.489
16265,0.0966
16266,0.0501
16267,0.011
16268,0.068
16269,0.0472
16270,0.0926
16271,0.0831
16272,0.0783
16273,0.9023
16274,0.0178
16275,0.0265
16276,0.0106
16277,0.0664
16278,0.0724
16279,0.0374
16280,0.1341
16281,0.3236
16282,0.0495
16283,0.1438
16284,0.0245
16285,0.044
16286,0.0697
16287,0.0314
16288,0.0204
16289,0.0021
16290,0.0525
16291,0.0384
16292,0.0237
16293,0.0189
16294,0.0594
16295,0.0117
16296,0.0192
16297,0.1047
16298,0.0264
16299,0.04
16300,0.0129
16301,0.0256
16302,0.071
16303,0.0966
16304,0.0327
16305,0.6877
16306,0.0503
16307,0.095
16308,0.0347
16309,0.051
16310,0.0457
16311,0.0128
16312,0.44
16313,0.0229
16314,0.0216
16315,0.0064
16316,0.0434
16317,0.1048
16318,0.0099
16319,0.0932
16320,0.0316
16321,0.0385
16322,0.3937
16323,0.0162
16324,0.0236
16325,0.012
16326,0.0159
16327,0.0173
16328,0.0494
16329,0.0075
16330,0.0331
16331,0.1286
16332,0.0613
16333,0.0193
16334,0.0145
16335,0.054
16336,0.2255
16337,0.0851
16338,0.0604
16339,0.0561
16340,0.0203
16341,0.0421
16342,0.1962
16343,0.2123
16344,0.2186
16345,0.0062
16346,0.0082
16347,0.0093
16348,0.0141
16349,0.0164
16350,0.0111
16351,0.0172
16352,0.0075
16353,0.0121
16354,0.0194
16355,0.0111
16356,0.0212
16357,0.0503
16358,0.0406
16359,0.0965
16360,0.0087
16361,0.0903
16362,0.0105
16363,0.2319
16364,0.0041
16365,0.0089
16366,0.0096
16367,0.0288
16368,0.0152
16369,0.005
16370,0.0144
16371,0.0187
16372,0.0148
16373,0.008
16374,0.0596
16375,0.015
16376,0.0277
16377,0.036
16378,0.0188
16379,0.0048
16380,0.0146
16381,0.0099
16382,0.1193
16383,0.0205
16384,0.044
16385,0.0075
16386,0.0269
16387,0.0637
16388,0.0152
16389,0.1631
16390,0.0514
16391,0.0578
16392,0.0474
16393,0.0138
16394,0.063
16395,0.0191
16396,0.007
16397,0.0739
16398,0.016
16399,0.0865
16400,0.0044
16401,0.121
16402,0.0154
16403,0.0133
16404,0.0226
16405,0.0171
16406,0.0075
16407,0.0078
16408,0.0072
16409,0.0122
16410,0.0257
16411,0.0109
16412,0.0451
16413,0.0473
16414,0.008
16415,0.1387
16416,0.0171
16417,0.0223
16418,0.0193
16419,0.0182
16420,0.0458
16421,0.0163
16422,0.0155
16423,0.0314
16424,0.0128
16425,0.0348
16426,0.0137
16427,0.1087
16428,0.1441
16429,0.0769
16430,0.015
16431,0.0404
16432,0.041
16433,0.0431
16434,0.0603
16435,0.0345
16436,0.0335
16437,0.0489
16438,0.0947
16439,0.0412
16440,0.0295
16441,0.1192
16442,0.0632
16443,0.0924
16444,0.0456
16445,0.1346
16446,0.2341
16447,0.0306
16448,0.0298
16449,0.3125
16450,0.0698
16451,0.3051
16452,0.1071
16453,0.2677
16454,0.0545
16455,0.0258
16456,0.0742
16457,0.0154
16458,0.0497
16459,0.0189
16460,0.1307
16461,0.0297
16462,0.6505
16463,0.2585
16464,0.1309
16465,0.062
16466,0.0523
16467,0.016
16468,0.038
16469,0.0801
16470,0.1454
16471,0.2916
16472,0.419
16473,0.0201
16474,0.1114
16475,0.1747
16476,0.0227
16477,0.0439
16478,0.043
16479,0.0686
16480,0.0151
16481,0.0811
16482,0.433
16483,0.1403
16484,0.1586
16485,0.4127
16486,0.1204
16487,0.0255
16488,0.4111
16489,0.0559
16490,0.3275
16491,0.0476
16492,0.0657
16493,0.0441
16494,0.0466
16495,0.0995
16496,0.1117
16497,0.0561
16498,0.0323
16499,0.0438
16500,0.0724
16501,0.4059
16502,0.0396
16503,0.0332
16504,0.0608
16505,0.064
16506,0.0789
16507,0.0339
16508,0.0861
16509,0.063
16510,0.27
16511,0.269
16512,0.0437
16513,0.0529
16514,0.0168
16515,0.0174
16516,0.3712
16517,0.1313
16518,0.0871
16519,0.2898
16520,0.4572
16521,0.0791
16522,0.044
16523,0.0227
16524,0.0254
16525,0.0216
16526,0.0364
16527,0.0137
16528,0.0125
16529,0.0067
16530,0.0715
16531,0.0718
16532,0.2751
16533,0.4179
16534,0.0205
16535,0.1936
16536,0.0417
16537,0.0115
16538,0.0285
16539,0.2691
16540,0.0168
16541,0.0535
16542,0.0095
16543,0.0605
16544,0.0245
16545,0.3517
16546,0.3512
16547,0.0647
16548,0.023
16549,0.0432
16550,0.0454
16551,0.0149
16552,0.0244
16553,0.0985
16554,0.1524
16555,0.0821
16556,0.0678
16557,0.0605
16558,0.0227
16559,0.0322
16560,0.036
16561,0.0387
16562,0.0791
16563,0.0506
16564,0.2096
16565,0.0179
16566,0.0413
16567,0.0282
16568,0.0142
16569,0.0214
16570,0.0233
16571,0.0475
16572,0.0188
16573,0.0189
16574,0.0595
16575,0.1704
16576,0.2703
16577,0.045
16578,0.0361
16579,0.028
16580,0.0936
16581,0.0584
16582,0.0151
16583,0.0535
16584,0.0286
16585,0.1609
16586,0.0234
16587,0.0211
16588,0.0316
16589,0.1971
16590,0.0599
16591,0.2198
16592,0.1767
16593,0.2021
16594,0.0601
16595,0.0479
16596,0.0227
16597,0.0589
16598,0.0589
16599,0.1103
16600,0.0527
16601,0.3886
16602,0.1195
16603,0.0231
16604,0.1138
16605,0.0563
16606,0.0468
16607,0.019
16608,0.0099
16609,0.0152
16610,0.0734
16611,0.0233
16612,0.017
16613,0.023
16614,0.0661
16615,0.0465
16616,0.0449
16617,0.0561
16618,0.0886
16619,0.2354
16620,0.3686
16621,0.0642
16622,0.0237
16623,0.0675
16624,0.0183
16625,0.0422
16626,0.0231
16627,0.0118
16628,0.0767
16629,0.0411
16630,0.1008
16631,0.032
16632,0.1026
16633,0.037
16634,0.0441
16635,0.0284
16636,0.1305
16637,0.0109
16638,0.0355
16639,0.055
16640,0.0319
16641,0.0155
16642,0.0239
16643,0.0453
16644,0.0544
16645,0.0632
16646,0.1345
16647,0.0959
16648,0.2487
16649,0.1111
16650,0.1279
16651,0.0135
16652,0.088
16653,0.0569
16654,0.0094
16655,0.0276
16656,0.0922
16657,0.0237
16658,0.0215
16659,0.0548
16660,0.0335
16661,0.056
16662,0.0818
16663,0.0275
16664,0.0556
16665,0.0155
16666,0.0304
16667,0.0722
16668,0.018
16669,0.0387
16670,0.1127
16671,0.0566
16672,0.1331
16673,0.3497
16674,0.0905
16675,0.0925
16676,0.0633
16677,0.0833
16678,0.0769
16679,0.101
16680,0.063
16681,0.0155
16682,0.2479
16683,0.0477
16684,0.0798
16685,0.0556
16686,0.0761
16687,0.014
16688,0.019
16689,0.0167
16690,0.0191
16691,0.0427
16692,0.2232
16693,0.0593
16694,0.0457
16695,0.0895
16696,0.5631
16697,0.0682
16698,0.0112
16699,0.2156
16700,0.0598
16701,0.2412
16702,0.1933
16703,0.068
16704,0.0187
16705,0.0419
16706,0.035
16707,0.0895
16708,0.2219
16709,0.0422
16710,0.2208
16711,0.082
16712,0.0641
16713,0.0085
16714,0.0195
16715,0.0198
16716,0.052
16717,0.0582
16718,0.013
16719,0.1072
16720,0.1124
16721,0.216
16722,0.0817
16723,0.0436
16724,0.1044
16725,0.1749
16726,0.3485
16727,0.0599
16728,0.0449
16729,0.0229
16730,0.0558
16731,0.4527
16732,0.0413
16733,0.1036
16734,0.3722
16735,0.1623
16736,0.01
16737,0.0195
16738,0.0111
16739,0.0378
16740,0.0502
16741,0.2693
16742,0.2547
16743,0.0081
16744,0.0547
16745,0.0675
16746,0.2176
16747,0.1342
16748,0.1325
16749,0.2564
16750,0.3635
16751,0.0787
16752,0.0551
16753,0.0832
16754,0.0393
16755,0.1852
16756,0.7979
16757,0.0076
16758,0.029
16759,0.3865
16760,0.0414
16761,0.2476
16762,0.0467
16763,0.0812
16764,0.0201
16765,0.0438
16766,0.0039
16767,0.3739
16768,0.0296
16769,0.0618
16770,0.1804
16771,0.1155
16772,0.1993
16773,0.3911
16774,0.3967
16775,0.0209
16776,0.2491
16777,0.0867
16778,0.2056
16779,0.7877
16780,0.2896
16781,0.3117
16782,0.0168
16783,0.2022
16784,0.0523
16785,0.0227
16786,0.0105
16787,0.0604
16788,0.0113
16789,0.0073
16790,0.0331
16791,0.0547
16792,0.0816
16793,0.0721
16794,0.0872
16795,0.0897
16796,0.2472
16797,0.11
16798,0.0815
16799,0.2368
16800,0.0195
16801,0.0414
16802,0.9652
16803,0.7755
16804,0.5329
16805,0.0172
16806,0.0161
16807,0.063
16808,0.4082
16809,0.066
16810,0.0115
16811,0.0607
16812,0.0092
16813,0.0614
16814,0.0627
16815,0.0547
16816,0.0062
16817,0.3821
16818,0.0157
16819,0.0203
16820,0.0993
16821,0.094
16822,0.0649
16823,0.0514
16824,0.2271
16825,0.3431
16826,0.0275
16827,0.1143
16828,0.0945
16829,0.2181
16830,0.7819
16831,0.7004
16832,0.5164
16833,0.0101
16834,0.0496
16835,0.0178
16836,0.3978
16837,0.0877
16838,0.2592
16839,0.0355
16840,0.0848
16841,0.008
16842,0.1072
16843,0.0979
16844,0.129
16845,0.1676
16846,0.3815
16847,0.4006
16848,0.236
16849,0.1308
16850,0.0677
16851,0.0503
16852,0.2319
16853,0.0411
16854,0.034
16855,0.0225
16856,0.1283
16857,0.1322
16858,0.07
16859,0.0975
16860,0.0282
16861,0.8408
16862,0.9279
16863,0.9887
16864,0.0852
16865,0.0331
16866,0.2195
16867,0.2904
16868,0.021
16869,0.0168
16870,0.0211
16871,0.0316
16872,0.0838
16873,0.0391
16874,0.3659
16875,0.8912
16876,0.0689
16877,0.0934
16878,0.0784
16879,0.1501
16880,0.0648
16881,0.3826
16882,0.2161
16883,0.0421
16884,0.1
16885,0.095
16886,0.0796
16887,0.0444
16888,0.0194
16889,0.2665
16890,0.2806
16891,0.1599
16892,0.0624
16893,0.0217
16894,0.0726
16895,0.0734
16896,0.2559
16897,0.021
16898,0.0251
16899,0.0299
16900,0.0249
16901,0.0218
16902,0.0317
16903,0.0429
16904,0.3895
16905,0.4894
16906,0.2499
16907,0.2546
16908,0.1095
16909,0.1669
16910,0.2228
16911,0.4271
16912,0.05
16913,0.0385
16914,0.0317
16915,0.1135
16916,0.2372
16917,0.088
16918,0.297
16919,0.2677
16920,0.239
16921,0.931
16922,0.2141
16923,0.0123
16924,0.1108
16925,0.2276
16926,0.0187
16927,0.0367
16928,0.1941
16929,0.0609
16930,0.0295
16931,0.0234
16932,0.0493
16933,0.1214
16934,0.3736
16935,0.2582
16936,0.3967
16937,0.2695
16938,0.142
16939,0.1387
16940,0.3655
16941,0.0237
16942,0.1491
16943,0.0738
16944,0.0523
16945,0.3605
16946,0.2492
16947,0.0417
16948,0.0202
16949,0.4695
16950,0.3909
16951,0.0654
16952,0.0928
16953,0.0768
16954,0.0469
16955,0.0096
16956,0.0364
16957,0.064
16958,0.0784
16959,0.0793
16960,0.1097
16961,0.3627
16962,0.7118
16963,0.3948
16964,0.366
16965,0.3803
16966,0.1022
16967,0.059
16968,0.079
16969,0.204
16970,0.1751
16971,0.072
16972,0.0239
16973,0.0687
16974,0.1036
16975,0.0097
16976,0.0299
16977,0.0913
16978,0.0207
16979,0.0331
16980,0.0238
16981,0.0076
16982,0.0279
16983,0.0689
16984,0.0574
16985,0.0703
16986,0.2307
16987,0.229
16988,0.3746
16989,0.4905
16990,0.4383
16991,0.2599
16992,0.1053
16993,0.0432
16994,0.0251
16995,0.0416
16996,0.0884
16997,0.0149
16998,0.0135
16999,0.028
17000,0.771
17001,0.0399
17002,0.0206
17003,0.056
17004,0.0355
17005,0.0795
17006,0.0228
17007,0.033
17008,0.016
17009,0.0334
17010,0.0168
17011,0.0117
17012,0.0287
17013,0.0759
17014,0.1056
17015,0.3727
17016,0.3495
17017,0.206
17018,0.8722
17019,0.3849
17020,0.3451
17021,0.2272
17022,0.0353
17023,0.0308
17024,0.0273
17025,0.048
17026,0.04
17027,0.0251
17028,0.0587
17029,0.4119
17030,0.2143
17031,0.3657
17032,0.0245
17033,0.0872
17034,0.0913
17035,0.1103
17036,0.1646
17037,0.0377
17038,0.0305
17039,0.006
17040,0.0441
17041,0.1351
17042,0.8203
17043,0.368
17044,0.4057
17045,0.2368
17046,0.3528
17047,0.1711
17048,0.0887
17049,0.0394
17050,0.0141
17051,0.0195
17052,0.018
17053,0.1034
17054,0.1058
17055,0.0742
17056,0.2472
17057,0.0507
17058,0.01
17059,0.3813
17060,0.0295
17061,0.0142
17062,0.1081
17063,0.2072
17064,0.0243
17065,0.0029
17066,0.2921
17067,0.1619
17068,0.0766
17069,0.094
17070,0.03
17071,0.0873
17072,0.0826
17073,0.0257
17074,0.111
17075,0.0962
17076,0.0326
17077,0.0086
17078,0.2021
17079,0.0153
17080,0.0772
17081,0.0281
17082,0.1145
17083,0.0316
17084,0.0397
17085,0.0068
17086,0.0434
17087,0.1662
17088,0.3672
17089,0.4144
17090,0.0979
17091,0.033
17092,0.0441
17093,0.017
17094,0.0642
17095,0.123
17096,0.0139
17097,0.0235
17098,0.015
17099,0.0316
17100,0.0073
17101,0.0185
17102,0.0735
17103,0.0879
17104,0.3342
17105,0.0154
17106,0.0162
17107,0.0242
17108,0.0589
17109,0.0941
17110,0.3566
17111,0.0908
17112,0.0193
17113,0.1157
17114,0.0279
17115,0.0579
17116,0.1046
17117,0.0408
17118,0.0101
17119,0.2024
17120,0.0115
17121,0.0207
17122,0.0207
17123,0.1175
17124,0.0554
17125,0.0411
17126,0.0183
17127,0.0227
17128,0.0518
17129,0.2643
17130,0.0234
17131,0.0256
17132,0.0279
17133,0.0265
17134,0.0502
17135,0.1689
17136,0.0551
17137,0.2305
17138,0.0937
17139,0.0267
17140,0.0166
17141,0.0401
17142,0.042
17143,0.0261
17144,0.237
17145,0.1345
17146,0.0188
17147,0.0722
17148,0.0573
17149,0.0106
17150,0.3923
17151,0.4994
17152,0.1721
17153,0.0563
17154,0.0115
17155,0.0743
17156,0.0458
17157,0.0919
17158,0.0802
17159,0.0769
17160,0.9405
17161,0.0169
17162,0.0465
17163,0.0719
17164,0.0733
17165,0.0171
17166,0.0259
17167,0.1336
17168,0.3957
17169,0.0474
17170,0.1334
17171,0.0291
17172,0.043
17173,0.0209
17174,0.0641
17175,0.0296
17176,0.023
17177,0.0028
17178,0.054
17179,0.0367
17180,0.0224
17181,0.0564
17182,0.0143
17183,0.0172
17184,0.0958
17185,0.0295
17186,0.0355
17187,0.018
17188,0.028
17189,0.067
17190,0.0937
17191,0.0206
17192,0.0355
17193,0.6363
17194,0.0538
17195,0.0946
17196,0.0416
17197,0.0348
17198,0.0452
17199,0.0596
17200,0.0092
17201,0.0199
17202,0.2541
17203,0.0235
17204,0.0073
17205,0.005
17206,0.0095
17207,0.023
17208,0.0126
17209,0.0433
17210,0.1043
17211,0.0171
17212,0.011
17213,0.1016
17214,0.0325
17215,0.0274
17216,0.0404
17217,0.3722
17218,0.0152
17219,0.0131
17220,0.02
17221,0.0484
17222,0.0074
17223,0.0288
17224,0.1139
17225,0.0593
17226,0.0198
17227,0.0144
17228,0.057
17229,0.1329
17230,0.0811
17231,0.0704
17232,0.0509
17233,0.0208
17234,0.0451
17235,0.0157
17236,0.2067
17237,0.2111
17238,0.1053
17239,0.0087
17240,0.006
17241,0.0358
17242,0.0088
17243,0.0169
17244,0.0156
17245,0.0101
17246,0.0166
17247,0.0179
17248,0.0205
17249,0.0102
17250,0.0188
17251,0.0465
17252,0.0455
17253,0.1054
17254,0.001
17255,0.1002
17256,0.008
17257,0.192
17258,0.0079
17259,0.0292
17260,0.0154
17261,0.0078
17262,0.0147
17263,0.0188
17264,0.0125
17265,0.03
17266,0.0206
17267,0.0105
17268,0.0626
17269,0.0156
17270,0.0267
17271,0.037
17272,0.0149
17273,0.0128
17274,0.0088
17275,0.104
17276,0.0228
17277,0.044
17278,0.0069
17279,0.0086
17280,0.0293
17281,0.0557
17282,0.0094
17283,0.0145
17284,0.1784
17285,0.0489
17286,0.0531
17287,0.0504
17288,0.0195
17289,0.0644
17290,0.0235
17291,0.0076
17292,0.0038
17293,0.0722
17294,0.0926
17295,0.003
17296,0.1216
17297,0.0179
17298,0.0278
17299,0.0234
17300,0.021
17301,0.0177
17302,0.0065
17303,0.007
17304,0.0088
17305,0.0285
17306,0.0125
17307,0.047
17308,0.0445
17309,0.0069
17310,0.2096
17311,0.0146
17312,0.0239
17313,0.0128
17314,0.0048
17315,0.0195
17316,0.046
17317,0.0205
17318,0.0123
17319,0.0304
17320,0.015
17321,0.0313
17322,0.0115
17323,0.0306
17324,0.1102
17325,0.145
17326,0.0755
17327,0.0144
17328,0.0264
17329,0.0186
17330,0.0509
17331,0.2178
17332,0.034
17333,0.0466
17334,0.1184
17335,0.0307
17336,0.0141
17337,0.1212
17338,0.0702
17339,0.0539
17340,0.1198
17341,0.3215
17342,0.0241
17343,0.0319
17344,0.0301
17345,0.2514
17346,0.0731
17347,0.2421
17348,0.1062
17349,0.1245
17350,0.051
17351,0.0198
17352,0.0197
17353,0.0194
17354,0.0185
17355,0.3425
17356,0.0202
17357,0.5909
17358,0.2262
17359,0.0279
17360,0.232
17361,0.0315
17362,0.0699
17363,0.0477
17364,0.0203
17365,0.0132
17366,0.0817
17367,0.2454
17368,0.4039
17369,0.4246
17370,0.1086
17371,0.2494
17372,0.0567
17373,0.0589
17374,0.0725
17375,0.0182
17376,0.063
17377,0.0372
17378,0.4041
17379,0.118
17380,0.2443
17381,0.4016
17382,0.0955
17383,0.019
17384,0.47
17385,0.058
17386,0.3551
17387,0.0491
17388,0.0635
17389,0.0351
17390,0.0491
17391,0.0339
17392,0.0936
17393,0.1105
17394,0.049
17395,0.0309
17396,0.0397
17397,0.0657
17398,0.4025
17399,0.0442
17400,0.0453
17401,0.0669
17402,0.0689
17403,0.078
17404,0.0352
17405,0.0385
17406,0.0435
17407,0.0819
17408,0.0303
17409,0.0622
17410,0.1488
17411,0.2595
17412,0.0375
17413,0.0575
17414,0.0186
17415,0.016
17416,0.0177
17417,0.4044
17418,0.1194
17419,0.079
17420,0.3896
17421,0.3165
17422,0.0092
17423,0.0859
17424,0.0465
17425,0.0161
17426,0.0212
17427,0.0073
17428,0.0085
17429,0.0297
17430,0.013
17431,0.1476
17432,0.0755
17433,0.0868
17434,0.0959
17435,0.2756
17436,0.3769
17437,0.0215
17438,0.1907
17439,0.0492
17440,0.0133
17441,0.0259
17442,0.0148
17443,0.0326
17444,0.2857
17445,0.0462
17446,0.0103
17447,0.0568
17448,0.0661
17449,0.2131
17450,0.3849
17451,0.047
17452,0.0527
17453,0.0251
17454,0.0458
17455,0.0554
17456,0.0181
17457,0.0259
17458,0.0166
17459,0.1299
17460,0.1547
17461,0.0829
17462,0.0912
17463,0.0732
17464,0.0058
17465,0.0313
17466,0.0384
17467,0.0423
17468,0.0959
17469,0.0577
17470,0.1844
17471,0.0187
17472,0.0316
17473,0.0272
17474,0.0163
17475,0.0175
17476,0.0234
17477,0.0456
17478,0.022
17479,0.0159
17480,0.0495
17481,0.1946
17482,0.2738
17483,0.0536
17484,0.032
17485,0.0264
17486,0.0961
17487,0.0593
17488,0.0199
17489,0.057
17490,0.0114
17491,0.0267
17492,0.1704
17493,0.0243
17494,0.0215
17495,0.031
17496,0.051
17497,0.0584
17498,0.2117
17499,0.1885
17500,0.2102
17501,0.062
17502,0.0435
17503,0.0221
17504,0.067
17505,0.056
17506,0.0119
17507,0.1119
17508,0.0518
17509,0.3923
17510,0.1126
17511,0.0248
17512,0.1121
17513,0.0563
17514,0.0489
17515,0.0191
17516,0.0721
17517,0.017
17518,0.0297
17519,0.0741
17520,0.0449
17521,0.0555
17522,0.0581
17523,0.099
17524,0.2036
17525,0.2584
17526,0.06
17527,0.024
17528,0.0725
17529,0.0193
17530,0.0388
17531,0.0771
17532,0.0471
17533,0.1044
17534,0.0349
17535,0.102
17536,0.0325
17537,0.0477
17538,0.0268
17539,0.0178
17540,0.1433
17541,0.0111
17542,0.0311
17543,0.0691
17544,0.0304
17545,0.0177
17546,0.0274
17547,0.0417
17548,0.062
17549,0.0596
17550,0.125
17551,0.0822
17552,0.2431
17553,0.1971
17554,0.1405
17555,0.0134
17556,0.0834
17557,0.0561
17558,0.0338
17559,0.0826
17560,0.0252
17561,0.034
17562,0.0146
17563,0.0539
17564,0.0758
17565,0.0283
17566,0.0646
17567,0.0097
17568,0.0212
17569,0.0308
17570,0.0761
17571,0.0179
17572,0.0384
17573,0.1168
17574,0.057
17575,0.126
17576,0.3234
17577,0.0832
17578,0.1001
17579,0.0601
17580,0.0826
17581,0.0664
17582,0.0994
17583,0.0591
17584,0.011
17585,0.0175
17586,0.2621
17587,0.0553
17588,0.084
17589,0.0571
17590,0.0795
17591,0.0205
17592,0.016
17593,0.023
17594,0.038
17595,0.2069
17596,0.0618
17597,0.0476
17598,0.0894
17599,0.5463
17600,0.0761
17601,0.0169
17602,0.336
17603,0.0638
17604,0.2353
17605,0.189
17606,0.0637
17607,0.0165
17608,0.0429
17609,0.084
17610,0.1578
17611,0.0402
17612,0.2474
17613,0.0694
17614,0.062
17615,0.0168
17616,0.0171
17617,0.0184
17618,0.0538
17619,0.0508
17620,0.0156
17621,0.1172
17622,0.1255
17623,0.1506
17624,0.0819
17625,0.0426
17626,0.1075
17627,0.2323
17628,0.3561
17629,0.0637
17630,0.0447
17631,0.0219
17632,0.0081
17633,0.0516
17634,0.4017
17635,0.1113
17636,0.3599
17637,0.2458
17638,0.0113
17639,0.012
17640,0.0106
17641,0.0366
17642,0.0496
17643,0.2599
17644,0.2609
17645,0.0617
17646,0.0632
17647,0.1291
17648,0.1166
17649,0.1187
17650,0.1757
17651,0.3639
17652,0.0824
17653,0.0617
17654,0.0828
17655,0.0391
17656,0.244
17657,0.7694
17658,0.0309
17659,0.3957
17660,0.0436
17661,0.2544
17662,0.0073
17663,0.0436
17664,0.0716
17665,0.0168
17666,0.0451
17667,0.0041
17668,0.3928
17669,0.0351
17670,0.0596
17671,0.2416
17672,0.1175
17673,0.2054
17674,0.3858
17675,0.3661
17676,0.168
17677,0.2029
17678,0.2019
17679,0.8796
17680,0.295
17681,0.3805
17682,0.0179
17683,0.2091
17684,0.0599
17685,0.0225
17686,0.0165
17687,0.0118
17688,0.0567
17689,0.0089
17690,0.0338
17691,0.0571
17692,0.0678
17693,0.0771
17694,0.0912
17695,0.0897
17696,0.2137
17697,0.2336
17698,0.0909
17699,0.3754
17700,0.0169
17701,0.0359
17702,0.9745
17703,0.771
17704,0.5766
17705,0.0049
17706,0.0255
17707,0.0156
17708,0.0688
17709,0.3608
17710,0.0689
17711,0.014
17712,0.0652
17713,0.0107
17714,0.0564
17715,0.0578
17716,0.0448
17717,0.0095
17718,0.3917
17719,0.0133
17720,0.0195
17721,0.2043
17722,0.0894
17723,0.0566
17724,0.0455
17725,0.2554
17726,0.3401
17727,0.0216
17728,0.1093
17729,0.087
17730,0.082
17731,0.7672
17732,0.6796
17733,0.5147
17734,0.0146
17735,0.0543
17736,0.0198
17737,0.3221
17738,0.0827
17739,0.2623
17740,0.0803
17741,0.0166
17742,0.1291
17743,0.0838
17744,0.1326
17745,0.1624
17746,0.3895
17747,0.3768
17748,0.2189
17749,0.1159
17750,0.0724
17751,0.0449
17752,0.0977
17753,0.0486
17754,0.0359
17755,0.1345
17756,0.1465
17757,0.0652
17758,0.0988
17759,0.0273
17760,0.8085
17761,0.9385
17762,0.981
17763,0.0987
17764,0.0416
17765,0.2237
17766,0.2995
17767,0.018
17768,0.0227
17769,0.0295
17770,0.0976
17771,0.0391
17772,0.3814
17773,0.9576
17774,0.0632
17775,0.0971
17776,0.0719
17777,0.1439
17778,0.0641
17779,0.3777
17780,0.1078
17781,0.0431
17782,0.0867
17783,0.0915
17784,0.0818
17785,0.0439
17786,0.0233
17787,0.3038
17788,0.3873
17789,0.1528
17790,0.0697
17791,0.0826
17792,0.0766
17793,0.2621
17794,0.0168
17795,0.0319
17796,0.027
17797,0.0195
17798,0.0274
17799,0.0324
17800,0.04
17801,0.3788
17802,0.7695
17803,0.2559
17804,0.2543
17805,0.1044
17806,0.1623
17807,0.1605
17808,0.4552
17809,0.0463
17810,0.0267
17811,0.0344
17812,0.0317
17813,0.1338
17814,0.1506
17815,0.0992
17816,0.4163
17817,0.2973
17818,0.2426
17819,0.9491
17820,0.1247
17821,0.0103
17822,0.1231
17823,0.2402
17824,0.0171
17825,0.0393
17826,0.1938
17827,0.0583
17828,0.0258
17829,0.0263
17830,0.0463
17831,0.2069
17832,0.3859
17833,0.2643
17834,0.4132
17835,0.3832
17836,0.1395
17837,0.1324
17838,0.2616
17839,0.0201
17840,0.1543
17841,0.0707
17842,0.0555
17843,0.4081
17844,0.2608
17845,0.0435
17846,0.0183
17847,0.4255
17848,0.4238
17849,0.0632
17850,0.0997
17851,0.079
17852,0.0478
17853,0.0098
17854,0.0236
17855,0.0553
17856,0.0845
17857,0.084
17858,0.1082
17859,0.3683
17860,0.7288
17861,0.385
17862,0.3697
17863,0.402
17864,0.0977
17865,0.064
17866,0.0697
17867,0.1155
17868,0.1841
17869,0.0647
17870,0.019
17871,0.0781
17872,0.0993
17873,0.0095
17874,0.0323
17875,0.0812
17876,0.0215
17877,0.0122
17878,0.0147
17879,0.0077
17880,0.0235
17881,0.0438
17882,0.0552
17883,0.0649
17884,0.219
17885,0.1723
17886,0.3817
17887,0.5275
17888,0.422
17889,0.2622
17890,0.1017
17891,0.0396
17892,0.0274
17893,0.0371
17894,0.0927
17895,0.0178
17896,0.0128
17897,0.025
17898,0.7641
17899,0.0454
17900,0.0193
17901,0.0559
17902,0.0387
17903,0.0793
17904,0.0206
17905,0.0334
17906,0.0227
17907,0.0366
17908,0.0144
17909,0.0123
17910,0.0312
17911,0.0796
17912,0.0952
17913,0.4941
17914,0.3633
17915,0.2255
17916,0.9032
17917,0.3753
17918,0.3795
17919,0.2317
17920,0.0327
17921,0.0364
17922,0.0234
17923,0.0464
17924,0.0389
17925,0.0186
17926,0.0574
17927,0.4309
17928,0.1942
17929,0.3948
17930,0.0218
17931,0.09
17932,0.0948
17933,0.0995
17934,0.1469
17935,0.0292
17936,0.0224
17937,0.0419
17938,0.135
17939,0.9171
17940,0.3685
17941,0.4768
17942,0.3772
17943,0.2453
17944,0.2219
17945,0.1014
17946,0.0395
17947,0.0199
17948,0.0177
17949,0.0245
17950,0.0193
17951,0.093
17952,0.1009
17953,0.0628
17954,0.1716
17955,0.0171
17956,0.0511
17957,0.0107
17958,0.3752
17959,0.0168
17960,0.0086
17961,0.0079
17962,0.1066
17963,0.215
17964,0.0232
17965,0.0054
17966,0.1816
17967,0.2391
17968,0.0691
17969,0.0847
17970,0.0242
17971,0.0819
17972,0.09
17973,0.0242
17974,0.1039
17975,0.0873
17976,0.0318
17977,0.0167
17978,0.1054
17979,0.0743
17980,0.0269
17981,0.1108
17982,0.0302
17983,0.0392
17984,0.0082
17985,0.0427
17986,0.1883
17987,0.3515
17988,0.4713
17989,0.1011
17990,0.0247
17991,0.0309
17992,0.0409
17993,0.0171
17994,0.0552
17995,0.0972
17996,0.0165
17997,0.0212
17998,0.0131
17999,0.0066
18000,0.007
18001,0.0172
18002,0.072
18003,0.0735
18004,0.3953
18005,0.0118
18006,0.0167
18007,0.1928
18008,0.0515
18009,0.0823
18010,0.357
18011,0.1159
18012,0.0134
18013,0.1228
18014,0.0184
18015,0.0559
18016,0.0936
18017,0.0088
18018,0.1951
18019,0.0156
18020,0.1068
18021,0.0567
18022,0.0446
18023,0.0135
18024,0.0258
18025,0.0462
18026,0.2701
18027,0.0289
18028,0.0198
18029,0.0249
18030,0.0283
18031,0.0498
18032,0.1718
18033,0.0484
18034,0.2286
18035,0.0828
18036,0.0215
18037,0.0159
18038,0.0341
18039,0.0351
18040,0.024
18041,0.2531
18042,0.1721
18043,0.0147
18044,0.0694
18045,0.0506
18046,0.0083
18047,0.011
18048,0.3655
18049,0.5036
18050,0.1799
18051,0.0537
18052,0.0811
18053,0.0457
18054,0.0403
18055,0.0922
18056,0.0864
18057,0.0705
18058,0.8787
18059,0.0534
18060,0.009
18061,0.0694
18062,0.0648
18063,0.0173
18064,0.0241
18065,0.1199
18066,0.3785
18067,0.0501
18068,0.2128
18069,0.0269
18070,0.0537
18071,0.0197
18072,0.0682
18073,0.0263
18074,0.0186
18075,0.0025
18076,0.0468
18077,0.0422
18078,0.0204
18079,0.0203
18080,0.0571
18081,0.0171
18082,0.1271
18083,0.0256
18084,0.0348
18085,0.0137
18086,0.024
18087,0.075
18088,0.0781
18089,0.0178
18090,0.0375
18091,0.7291
18092,0.0513
18093,0.209
18094,0.0448
18095,0.0281
18096,0.0438
18097,0.0522
18098,0.0096
18099,0.2513
18100,0.0192
18101,0.0092
18102,0.0146
18103,0.0378
18104,0.0959
18105,0.0108
18106,0.1153
18107,0.0255
18108,0.0241
18109,0.0391
18110,0.3779
18111,0.0237
18112,0.0207
18113,0.0076
18114,0.0147
18115,0.013
18116,0.0557
18117,0.0248
18118,0.1271
18119,0.0572
18120,0.0129
18121,0.0545
18122,0.1308
18123,0.0818
18124,0.0634
18125,0.0571
18126,0.0301
18127,0.0462
18128,0.202
18129,0.2314
18130,0.116
18131,0.0025
18132,0.0326
18133,0.0109
18134,0.0144
18135,0.0137
18136,0.0084
18137,0.0108
18138,0.0174
18139,0.0179
18140,0.0451
18141,0.0409
18142,0.107
18143,0.0075
18144,0.0886
18145,0.0054
18146,0.1827
18147,0.0318
18148,0.0143
18149,0.0114
18150,0.0176
18151,0.0199
18152,0.0118
18153,0.031
18154,0.0077
18155,0.0676
18156,0.0205
18157,0.0323
18158,0.0144
18159,0.0364
18160,0.0182
18161,0.0101
18162,0.0076
18163,0.0079
18164,0.1045
18165,0.0206
18166,0.0412
18167,0.0058
18168,0.0285
18169,0.0124
18170,0.0631
18171,0.2647
18172,0.0479
18173,0.0688
18174,0.0535
18175,0.0629
18176,0.0206
18177,0.0066
18178,0.0843
18179,0.0965
18180,0.0056
18181,0.1553
18182,0.0149
18183,0.0285
18184,0.0259
18185,0.0272
18186,0.0151
18187,0.0235
18188,0.0046
18189,0.0059
18190,0.0088
18191,0.0074
18192,0.0318
18193,0.0129
18194,0.0096
18195,0.0662
18196,0.0542
18197,0.008
18198,0.0085
18199,0.2359
18200,0.014
18201,0.0159
18202,0.0163
18203,0.0241
18204,0.0055
18205,0.0146
18206,0.0173
18207,0.0453
18208,0.0179
18209,0.0154
18210,0.0302
18211,0.0344
18212,0.0094
18213,0.0162
18214,0.0389
18215,0.1619
18216,0.1846
18217,0.0199
18218,0.0795
18219,0.0182
18220,0.0066
18221,0.022
18222,0.0389
18223,0.2182
18224,0.0259
18225,0.0444
18226,0.0947
18227,0.0405
18228,0.0177
18229,0.1294
18230,0.0508
18231,0.0693
18232,0.0495
18233,0.3288
18234,0.3293
18235,0.0333
18236,0.1551
18237,0.0629
18238,0.2594
18239,0.0992
18240,0.1278
18241,0.0173
18242,0.0678
18243,0.0515
18244,0.0172
18245,0.2549
18246,0.022
18247,0.5819
18248,0.2399
18249,0.029
18250,0.1182
18251,0.0519
18252,0.012
18253,0.035
18254,0.0262
18255,0.0744
18256,0.0483
18257,0.0176
18258,0.0154
18259,0.0995
18260,0.2219
18261,0.4267
18262,0.3965
18263,0.0775
18264,0.2623
18265,0.0249
18266,0.0545
18267,0.0486
18268,0.0711
18269,0.0632
18270,0.4212
18271,0.1267
18272,0.1448
18273,0.3819
18274,0.0855
18275,0.0235
18276,0.4506
18277,0.0564
18278,0.5307
18279,0.0572
18280,0.0544
18281,0.0351
18282,0.0544
18283,0.0893
18284,0.2064
18285,0.0345
18286,0.0261
18287,0.0329
18288,0.0659
18289,0.2694
18290,0.0415
18291,0.0429
18292,0.0651
18293,0.072
18294,0.0768
18295,0.0385
18296,0.0474
18297,0.0842
18298,0.0662
18299,0.1634
18300,0.2706
18301,0.0434
18302,0.0454
18303,0.0203
18304,0.0151
18305,0.3725
18306,0.1201
18307,0.0834
18308,0.2664
18309,0.2995
18310,0.0843
18311,0.0474
18312,0.0132
18313,0.0226
18314,0.0111
18315,0.0093
18316,0.012
18317,0.1387
18318,0.0059
18319,0.0862
18320,0.0832
18321,0.1032
18322,0.1683
18323,0.3768
18324,0.0242
18325,0.2121
18326,0.0488
18327,0.0092
18328,0.0264
18329,0.016
18330,0.1909
18331,0.048
18332,0.0109
18333,0.0528
18334,0.0609
18335,0.0293
18336,0.1288
18337,0.3606
18338,0.0512
18339,0.0599
18340,0.0157
18341,0.0222
18342,0.0419
18343,0.0632
18344,0.0088
18345,0.0281
18346,0.0093
18347,0.1267
18348,0.1432
18349,0.0853
18350,0.0926
18351,0.0715
18352,0.0359
18353,0.0349
18354,0.0352
18355,0.038
18356,0.0961
18357,0.0587
18358,0.1853
18359,0.0191
18360,0.0332
18361,0.022
18362,0.0167
18363,0.0156
18364,0.0234
18365,0.0478
18366,0.0191
18367,0.0477
18368,0.197
18369,0.3833
18370,0.0439
18371,0.0354
18372,0.0323
18373,0.0986
18374,0.06
18375,0.021
18376,0.0498
18377,0.159
18378,0.0277
18379,0.0206
18380,0.0299
18381,0.0086
18382,0.1972
18383,0.0615
18384,0.2269
18385,0.2023
18386,0.2137
18387,0.0628
18388,0.045
18389,0.0227
18390,0.0593
18391,0.0545
18392,0.0119
18393,0.0942
18394,0.0496
18395,0.4117
18396,0.1231
18397,0.0222
18398,0.115
18399,0.0592
18400,0.0445
18401,0.0152
18402,0.0686
18403,0.0169
18404,0.0193
18405,0.026
18406,0.0627
18407,0.0491
18408,0.183
18409,0.058
18410,0.1005
18411,0.201
18412,0.352
18413,0.0697
18414,0.0244
18415,0.0754
18416,0.0167
18417,0.0408
18418,0.01
18419,0.0206
18420,0.0125
18421,0.0817
18422,0.0447
18423,0.0988
18424,0.0366
18425,0.1093
18426,0.0342
18427,0.0424
18428,0.0304
18429,0.1275
18430,0.0317
18431,0.0672
18432,0.0357
18433,0.0271
18434,0.0417
18435,0.0615
18436,0.0627
18437,0.1222
18438,0.0853
18439,0.2523
18440,0.1243
18441,0.148
18442,0.0124
18443,0.0808
18444,0.0111
18445,0.056
18446,0.0077
18447,0.0286
18448,0.0826
18449,0.0211
18450,0.056
18451,0.0313
18452,0.0153
18453,0.0609
18454,0.0715
18455,0.0307
18456,0.0618
18457,0.0228
18458,0.0801
18459,0.0215
18460,0.0374
18461,0.1136
18462,0.0538
18463,0.1243
18464,0.2998
18465,0.0871
18466,0.1043
18467,0.0586
18468,0.0835
18469,0.061
18470,0.1039
18471,0.0635
18472,0.0122
18473,0.0153
18474,0.1888
18475,0.0527
18476,0.0818
18477,0.0542
18478,0.0748
18479,0.0262
18480,0.0168
18481,0.0235
18482,0.0404
18483,0.2105
18484,0.066
18485,0.0459
18486,0.092
18487,0.5548
18488,0.0748
18489,0.0163
18490,0.3329
18491,0.0593
18492,0.2452
18493,0.173
18494,0.0627
18495,0.0149
18496,0.0457
18497,0.1259
18498,0.0367
18499,0.0891
18500,0.1566
18501,0.044
18502,0.2464
18503,0.0665
18504,0.0635
18505,0.0126
18506,0.0188
18507,0.0254
18508,0.0512
18509,0.0557
18510,0.016
18511,0.1054
18512,0.1291
18513,0.2264
18514,0.0902
18515,0.0436
18516,0.1126
18517,0.1688
18518,0.3573
18519,0.0613
18520,0.0425
18521,0.0212
18522,0.0073
18523,0.0583
18524,0.4073
18525,0.0411
18526,0.1209
18527,0.3543
18528,0.1498
18529,0.0092
18530,0.0093
18531,0.0092
18532,0.0469
18533,0.0498
18534,0.2712
18535,0.2469
18536,0.0579
18537,0.0644
18538,0.1233
18539,0.1157
18540,0.1151
18541,0.1739
18542,0.3668
18543,0.0859
18544,0.0147
18545,0.0531
18546,0.0747
18547,0.043
18548,0.3789
18549,0.7735
18550,0.0065
18551,0.0249
18552,0.3744
18553,0.045
18554,0.3635
18555,0.0467
18556,0.0751
18557,0.0198
18558,0.0433
18559,0.4133
18560,0.0326
18561,0.0614
18562,0.2367
18563,0.1247
18564,0.2403
18565,0.3742
18566,0.3733
18567,0.0201
18568,0.2637
18569,0.2039
18570,0.1032
18571,0.7984
18572,0.3
18573,0.3805
18574,0.0177
18575,0.1253
18576,0.0608
18577,0.0218
18578,0.0154
18579,0.0068
18580,0.0103
18581,0.0602
18582,0.0095
18583,0.0105
18584,0.029
18585,0.2011
18586,0.0723
18587,0.071
18588,0.0914
18589,0.084
18590,0.2288
18591,0.2536
18592,0.0211
18593,0.0865
18594,0.2643
18595,0.0431
18596,1.0
18597,0.7665
18598,0.5711
18599,0.0234
18600,0.0684
18601,0.3884
18602,0.0648
18603,0.0088
18604,0.0669
18605,0.0117
18606,0.0619
18607,0.0642
18608,0.0469
18609,0.0086
18610,0.3717
18611,0.0117
18612,0.0176
18613,0.089
18614,0.0872
18615,0.0541
18616,0.0464
18617,0.2459
18618,0.3528
18619,0.0266
18620,0.101
18621,0.0861
18622,0.2443
18623,0.7852
18624,0.7155
18625,0.52
18626,0.0158
18627,0.0494
18628,0.018
18629,0.3211
18630,0.0759
18631,0.2641
18632,0.0708
18633,0.0166
18634,0.1162
18635,0.105
18636,0.1236
18637,0.1807
18638,0.3485
18639,0.3889
18640,0.2301
18641,0.1318
18642,0.0707
18643,0.0432
18644,0.0958
18645,0.0468
18646,0.0348
18647,0.1301
18648,0.1541
18649,0.0657
18650,0.1019
18651,0.028
18652,0.7791
18653,0.9257
18654,1.0
18655,0.0952
18656,0.0408
18657,0.14
18658,0.3532
18659,0.0173
18660,0.0225
18661,0.0223
18662,0.0406
18663,0.0865
18664,0.0396
18665,0.3941
18666,0.9748
18667,0.059
18668,0.091
18669,0.0742
18670,0.1385
18671,0.0702
18672,0.3782
18673,0.2252
18674,0.0439
18675,0.0878
18676,0.0926
18677,0.0841
18678,0.0439
18679,0.0194
18680,0.2716
18681,0.2843
18682,0.1557
18683,0.0724
18684,0.023
18685,0.0737
18686,0.0707
18687,0.2547
18688,0.0188
18689,0.0265
18690,0.0337
18691,0.0231
18692,0.0235
18693,0.0305
18694,0.0413
18695,0.4288
18696,0.4575
18697,0.2565
18698,0.183
18699,0.1027
18700,0.1673
18701,0.1515
18702,0.4516
18703,0.0524
18704,0.0279
18705,0.0332
18706,0.0334
18707,0.1309
18708,0.1584
18709,0.1
18710,0.4
18711,0.2543
18712,0.2389
18713,0.9045
18714,0.1101
18715,0.0112
18716,0.1219
18717,0.2444
18718,0.0166
18719,0.0399
18720,0.3973
18721,0.0564
18722,0.0254
18723,0.0228
18724,0.0454
18725,0.2001
18726,0.3858
18727,0.3666
18728,0.4091
18729,0.3656
18730,0.1324
18731,0.1375
18732,0.3683
18733,0.1549
18734,0.0647
18735,0.0511
18736,0.4087
18737,0.2585
18738,0.0365
18739,0.0188
18740,0.4219
18741,0.3185
18742,0.0057
18743,0.0678
18744,0.1039
18745,0.0822
18746,0.0431
18747,0.0086
18748,0.0079
18749,0.0157
18750,0.0259
18751,0.058
18752,0.0822
18753,0.0826
18754,0.1102
18755,0.4021
18756,0.7452
18757,0.3742
18758,0.3334
18759,0.3985
18760,0.0938
18761,0.0164
18762,0.0607
18763,0.0744
18764,0.1179
18765,0.1825
18766,0.0646
18767,0.0232
18768,0.0697
18769,0.1021
18770,0.0094
18771,0.0066
18772,0.0294
18773,0.0831
18774,0.0242
18775,0.0111
18776,0.0329
18777,0.0172
18778,0.0097
18779,0.0243
18780,0.0397
18781,0.0535
18782,0.0653
18783,0.3789
18784,0.1606
18785,0.3317
18786,0.5196
18787,0.4437
18788,0.2617
18789,0.0949
18790,0.0413
18791,0.0217
18792,0.0385
18793,0.0903
18794,0.0165
18795,0.0118
18796,0.0268
18797,0.7714
18798,0.0439
18799,0.0205
18800,0.0568
18801,0.0405
18802,0.0851
18803,0.0217
18804,0.036
18805,0.0282
18806,0.0195
18807,0.0115
18808,0.031
18809,0.0806
18810,0.0962
18811,0.496
18812,0.352
18813,0.2183
18814,0.9294
18815,0.388
18816,0.379
18817,0.2292
18818,0.0114
18819,0.0329
18820,0.0315
18821,0.0285
18822,0.0488
18823,0.0391
18824,0.0139
18825,0.0242
18826,0.0583
18827,0.4133
18828,0.0692
18829,0.3739
18830,0.0203
18831,0.0815
18832,0.1068
18833,0.0911
18834,0.1491
18835,0.0309
18836,0.022
18837,0.0387
18838,0.1358
18839,0.8944
18840,0.4043
18841,0.4718
18842,0.2535
18843,0.3828
18844,0.1523
18845,0.0992
18846,0.0394
18847,0.0178
18848,0.0248
18849,0.0176
18850,0.1042
18851,0.1011
18852,0.069
18853,0.2401
18854,0.0204
18855,0.0474
18856,0.0087
18857,0.2341
18858,0.0201
18859,0.0068
18860,0.0107
18861,0.1054
18862,0.2286
18863,0.0228
18864,0.004
18865,0.3213
18866,0.2287
18867,0.065
18868,0.0884
18869,0.0264
18870,0.087
18871,0.0876
18872,0.03
18873,0.0966
18874,0.0832
18875,0.0296
18876,0.0109
18877,0.2103
18878,0.0664
18879,0.025
18880,0.1125
18881,0.0316
18882,0.044
18883,0.0072
18884,0.0416
18885,0.1693
18886,0.3369
18887,0.4622
18888,0.1016
18889,0.0169
18890,0.0301
18891,0.0369
18892,0.0485
18893,0.1056
18894,0.0159
18895,0.024
18896,0.0128
18897,0.0088
18898,0.0057
18899,0.0199
18900,0.0722
18901,0.0768
18902,0.3515
18903,0.0109
18904,0.0159
18905,0.1824
18906,0.0534
18907,0.0985
18908,0.3814
18909,0.1109
18910,0.0163
18911,0.0094
18912,0.2173
18913,0.0222
18914,0.0102
18915,0.0563
18916,0.1016
18917,0.0382
18918,0.0068
18919,0.1926
18920,0.0168
18921,0.0228
18922,0.1072
18923,0.055
18924,0.0398
18925,0.0284
18926,0.0455
18927,0.2815
18928,0.0242
18929,0.0169
18930,0.0287
18931,0.0258
18932,0.0497
18933,0.1881
18934,0.0531
18935,0.2384
18936,0.0875
18937,0.0207
18938,0.0169
18939,0.0361
18940,0.041
18941,0.0257
18942,0.2405
18943,0.1494
18944,0.0158
18945,0.0708
18946,0.0537
18947,0.0096
18948,0.3987
18949,0.519
18950,0.1012
18951,0.0526
18952,0.0069
18953,0.0803
18954,0.0472
18955,0.0345
18956,0.0838
18957,0.0731
18958,0.0687
18959,0.9046
18960,0.0502
18961,0.0126
18962,0.0678
18963,0.0619
18964,0.0147
18965,0.116
18966,0.3161
18967,0.0539
18968,0.1342
18969,0.0572
18970,0.0184
18971,0.0685
18972,0.0261
18973,0.0217
18974,0.0025
18975,0.0476
18976,0.0416
18977,0.0212
18978,0.0203
18979,0.0559
18980,0.0161
18981,0.129
18982,0.0324
18983,0.0259
18984,0.0694
18985,0.0781
18986,0.0186
18987,0.0355
18988,0.7665
18989,0.0458
18990,0.0916
18991,0.0456
18992,0.0335
18993,0.0461
18994,0.0415
18995,0.0097
18996,0.0146
18997,0.396
18998,0.0185
18999,0.0058
19000,0.0044
19001,0.0058
19002,0.0147
19003,0.0083
19004,0.0377
19005,0.0958
19006,0.0085
19007,0.0112
19008,0.1092
19009,0.0291
19010,0.0063
19011,0.0336
19012,0.264
19013,0.0168
19014,0.0081
19015,0.0172
19016,0.0115
19017,0.0516
19018,0.0064
19019,0.0271
19020,0.0024
19021,0.1209
19022,0.058
19023,0.008
19024,0.0161
19025,0.0159
19026,0.0123
19027,0.0573
19028,0.1402
19029,0.0769
19030,0.0607
19031,0.0609
19032,0.0265
19033,0.0492
19034,0.2008
19035,0.214
19036,0.2382
19037,0.0018
19038,0.0323
19039,0.0099
19040,0.0147
19041,0.0125
19042,0.0112
19043,0.0139
19044,0.0092
19045,0.0113
19046,0.0144
19047,0.0153
19048,0.0194
19049,0.0523
19050,0.0401
19051,0.1089
19052,0.0061
19053,0.0072
19054,0.0955
19055,0.0088
19056,0.248
19057,0.0052
19058,0.0319
19059,0.0134
19060,0.0097
19061,0.0158
19062,0.0156
19063,0.0146
19064,0.0319
19065,0.0185
19066,0.0712
19067,0.0192
19068,0.0367
19069,0.0108
19070,0.0341
19071,0.0141
19072,0.0191
19073,0.0047
19074,0.1035
19075,0.0179
19076,0.0403
19077,0.0284
19078,0.0079
19079,0.0098
19080,0.0666
19081,0.0076
19082,0.014
19083,0.0139
19084,0.2583
19085,0.0498
19086,0.063
19087,0.0526
19088,0.0134
19089,0.0628
19090,0.0202
19091,0.0076
19092,0.0914
19093,0.0112
19094,0.0899
19095,0.1543
19096,0.0179
19097,0.0247
19098,0.0257
19099,0.0193
19100,0.0189
19101,0.0113
19102,0.0081
19103,0.0081
19104,0.0338
19105,0.0124
19106,0.0093
19107,0.0639
19108,0.0547
19109,0.1807
19110,0.0193
19111,0.0062
19112,0.019
19113,0.0525
19114,0.0201
19115,0.0324
19116,0.013
19117,0.0331
19118,0.0155
19119,0.1652
19120,0.1697
19121,0.093
19122,0.0157
19123,0.0058
19124,0.0346
19125,0.0374
19126,0.0569
19127,0.0548
19128,0.0275
19129,0.0286
19130,0.0237
19131,0.1019
19132,0.0375
19133,0.0034
19134,0.1198
19135,0.0686
19136,0.0515
19137,0.1187
19138,0.3051
19139,0.258
19140,0.066
19141,0.1976
19142,0.1204
19143,0.2685
19144,0.0534
19145,0.0756
19146,0.0657
19147,0.0163
19148,0.1489
19149,0.027
19150,0.5918
19151,0.2356
19152,0.0151
19153,0.1168
19154,0.0331
19155,0.076
19156,0.0514
19157,0.0216
19158,0.0136
19159,0.0942
19160,0.2359
19161,0.2938
19162,0.4132
19163,0.0867
19164,0.1022
19165,0.1511
19166,0.024
19167,0.0471
19168,0.0516
19169,0.063
19170,0.074
19171,0.0359
19172,0.3932
19173,0.1117
19174,0.1294
19175,0.3836
19176,0.0229
19177,0.3954
19178,0.0175
19179,0.0651
19180,0.5195
19181,0.0579
19182,0.0549
19183,0.0375
19184,0.0491
19185,0.0915
19186,0.1002
19187,0.0416
19188,0.0289
19189,0.0365
19190,0.0631
19191,0.274
19192,0.0427
19193,0.043
19194,0.0566
19195,0.0693
19196,0.0811
19197,0.0319
19198,0.0761
19199,0.0564
19200,0.1548
19201,0.1516
19202,0.0172
19203,0.05
19204,0.0169
19205,0.015
19206,0.3619
19207,0.1221
19208,0.0921
19209,0.4032
19210,0.4403
19211,0.0896
19212,0.0477
19213,0.0159
19214,0.0157
19215,0.0114
19216,0.0115
19217,0.0323
19218,0.0045
19219,0.0711
19220,0.085
19221,0.0968
19222,0.1799
19223,0.3777
19224,0.0236
19225,0.1925
19226,0.0603
19227,0.0072
19228,0.0279
19229,0.0166
19230,0.0281
19231,0.2708
19232,0.0161
19233,0.0413
19234,0.0654
19235,0.0616
19236,0.0286
19237,0.2184
19238,0.3297
19239,0.0544
19240,0.0527
19241,0.0132
19242,0.0299
19243,0.0495
19244,0.0537
19245,0.0294
19246,0.1278
19247,0.1649
19248,0.0885
19249,0.0905
19250,0.0709
19251,0.0271
19252,0.0313
19253,0.0378
19254,0.0403
19255,0.1022
19256,0.0587
19257,0.2051
19258,0.0144
19259,0.0335
19260,0.0255
19261,0.0161
19262,0.0166
19263,0.0215
19264,0.0467
19265,0.0196
19266,0.0467
19267,0.1964
19268,0.3914
19269,0.0436
19270,0.0275
19271,0.0262
19272,0.0958
19273,0.0622
19274,0.0215
19275,0.0524
19276,0.0269
19277,0.1695
19278,0.0253
19279,0.0235
19280,0.0307
19281,0.0079
19282,0.2202
19283,0.0576
19284,0.2366
19285,0.1867
19286,0.2086
19287,0.0635
19288,0.0417
19289,0.0226
19290,0.0573
19291,0.0566
19292,0.0103
19293,0.1099
19294,0.0501
19295,0.4211
19296,0.1273
19297,0.0255
19298,0.1108
19299,0.057
19300,0.0202
19301,0.0123
19302,0.0702
19303,0.0195
19304,0.016
19305,0.0179
19306,0.0231
19307,0.0638
19308,0.0467
19309,0.1765
19310,0.0598
19311,0.0922
19312,0.2031
19313,0.3908
19314,0.0624
19315,0.0247
19316,0.0704
19317,0.017
19318,0.0397
19319,0.0084
19320,0.0182
19321,0.0119
19322,0.0762
19323,0.0466
19324,0.1125
19325,0.0359
19326,0.1013
19327,0.0345
19328,0.0461
19329,0.0269
19330,0.1376
19331,0.0094
19332,0.0671
19333,0.0315
19334,0.0183
19335,0.0272
19336,0.0348
19337,0.0632
19338,0.0629
19339,0.1278
19340,0.0781
19341,0.2732
19342,0.1136
19343,0.1424
19344,0.0129
19345,0.0827
19346,0.051
19347,0.0342
19348,0.074
19349,0.0215
19350,0.0537
19351,0.0329
19352,0.0595
19353,0.0676
19354,0.025
19355,0.063
19356,0.023
19357,0.0315
19358,0.0743
19359,0.0166
19360,0.0463
19361,0.1279
19362,0.0525
19363,0.1266
19364,0.3069
19365,0.0868
19366,0.242
19367,0.0603
19368,0.0849
19369,0.0656
19370,0.1012
19371,0.0645
19372,0.0142
19373,0.0176
19374,0.2664
19375,0.0513
19376,0.0812
19377,0.0545
19378,0.0786
19379,0.0156
19380,0.0272
19381,0.041
19382,0.3205
19383,0.0579
19384,0.0444
19385,0.0854
19386,0.541
19387,0.0793
19388,0.0151
19389,0.3309
19390,0.0579
19391,0.2396
19392,0.1793
19393,0.0656
19394,0.0184
19395,0.0419
19396,0.0372
19397,0.0948
19398,0.1565
19399,0.0393
19400,0.1594
19401,0.0691
19402,0.0598
19403,0.0248
19404,0.0223
19405,0.0521
19406,0.0566
19407,0.0168
19408,0.1043
19409,0.1283
19410,0.1473
19411,0.0914
19412,0.0429
19413,0.1136
19414,0.1661
19415,0.354
19416,0.0629
19417,0.0093
19418,0.0445
19419,0.0234
19420,0.0093
19421,0.0559
19422,0.4083
19423,0.0401
19424,0.1105
19425,0.3355
19426,0.2368
19427,0.0126
19428,0.0105
19429,0.0406
19430,0.0501
19431,0.2637
19432,0.3986
19433,0.0597
19434,0.0643
19435,0.2245
19436,0.1302
19437,0.121
19438,0.2454
19439,0.3743
19440,0.084
19441,0.0519
19442,0.074
19443,0.0387
19444,0.2458
19445,0.7656
19446,0.0308
19447,0.2926
19448,0.0405
19449,0.1874
19450,0.047
19451,0.0684
19452,0.0185
19453,0.0474
19454,0.0026
19455,0.3795
19456,0.2286
19457,0.062
19458,0.2326
19459,0.1178
19460,0.2471
19461,0.3816
19462,0.3617
19463,0.0199
19464,0.1658
19465,0.1996
19466,0.1048
19467,0.8904
19468,0.3848
19469,0.3825
19470,0.017
19471,0.2116
19472,0.0648
19473,0.0174
19474,0.0105
19475,0.0583
19476,0.0104
19477,0.028
19478,0.0571
19479,0.0719
19480,0.0695
19481,0.0799
19482,0.0878
19483,0.3692
19484,0.3692
19485,0.0237
19486,0.0947
19487,0.382
19488,0.0168
19489,0.0379
19490,1.0
19491,0.7838
19492,0.5899
19493,0.0081
19494,0.0174
19495,0.0627
19496,0.3655
19497,0.0727
19498,0.0109
19499,0.0629
19500,0.0045
19501,0.0104
19502,0.0532
19503,0.0596
19504,0.0511
19505,0.0088
19506,0.3971
19507,0.0125
19508,0.0192
19509,0.0857
19510,0.0881
19511,0.0532
19512,0.0457
19513,0.433
19514,0.3704
19515,0.0252
19516,0.1124
19517,0.0909
19518,0.088
19519,0.8086
19520,0.7204
19521,0.5145
19522,0.0517
19523,0.0216
19524,0.0082
19525,0.3113
19526,0.0746
19527,0.1926
19528,0.0209
19529,0.0742
19530,0.0148
19531,0.1205
19532,0.0923
19533,0.1357
19534,0.1622
19535,0.3778
19536,0.3792
19537,0.2588
19538,0.1199
19539,0.0737
19540,0.0459
19541,0.0998
19542,0.0474
19543,0.0363
19544,0.0233
19545,0.1326
19546,0.1544
19547,0.0684
19548,0.0924
19549,0.0243
19550,0.7859
19551,0.9242
19552,0.9706
19553,0.0932
19554,0.0408
19555,0.2297
19556,0.0154
19557,0.3802
19558,0.0164
19559,0.0161
19560,0.0219
19561,0.0263
19562,0.0754
19563,0.0426
19564,0.3787
19565,0.9268
19566,0.0658
19567,0.0933
19568,0.0748
19569,0.1479
19570,0.0634
19571,0.3803
19572,0.2326
19573,0.0465
19574,0.0874
19575,0.0883
19576,0.0818
19577,0.0463
19578,0.0219
19579,0.2654
19580,0.2862
19581,0.1589
19582,0.0725
19583,0.077
19584,0.0846
19585,0.2603
19586,0.0188
19587,0.0295
19588,0.0266
19589,0.0222
19590,0.019
19591,0.0307
19592,0.0419
19593,0.4053
19594,0.46
19595,0.2554
19596,0.178
19597,0.108
19598,0.1796
19599,0.146
19600,0.4531
19601,0.0477
19602,0.0259
19603,0.0338
19604,0.0308
19605,0.1271
19606,0.1332
19607,0.1909
19608,0.4672
19609,0.4065
19610,0.1723
19611,0.9248
19612,0.1119
19613,0.0138
19614,0.1266
19615,0.2451
19616,0.0185
19617,0.046
19618,0.2822
19619,0.0538
19620,0.0242
19621,0.0237
19622,0.0435
19623,0.1995
19624,0.3771
19625,0.2498
19626,0.4078
19627,0.3598
19628,0.1422
19629,0.136
19630,0.3701
19631,0.0233
19632,0.153
19633,0.0735
19634,0.0531
19635,0.3961
19636,0.2704
19637,0.0363
19638,0.4241
19639,0.4143
19640,0.0721
19641,0.1031
19642,0.0827
19643,0.0443
19644,0.0099
19645,0.0174
19646,0.029
19647,0.0571
19648,0.0812
19649,0.0808
19650,0.1091
19651,0.3726
19652,0.7095
19653,0.3738
19654,0.3882
19655,0.3917
19656,0.0947
19657,0.0678
19658,0.0704
19659,0.1138
19660,0.2403
19661,0.0654
19662,0.0225
19663,0.0689
19664,0.0987
19665,0.0112
19666,0.004
19667,0.0348
19668,0.0827
19669,0.0199
19670,0.0129
19671,0.03
19672,0.0165
19673,0.0092
19674,0.0238
19675,0.0491
19676,0.0607
19677,0.0662
19678,0.2185
19679,0.1597
19680,0.3773
19681,0.5385
19682,0.4414
19683,0.263
19684,0.1006
19685,0.0417
19686,0.022
19687,0.0378
19688,0.0914
19689,0.0163
19690,0.011
19691,0.778
19692,0.0432
19693,0.0191
19694,0.0538
19695,0.0365
19696,0.084
19697,0.0185
19698,0.0343
19699,0.026
19700,0.013
19701,0.0105
19702,0.0352
19703,0.0791
19704,0.096
19705,0.5153
19706,0.3517
19707,0.2195
19708,0.875
19709,0.3507
19710,0.3914
19711,0.2272
19712,0.0332
19713,0.0324
19714,0.0275
19715,0.049
19716,0.0382
19717,0.0198
19718,0.0593
19719,0.437
19720,0.076
19721,0.3824
19722,0.0228
19723,0.0791
19724,0.1112
19725,0.1138
19726,0.159
19727,0.024
19728,0.0233
19729,0.0075
19730,0.0425
19731,0.1309
19732,0.895
19733,0.3781
19734,0.4871
19735,0.375
19736,0.2489
19737,0.1696
19738,0.103
19739,0.0359
19740,0.0187
19741,0.0186
19742,0.0235
19743,0.0172
19744,0.1043
19745,0.1036
19746,0.07
19747,0.2429
19748,0.0168
19749,0.0475
19750,0.2293
19751,0.0181
19752,0.0084
19753,0.0096
19754,0.111
19755,0.2121
19756,0.0222
19757,0.006
19758,0.1887
19759,0.2446
19760,0.0658
19761,0.0854
19762,0.024
19763,0.0802
19764,0.0893
19765,0.023
19766,0.0989
19767,0.0855
19768,0.0309
19769,0.014
19770,0.209
19771,0.0112
19772,0.0664
19773,0.0276
19774,0.1128
19775,0.0289
19776,0.042
19777,0.0057
19778,0.0447
19779,0.1899
19780,0.359
19781,0.4526
19782,0.1021
19783,0.0124
19784,0.0299
19785,0.0399
19786,0.0166
19787,0.051
19788,0.1058
19789,0.0169
19790,0.0226
19791,0.0106
19792,0.0087
19793,0.0067
19794,0.0201
19795,0.0693
19796,0.0775
19797,0.393
19798,0.011
19799,0.0135
19800,0.0233
19801,0.0562
19802,0.0905
19803,0.3657
19804,0.0961
19805,0.1281
19806,0.0224
19807,0.0577
19808,0.1051
19809,0.0429
19810,0.0073
19811,0.0126
19812,0.2545
19813,0.0199
19814,0.0178
19815,0.1033
19816,0.0611
19817,0.0408
19818,0.0154
19819,0.0257
19820,0.0503
19821,0.2703
19822,0.0212
19823,0.0153
19824,0.0257
19825,0.0313
19826,0.0474
19827,0.1826
19828,0.0498
19829,0.2424
19830,0.0797
19831,0.021
19832,0.0403
19833,0.042
19834,0.0243
19835,0.2297
19836,0.1587
19837,0.0163
19838,0.0662
19839,0.0498
19840,0.0092
19841,0.0105
19842,0.3867
19843,0.5335
19844,0.1816
19845,0.0573
19846,0.0811
19847,0.0494
19848,0.0389
19849,0.0855
19850,0.0885
19851,0.0719
19852,0.9269
19853,0.0153
19854,0.0502
19855,0.0081
19856,0.0732
19857,0.063
19858,0.0186
19859,0.0237
19860,0.1188
19861,0.3041
19862,0.0488
19863,0.1204
19864,0.0263
19865,0.0646
19866,0.0082
19867,0.0204
19868,0.0728
19869,0.0285
19870,0.0209
19871,0.0008
19872,0.0446
19873,0.0441
19874,0.0161
19875,0.0162
19876,0.058
19877,0.0187
19878,0.114
19879,0.0354
19880,0.0235
19881,0.0671
19882,0.0836
19883,0.0242
19884,0.0311
19885,0.6873
19886,0.0506
19887,0.1073
19888,0.0402
19889,0.0305
19890,0.0431
19891,0.0455
19892,0.0094
19893,0.0146
19894,0.2758
19895,0.0195
19896,0.0084
19897,0.0194
19898,0.0074
19899,0.0374
19900,0.1009
19901,0.012
19902,0.0115
19903,0.1057
19904,0.0288
19905,0.027
19906,0.0039
19907,0.0298
19908,0.3959
19909,0.0126
19910,0.006
19911,0.0135
19912,0.0123
19913,0.0542
19914,0.0259
19915,0.1248
19916,0.0629
19917,0.016
19918,0.0141
19919,0.053
19920,0.223
19921,0.0759
19922,0.0687
19923,0.0602
19924,0.0253
19925,0.0493
19926,0.0186
19927,0.1984
19928,0.1648
19929,0.3416
19930,0.0094
19931,0.0105
19932,0.0072
19933,0.0167
19934,0.014
19935,0.0096
19936,0.0142
19937,0.0068
19938,0.0119
19939,0.017
19940,0.0209
19941,0.0486
19942,0.0402
19943,0.1108
19944,0.0905
19945,0.2455
19946,0.033
19947,0.0137
19948,0.0179
19949,0.0188
19950,0.0112
19951,0.0151
19952,0.0317
19953,0.0187
19954,0.017
19955,0.0119
19956,0.0107
19957,0.0666
19958,0.0209
19959,0.0312
19960,0.0092
19961,0.0376
19962,0.0159
19963,0.0124
19964,0.0063
19965,0.1117
19966,0.0209
19967,0.046
19968,0.0076
19969,0.0295
19970,0.013
19971,0.0119
19972,0.0688
19973,0.0102
19974,0.2671
19975,0.0507
19976,0.0591
19977,0.0607
19978,0.0682
19979,0.0185
19980,0.0092
19981,0.0882
19982,0.0131
19983,0.0964
19984,0.1596
19985,0.0152
19986,0.0323
19987,0.0227
19988,0.026
19989,0.0154
19990,0.0125
19991,0.0056
19992,0.0083
19993,0.0076
19994,0.0082
19995,0.0364
19996,0.0128
19997,0.0654
19998,0.0539
19999,0.1693
20000,0.0146
20001,0.0024
20002,0.0123
20003,0.0153
20004,0.0433
20005,0.0187
20006,0.0141
20007,0.031
20008,0.0321
20009,0.0129
20010,0.038
20011,0.1605
20012,0.1759
20013,0.0102
20014,0.0807
20015,0.0159
20016,0.0321
20017,0.0504
20018,0.0498
20019,0.0311
20020,0.0607
20021,0.0319
20022,0.103
20023,0.0326
20024,0.0233
20025,0.1324
20026,0.0535
20027,0.0654
20028,0.0479
20029,0.1383
20030,0.221
20031,0.279
20032,0.3662
20033,0.1083
20034,0.2177
20035,0.053
20036,0.0531
20037,0.0517
20038,0.0169
20039,0.142
20040,0.0335
20041,0.6231
20042,0.1468
20043,0.063
20044,0.118
20045,0.054
20046,0.0099
20047,0.0618
20048,0.0568
20049,0.0205
20050,0.0779
20051,0.1323
20052,0.4374
20053,0.418
20054,0.0405
20055,0.1254
20056,0.2474
20057,0.0359
20058,0.0515
20059,0.0579
20060,0.0691
20061,0.0678
20062,0.3995
20063,0.1415
20064,0.1373
20065,0.3584
20066,0.3716
20067,0.0595
20068,0.3811
20069,0.0551
20070,0.0699
20071,0.0372
20072,0.051
20073,0.087
20074,0.1141
20075,0.0278
20076,0.0288
20077,0.0733
20078,0.4011
20079,0.0428
20080,0.0419
20081,0.0615
20082,0.0696
20083,0.0818
20084,0.0335
20085,0.0775
20086,0.0298
20087,0.0625
20088,0.2522
20089,0.1765
20090,0.0215
20091,0.0461
20092,0.018
20093,0.0165
20094,0.018
20095,0.3863
20096,0.125
20097,0.0922
20098,0.2698
20099,0.4575
20100,0.0087
20101,0.0871
20102,0.0477
20103,0.0117
20104,0.0156
20105,0.0106
20106,0.0323
20107,0.005
20108,0.0763
20109,0.0792
20110,0.0977
20111,0.2699
20112,0.3937
20113,0.1904
20114,0.0509
20115,0.0085
20116,0.0158
20117,0.0304
20118,0.2764
20119,0.0421
20120,0.0626
20121,0.0654
20122,0.2223
20123,0.2754
20124,0.059
20125,0.0593
20126,0.0138
20127,0.0264
20128,0.0483
20129,0.0603
20130,0.0263
20131,0.1315
20132,0.1608
20133,0.0772
20134,0.0872
20135,0.0742
20136,0.0324
20137,0.0366
20138,0.0361
20139,0.0364
20140,0.0942
20141,0.0577
20142,0.1878
20143,0.0196
20144,0.0336
20145,0.0244
20146,0.0167
20147,0.0179
20148,0.0277
20149,0.0441
20150,0.0306
20151,0.0484
20152,0.1825
20153,0.2812
20154,0.0459
20155,0.0361
20156,0.0245
20157,0.0908
20158,0.0537
20159,0.0506
20160,0.0255
20161,0.1637
20162,0.032
20163,0.0251
20164,0.03
20165,0.0107
20166,0.0531
20167,0.0523
20168,0.2094
20169,0.175
20170,0.233
20171,0.0546
20172,0.0418
20173,0.0209
20174,0.0648
20175,0.0561
20176,0.0108
20177,0.0995
20178,0.0451
20179,0.4021
20180,0.1292
20181,0.0239
20182,0.1121
20183,0.0567
20184,0.0465
20185,0.0175
20186,0.021
20187,0.0122
20188,0.0777
20189,0.0186
20190,0.0259
20191,0.0691
20192,0.0468
20193,0.0574
20194,0.0575
20195,0.0992
20196,0.3478
20197,0.3393
20198,0.2312
20199,0.0241
20200,0.067
20201,0.0192
20202,0.0386
20203,0.0174
20204,0.0146
20205,0.0751
20206,0.0467
20207,0.1055
20208,0.0365
20209,0.101
20210,0.0334
20211,0.0501
20212,0.0255
20213,0.0141
20214,0.0188
20215,0.1428
20216,0.0095
20217,0.0329
20218,0.0647
20219,0.0276
20220,0.0193
20221,0.0272
20222,0.0354
20223,0.0609
20224,0.0623
20225,0.1308
20226,0.0793
20227,0.1631
20228,0.2059
20229,0.2445
20230,0.0118
20231,0.0855
20232,0.0554
20233,0.008
20234,0.0331
20235,0.0769
20236,0.0539
20237,0.0322
20238,0.0583
20239,0.0735
20240,0.0268
20241,0.065
20242,0.0239
20243,0.0332
20244,0.0729
20245,0.018
20246,0.0437
20247,0.1288
20248,0.0582
20249,0.128
20250,0.3057
20251,0.0865
20252,0.2018
20253,0.0589
20254,0.0792
20255,0.0676
20256,0.0998
20257,0.0635
20258,0.0161
20259,0.2648
20260,0.0517
20261,0.0761
20262,0.0524
20263,0.0713
20264,0.0146
20265,0.0182
20266,0.02
20267,0.0396
20268,0.3016
20269,0.0554
20270,0.0466
20271,0.0899
20272,0.5296
20273,0.0754
20274,0.0093
20275,0.3367
20276,0.058
20277,0.2362
20278,0.1892
20279,0.0679
20280,0.0072
20281,0.0154
20282,0.0443
20283,0.0357
20284,0.0945
20285,0.161
20286,0.0399
20287,0.2413
20288,0.0726
20289,0.0118
20290,0.0635
20291,0.0202
20292,0.0501
20293,0.0523
20294,0.0161
20295,0.1087
20296,0.1181
20297,0.218
20298,0.0874
20299,0.0431
20300,0.1153
20301,0.2337
20302,0.3567
20303,0.0649
20304,0.0447
20305,0.0272
20306,0.0096
20307,0.0534
20308,0.4079
20309,0.0415
20310,0.1016
20311,0.3454
20312,0.2497
20313,0.0098
20314,0.0132
20315,0.0094
20316,0.0443
20317,0.0512
20318,0.2988
20319,0.3964
20320,0.0584
20321,0.0583
20322,0.2276
20323,0.1213
20324,0.1199
20325,0.2476
20326,0.3649
20327,0.0881
20328,0.0523
20329,0.0746
20330,0.0416
20331,0.2472
20332,0.784
20333,0.0056
20334,0.0279
20335,0.2887
20336,0.045
20337,0.1872
20338,0.0184
20339,0.0535
20340,0.0677
20341,0.0165
20342,0.0448
20343,0.3948
20344,0.2038
20345,0.0665
20346,0.1848
20347,0.12
20348,0.2366
20349,0.3745
20350,0.3802
20351,0.0194
20352,0.1671
20353,0.2161
20354,0.1042
20355,0.8181
20356,0.3946
20357,0.3636
20358,0.0058
20359,0.0175
20360,0.2098
20361,0.058
20362,0.0241
20363,0.0124
20364,0.0578
20365,0.0056
20366,0.0089
20367,0.0123
20368,0.028
20369,0.0549
20370,0.0735
20371,0.0704
20372,0.0825
20373,0.0868
20374,0.368
20375,0.2218
20376,0.0224
20377,0.0885
20378,0.1831
20379,0.0176
20380,0.0431
20381,1.0
20382,1.0
20383,0.5635
20384,0.0215
20385,0.0613
20386,0.3799
20387,0.069
20388,0.0108
20389,0.0593
20390,0.0088
20391,0.0569
20392,0.0638
20393,0.0445
20394,0.0103
20395,0.3855
20396,0.0128
20397,0.0155
20398,0.093
20399,0.0871
20400,0.0554
20401,0.0506
20402,0.4146
20403,0.3641
20404,0.0249
20405,0.1073
20406,0.0861
20407,0.0861
20408,0.813
20409,0.7099
20410,0.5211
20411,0.0125
20412,0.0551
20413,0.0217
20414,0.3906
20415,0.0799
20416,0.2746
20417,0.0239
20418,0.0729
20419,0.014
20420,0.1163
20421,0.1094
20422,0.1265
20423,0.1612
20424,0.363
20425,0.3878
20426,0.2194
20427,0.1193
20428,0.0705
20429,0.0465
20430,0.0972
20431,0.0479
20432,0.0366
20433,0.1335
20434,0.1532
20435,0.0691
20436,0.2153
20437,0.0276
20438,0.8249
20439,0.9635
20440,0.9492
20441,0.0932
20442,0.0378
20443,0.2085
20444,0.0181
20445,0.4014
20446,0.0226
20447,0.0158
20448,0.0214
20449,0.0302
20450,0.0884
20451,0.0396
20452,0.3814
20453,0.8824
20454,0.0615
20455,0.0944
20456,0.0744
20457,0.2292
20458,0.0674
20459,0.3801
20460,0.2396
20461,0.0441
20462,0.0934
20463,0.0966
20464,0.0752
20465,0.0424
20466,0.0197
20467,0.2722
20468,0.2683
20469,0.1548
20470,0.0724
20471,0.0232
20472,0.0781
20473,0.075
20474,0.1874
20475,0.0197
20476,0.0275
20477,0.026
20478,0.0202
20479,0.0225
20480,0.0308
20481,0.0424
20482,0.4016
20483,0.4657
20484,0.3639
20485,0.2485
20486,0.106
20487,0.1719
20488,0.1453
20489,0.4567
20490,0.0537
20491,0.034
20492,0.0305
20493,0.1334
20494,0.1524
20495,0.0979
20496,0.3019
20497,0.3909
20498,0.1556
20499,0.9339
20500,0.1148
20501,0.0147
20502,0.1214
20503,0.2457
20504,0.0167
20505,0.0406
20506,0.2757
20507,0.0556
20508,0.0245
20509,0.023
20510,0.046
20511,0.1218
20512,0.4027
20513,0.2704
20514,0.4101
20515,0.286
20516,0.1344
20517,0.1357
20518,0.3744
20519,0.2257
20520,0.0715
20521,0.0494
20522,0.4146
20523,0.1856
20524,0.0409
20525,0.4414
20526,0.292
20527,0.0052
20528,0.0661
20529,0.104
20530,0.0801
20531,0.0436
20532,0.0166
20533,0.0265
20534,0.06
20535,0.0838
20536,0.0729
20537,0.1083
20538,0.3724
20539,0.7193
20540,0.3839
20541,0.3644
20542,0.3881
20543,0.0974
20544,0.0613
20545,0.0719
20546,0.1186
20547,0.1814
20548,0.0673
20549,0.0239
20550,0.0851
20551,0.1016
20552,0.0172
20553,0.0109
20554,0.031
20555,0.0829
20556,0.0205
20557,0.0343
20558,0.0083
20559,0.0275
20560,0.0487
20561,0.0578
20562,0.0635
20563,0.3825
20564,0.2298
20565,0.3548
20566,0.5027
20567,0.4566
20568,0.2498
20569,0.1049
20570,0.0427
20571,0.0202
20572,0.0371
20573,0.0944
20574,0.0169
20575,0.0109
20576,0.0216
20577,0.785
20578,0.0437
20579,0.0184
20580,0.0571
20581,0.0419
20582,0.0864
20583,0.0188
20584,0.0352
20585,0.0172
20586,0.0321
20587,0.0127
20588,0.0102
20589,0.0289
20590,0.0749
20591,0.0944
20592,0.489
20593,0.3613
20594,0.2582
20595,0.8824
20596,0.3632
20597,0.3857
20598,0.2377
20599,0.0289
20600,0.026
20601,0.0508
20602,0.041
20603,0.0197
20604,0.0189
20605,0.0564
20606,0.4328
20607,0.0685
20608,0.3903
20609,0.0215
20610,0.0776
20611,0.0955
20612,0.0962
20613,0.1447
20614,0.0299
20615,0.0068
20616,0.0409
20617,0.135
20618,0.9238
20619,0.3678
20620,0.478
20621,0.2551
20622,0.3883
20623,0.1627
20624,0.0955
20625,0.0369
20626,0.0168
20627,0.0245
20628,0.0187
20629,0.1016
20630,0.0947
20631,0.0714
20632,0.3853
20633,0.018
20634,0.0505
20635,0.0095
20636,0.4019
20637,0.0187
20638,0.0069
20639,0.0095
20640,0.1095
20641,0.3586
20642,0.0224
20643,0.0041
20644,0.1913
20645,0.2236
20646,0.058
20647,0.0876
20648,0.0232
20649,0.0811
20650,0.084
20651,0.0209
20652,0.1139
20653,0.09
20654,0.0308
20655,0.0111
20656,0.0097
20657,0.1123
20658,0.0097
20659,0.0697
20660,0.0023
20661,0.0269
20662,0.1163
20663,0.0308
20664,0.043
20665,0.0086
20666,0.0457
20667,0.1694
20668,0.372
20669,0.4756
20670,0.1008
20671,0.0079
20672,0.0297
20673,0.0356
20674,0.0153
20675,0.0552
20676,0.0941
20677,0.0155
20678,0.019
20679,0.0127
20680,0.0209
20681,0.0079
20682,0.0183
20683,0.0772
20684,0.0786
20685,0.3634
20686,0.0129
20687,0.0158
20688,0.1793
20689,0.0557
20690,0.0903
20691,0.3551
20692,0.1076
20693,0.0147
20694,0.13
20695,0.0205
20696,0.0103
20697,0.0599
20698,0.0952
20699,0.0376
20700,0.0052
20701,0.0134
20702,0.2589
20703,0.0167
20704,0.0217
20705,0.0169
20706,0.1072
20707,0.059
20708,0.0349
20709,0.016
20710,0.0237
20711,0.0456
20712,0.2719
20713,0.0218
20714,0.004
20715,0.0183
20716,0.0241
20717,0.0255
20718,0.0475
20719,0.2632
20720,0.0522
20721,0.2345
20722,0.0817
20723,0.0183
20724,0.0153
20725,0.0351
20726,0.0377
20727,0.024
20728,0.1761
20729,0.0153
20730,0.16
20731,0.0133
20732,0.0703
20733,0.0551
20734,0.0076
20735,0.3967
20736,0.4831
20737,0.0968
20738,0.0401
20739,0.0104
20740,0.0734
20741,0.0492
20742,0.0358
20743,0.0927
20744,0.0802
20745,0.0719
20746,0.8874
20747,0.0152
20748,0.0512
20749,0.0677
20750,0.0624
20751,0.0174
20752,0.0246
20753,0.1109
20754,0.3805
20755,0.0538
20756,0.119
20757,0.0244
20758,0.057
20759,0.0085
20760,0.0182
20761,0.0707
20762,0.0259
20763,0.0186
20764,0.0456
20765,0.0376
20766,0.0199
20767,0.0542
20768,0.0136
20769,0.0158
20770,0.1094
20771,0.0256
20772,0.0356
20773,0.0174
20774,0.0316
20775,0.064
20776,0.0791
20777,0.018
20778,0.0362
20779,0.726
20780,0.0502
20781,0.0996
20782,0.0301
20783,0.0459
20784,0.0502
20785,0.0106
20786,0.0136
20787,0.4238
20788,0.0193
20789,0.0057
20790,0.0119
20791,0.0388
20792,0.0977
20793,0.0152
20794,0.0083
20795,0.1118
20796,0.0322
20797,0.03
20798,0.0366
20799,0.4034
20800,0.0197
20801,0.0192
20802,0.0174
20803,0.0132
20804,0.0528
20805,0.025
20806,0.1263
20807,0.0597
20808,0.0164
20809,0.0139
20810,0.0117
20811,0.0542
20812,0.2213
20813,0.0842
20814,0.0673
20815,0.0609
20816,0.0227
20817,0.0471
20818,0.0174
20819,0.2017
20820,0.2251
20821,0.3262
20822,0.0063
20823,0.0105
20824,0.0146
20825,0.0078
20826,0.0147
20827,0.009
20828,0.0062
20829,0.0106
20830,0.018
20831,0.0104
20832,0.0195
20833,0.0463
20834,0.0439
20835,0.1122
20836,0.0148
20837,0.0854
20838,0.01
20839,0.2481
20840,0.0053
20841,0.0085
20842,0.0335
20843,0.0147
20844,0.0173
20845,0.0199
20846,0.0139
20847,0.0323
20848,0.0695
20849,0.0223
20850,0.0348
20851,0.0356
20852,0.016
20853,0.0083
20854,0.0117
20855,0.0056
20856,0.0994
20857,0.0208
20858,0.0426
20859,0.007
20860,0.0263
20861,0.0098
20862,0.0646
20863,0.0137
20864,0.0139
20865,0.3583
20866,0.0656
20867,0.0524
20868,0.0625
20869,0.0218
20870,0.0052
20871,0.0889
20872,0.0118
20873,0.094
20874,0.1584
20875,0.0156
20876,0.0308
20877,0.0303
20878,0.0321
20879,0.0145
20880,0.0226
20881,0.0072
20882,0.0064
20883,0.0334
20884,0.0135
20885,0.064
20886,0.052
20887,0.0327
20888,0.0063
20889,0.1814
20890,0.0229
20891,0.0174
20892,0.0219
20893,0.0153
20894,0.0195
20895,0.0471
20896,0.0178
20897,0.015
20898,0.0345
20899,0.0353
20900,0.0377
20901,0.1622
20902,0.1655
20903,0.0159
20904,0.0824
20905,0.0139
20906,0.0424
20907,0.0571
20908,0.0254
20909,0.0321
20910,0.0332
20911,0.06
20912,0.0977
20913,0.0248
20914,0.148
20915,0.0436
20916,0.0744
20917,0.03
20918,0.2561
20919,0.3223
20920,0.1647
20921,0.0592
20922,0.2593
20923,0.1101
20924,0.2685
20925,0.0502
20926,0.0176
20927,0.0634
20928,0.0171
20929,0.0314
20930,0.0141
20931,0.1481
20932,0.0277
20933,0.6311
20934,0.1492
20935,0.1348
20936,0.0456
20937,0.0113
20938,0.0277
20939,0.0536
20940,0.0415
20941,0.0394
20942,0.0777
20943,0.1252
20944,0.4393
20945,0.3848
20946,0.0347
20947,0.0818
20948,0.1062
20949,0.3719
20950,0.0568
20951,0.0459
20952,0.0661
20953,0.0334
20954,0.3959
20955,0.1339
20956,0.1284
20957,0.4178
20958,0.1064
20959,0.4015
20960,0.0665
20961,0.4852
20962,0.0513
20963,0.054
20964,0.0294
20965,0.0663
20966,0.0854
20967,0.1178
20968,0.0549
20969,0.0286
20970,0.0815
20971,0.4216
20972,0.044
20973,0.0375
20974,0.0591
20975,0.0682
20976,0.0782
20977,0.0262
20978,0.0448
20979,0.0765
20980,0.0298
20981,0.064
20982,0.2234
20983,0.0445
20984,0.1524
20985,0.019
20986,0.043
20987,0.0462
20988,0.0164
20989,0.3769
20990,0.1046
20991,0.0782
20992,0.1555
20993,0.4657
20994,0.085
20995,0.0371
20996,0.0129
20997,0.0153
20998,0.0107
20999,0.0084
21000,0.0308
21001,0.009
21002,0.0606
21003,0.0776
21004,0.087
21005,0.1657
21006,0.2853
21007,0.1792
21008,0.0418
21009,0.024
21010,0.0133
21011,0.0262
21012,0.2555
21013,0.0121
21014,0.0443
21015,0.0666
21016,0.061
21017,0.0291
21018,0.104
21019,0.3413
21020,0.0504
21021,0.0581
21022,0.0134
21023,0.0256
21024,0.0491
21025,0.0619
21026,0.0239
21027,0.0085
21028,0.1184
21029,0.1479
21030,0.079
21031,0.0885
21032,0.0551
21033,0.0064
21034,0.0292
21035,0.0315
21036,0.0319
21037,0.0339
21038,0.0975
21039,0.0574
21040,0.1859
21041,0.0188
21042,0.0307
21043,0.025
21044,0.0153
21045,0.0169
21046,0.022
21047,0.0455
21048,0.0241
21049,0.0459
21050,0.1847
21051,0.3636
21052,0.0431
21053,0.0305
21054,0.0262
21055,0.0859
21056,0.053
21057,0.0179
21058,0.0552
21059,0.0249
21060,0.1747
21061,0.0317
21062,0.0255
21063,0.0273
21064,0.0094
21065,0.1935
21066,0.0573
21067,0.1997
21068,0.1749
21069,0.3517
21070,0.057
21071,0.0416
21072,0.024
21073,0.0612
21074,0.0498
21075,0.0094
21076,0.1149
21077,0.0474
21078,0.3962
21079,0.1096
21080,0.0258
21081,0.1084
21082,0.0523
21083,0.0423
21084,0.0189
21085,0.0157
21086,0.01
21087,0.0109
21088,0.0586
21089,0.0187
21090,0.027
21091,0.0704
21092,0.0472
21093,0.0604
21094,0.0592
21095,0.1038
21096,0.2119
21097,0.3645
21098,0.0639
21099,0.0225
21100,0.056
21101,0.0131
21102,0.0336
21103,0.0186
21104,0.0092
21105,0.0736
21106,0.0462
21107,0.1121
21108,0.0362
21109,0.0999
21110,0.031
21111,0.0405
21112,0.019
21113,0.0131
21114,0.0157
21115,0.2087
21116,0.009
21117,0.026
21118,0.0569
21119,0.0235
21120,0.0271
21121,0.0358
21122,0.0623
21123,0.0646
21124,0.1106
21125,0.0807
21126,0.2455
21127,0.2238
21128,0.1567
21129,0.0117
21130,0.0805
21131,0.0532
21132,0.006
21133,0.0319
21134,0.0848
21135,0.0191
21136,0.0503
21137,0.0326
21138,0.0529
21139,0.0629
21140,0.0218
21141,0.067
21142,0.0259
21143,0.0136
21144,0.0814
21145,0.0157
21146,0.0381
21147,0.1337
21148,0.0565
21149,0.1093
21150,0.3784
21151,0.0844
21152,0.1047
21153,0.0574
21154,0.0755
21155,0.0563
21156,0.1018
21157,0.0603
21158,0.0156
21159,0.1994
21160,0.0485
21161,0.0726
21162,0.0538
21163,0.0669
21164,0.0171
21165,0.0179
21166,0.0132
21167,0.0257
21168,0.0403
21169,0.2899
21170,0.0563
21171,0.0456
21172,0.0935
21173,0.5645
21174,0.0724
21175,0.0145
21176,0.3397
21177,0.0648
21178,0.2416
21179,0.2772
21180,0.0541
21181,0.0474
21182,0.0346
21183,0.0951
21184,0.168
21185,0.0399
21186,0.2163
21187,0.0618
21188,0.0573
21189,0.0201
21190,0.0225
21191,0.0478
21192,0.0491
21193,0.016
21194,0.0976
21195,0.1253
21196,0.1682
21197,0.0911
21198,0.0384
21199,0.1082
21200,0.1666
21201,0.3561
21202,0.0653
21203,0.0101
21204,0.041
21205,0.0244
21206,0.0074
21207,0.0463
21208,0.4215
21209,0.0403
21210,0.1049
21211,0.3306
21212,0.2209
21213,0.0131
21214,0.0087
21215,0.033
21216,0.0512
21217,0.2655
21218,0.3837
21219,0.0093
21220,0.0651
21221,0.0624
21222,0.2204
21223,0.1261
21224,0.118
21225,0.1669
21226,0.3947
21227,0.0816
21228,0.0471
21229,0.0706
21230,0.0359
21231,0.239
21232,0.7842
21233,0.0041
21234,0.0262
21235,0.4026
21236,0.0131
21237,0.0423
21238,0.1822
21239,0.0424
21240,0.0683
21241,0.0145
21242,0.0451
21243,0.002
21244,0.4328
21245,0.181
21246,0.0703
21247,0.2277
21248,0.1226
21249,0.2411
21250,0.3975
21251,0.3751
21252,0.0187
21253,0.1669
21254,0.2391
21255,0.1076
21256,0.8327
21257,0.3858
21258,0.3982
21259,0.0083
21260,0.0164
21261,0.1998
21262,0.0502
21263,0.0192
21264,0.0101
21265,0.0541
21266,0.0093
21267,0.0108
21268,0.0313
21269,0.0579
21270,0.065
21271,0.0754
21272,0.0884
21273,0.079
21274,0.3881
21275,0.221
21276,0.0225
21277,0.0845
21278,0.2506
21279,0.0149
21280,0.0411
21281,0.9979
21282,0.8053
21283,0.5816
21284,0.0241
21285,0.0139
21286,0.067
21287,0.368
21288,0.0779
21289,0.0155
21290,0.0629
21291,0.0118
21292,0.0499
21293,0.0539
21294,0.0455
21295,0.011
21296,0.4073
21297,0.0133
21298,0.0173
21299,0.2138
21300,0.0846
21301,0.0476
21302,0.0417
21303,0.3714
21304,0.318
21305,0.0218
21306,0.1071
21307,0.0917
21308,0.081
21309,0.8093
21310,0.7071
21311,0.5483
21312,0.0153
21313,0.0505
21314,0.0217
21315,0.3863
21316,0.0719
21317,0.3241
21318,0.0229
21319,0.068
21320,0.0137
21321,0.1211
21322,0.1012
21323,0.1281
21324,0.1695
21325,0.3751
21326,0.4241
21327,0.2008
21328,0.0993
21329,0.0663
21330,0.0462
21331,0.0935
21332,0.0489
21333,0.2167
21334,0.208
21335,0.1564
21336,0.0596
21337,0.094
21338,0.0259
21339,0.8129
21340,0.9269
21341,0.9838
21342,0.0938
21343,0.0383
21344,0.206
21345,0.4084
21346,0.0159
21347,0.0281
21348,0.0771
21349,0.0384
21350,0.4046
21351,0.9513
21352,0.0508
21353,0.086
21354,0.0638
21355,0.1322
21356,0.0595
21357,0.3967
21358,0.2247
21359,0.0395
21360,0.0811
21361,0.0967
21362,0.0763
21363,0.0389
21364,0.0268
21365,0.2577
21366,0.2834
21367,0.1504
21368,0.0762
21369,0.0709
21370,0.0739
21371,0.2432
21372,0.018
21373,0.0248
21374,0.0273
21375,0.0211
21376,0.0279
21377,0.0381
21378,0.3605
21379,0.4211
21380,0.3653
21381,0.2428
21382,0.0989
21383,0.1543
21384,0.1466
21385,0.4437
21386,0.0486
21387,0.0347
21388,0.0283
21389,0.1215
21390,0.1369
21391,0.098
21392,0.3095
21393,0.2511
21394,0.2345
21395,0.9282
21396,0.1975
21397,0.0124
21398,0.1115
21399,0.2303
21400,0.0179
21401,0.0277
21402,0.4236
21403,0.0495
21404,0.0208
21405,0.0237
21406,0.0414
21407,0.1066
21408,0.392
21409,0.4036
21410,0.4094
21411,0.2735
21412,0.1252
21413,0.1237
21414,0.4229
21415,0.0179
21416,0.223
21417,0.0713
21418,0.0468
21419,0.3889
21420,0.255
21421,0.0353
21422,0.4185
21423,0.2818
21424,0.0055
21425,0.0592
21426,0.0997
21427,0.082
21428,0.0068
21429,0.0133
21430,0.0229
21431,0.0473
21432,0.0706
21433,0.0694
21434,0.0987
21435,0.4139
21436,0.7027
21437,0.3636
21438,0.3533
21439,0.3812
21440,0.0951
21441,0.017
21442,0.0653
21443,0.0669
21444,0.1185
21445,0.2401
21446,0.0593
21447,0.0204
21448,0.066
21449,0.0987
21450,0.0054
21451,0.0302
21452,0.0818
21453,0.0185
21454,0.0115
21455,0.0295
21456,0.0182
21457,0.0118
21458,0.028
21459,0.0428
21460,0.0471
21461,0.0659
21462,0.3759
21463,0.159
21464,0.3685
21465,0.4795
21466,0.4267
21467,0.3844
21468,0.0955
21469,0.0398
21470,0.0188
21471,0.0342
21472,0.0915
21473,0.013
21474,0.012
21475,0.0258
21476,0.7868
21477,0.0466
21478,0.0168
21479,0.0586
21480,0.0409
21481,0.193
21482,0.0377
21483,0.0248
21484,0.0298
21485,0.0141
21486,0.0135
21487,0.0277
21488,0.0779
21489,0.0959
21490,0.5428
21491,0.3548
21492,0.2158
21493,0.9643
21494,0.3797
21495,0.3872
21496,0.2142
21497,0.032
21498,0.0222
21499,0.0466
21500,0.0318
21501,0.0193
21502,0.0561
21503,0.4155
21504,0.1791
21505,0.3654
21506,0.0166
21507,0.0817
21508,0.0986
21509,0.1061
21510,0.1509
21511,0.0287
21512,0.0221
21513,0.0076
21514,0.0365
21515,0.1343
21516,0.9687
21517,0.4008
21518,0.5545
21519,0.2468
21520,0.2447
21521,0.2388
21522,0.1018
21523,0.0373
21524,0.0116
21525,0.0266
21526,0.0144
21527,0.1018
21528,0.0979
21529,0.0623
21530,0.2281
21531,0.0212
21532,0.0509
21533,0.0094
21534,0.3819
21535,0.0194
21536,0.009
21537,0.0084
21538,0.112
21539,0.2192
21540,0.0209
21541,0.0039
21542,0.1828
21543,0.1634
21544,0.0595
21545,0.0863
21546,0.0238
21547,0.0818
21548,0.0852
21549,0.0175
21550,0.0982
21551,0.0942
21552,0.0231
21553,0.0172
21554,0.1153
21555,0.0116
21556,0.0113
21557,0.063
21558,0.0257
21559,0.0985
21560,0.0393
21561,0.0411
21562,0.0081
21563,0.0383
21564,0.2276
21565,0.3625
21566,0.5153
21567,0.1013
21568,0.034
21569,0.0476
21570,0.1006
21571,0.0134
21572,0.0213
21573,0.0107
21574,0.0201
21575,0.072
21576,0.0689
21577,0.4147
21578,0.0139
21579,0.0118
21580,0.1738
21581,0.0494
21582,0.1019
21583,0.3699
21584,0.1044
21585,0.0099
21586,0.1278
21587,0.021
21588,0.0104
21589,0.0622
21590,0.101
21591,0.0383
21592,0.0108
21593,0.0084
21594,0.0133
21595,0.2556
21596,0.0214
21597,0.0198
21598,0.1007
21599,0.0525
21600,0.0336
21601,0.0118
21602,0.0265
21603,0.0441
21604,0.261
21605,0.0234
21606,0.018
21607,0.0272
21608,0.0271
21609,0.052
21610,0.2725
21611,0.0524
21612,0.134
21613,0.0795
21614,0.025
21615,0.0317
21616,0.0387
21617,0.0294
21618,0.233
21619,0.0045
21620,0.1644
21621,0.0136
21622,0.0548
21623,0.056
21624,0.0075
21625,0.0094
21626,0.3822
21627,0.5807
21628,0.176
21629,0.0544
21630,0.0067
21631,0.0802
21632,0.0512
21633,0.0337
21634,0.0947
21635,0.0939
21636,0.0775
21637,0.9216
21638,0.0661
21639,0.0126
21640,0.0757
21641,0.0637
21642,0.0171
21643,0.0213
21644,0.1073
21645,0.3648
21646,0.0522
21647,0.1232
21648,0.0639
21649,0.0075
21650,0.0708
21651,0.0289
21652,0.0213
21653,0.0403
21654,0.0465
21655,0.022
21656,0.0627
21657,0.0168
21658,0.1207
21659,0.0248
21660,0.0361
21661,0.0124
21662,0.0215
21663,0.0697
21664,0.0725
21665,0.0293
21666,0.0241
21667,0.0389
21668,0.8041
21669,0.0444
21670,0.2073
21671,0.0425
21672,0.0287
21673,0.042
21674,0.0419
21675,0.0088
21676,0.0138
21677,0.2627
21678,0.0226
21679,0.005
21680,0.0125
21681,0.0064
21682,0.0387
21683,0.2082
21684,0.013
21685,0.0096
21686,0.1006
21687,0.0264
21688,0.026
21689,0.0346
21690,0.3862
21691,0.017
21692,0.018
21693,0.0538
21694,0.0243
21695,0.1527
21696,0.0568
21697,0.0169
21698,0.0136
21699,0.008
21700,0.0635
21701,0.1496
21702,0.0812
21703,0.0664
21704,0.0598
21705,0.0272
21706,0.0486
21707,0.0173
21708,0.1941
21709,0.1747
21710,0.223
21711,0.0082
21712,0.0318
21713,0.012
21714,0.0145
21715,0.0117
21716,0.0091
21717,0.0151
21718,0.0137
21719,0.0166
21720,0.0232
21721,0.0474
21722,0.0448
21723,0.1065
21724,0.0153
21725,0.0107
21726,0.0855
21727,0.3737
21728,0.0027
21729,0.0083
21730,0.0249
21731,0.0095
21732,0.0333
21733,0.0074
21734,0.0143
21735,0.0196
21736,0.01
21737,0.0119
21738,0.0293
21739,0.0162
21740,0.0103
21741,0.0692
21742,0.0222
21743,0.0356
21744,0.0157
21745,0.0086
21746,0.0125
21747,0.0087
21748,0.1131
21749,0.0231
21750,0.049
21751,0.0111
21752,0.0245
21753,0.0092
21754,0.0702
21755,0.0081
21756,0.0164
21757,0.0144
21758,0.359
21759,0.0507
21760,0.0528
21761,0.049
21762,0.0658
21763,0.0248
21764,0.0877
21765,0.012
21766,0.1033
21767,0.0069
21768,0.1554
21769,0.0146
21770,0.0274
21771,0.0259
21772,0.0261
21773,0.0205
21774,0.0055
21775,0.0076
21776,0.0079
21777,0.0312
21778,0.0105
21779,0.0075
21780,0.0756
21781,0.0498
21782,0.0073
21783,0.1766
21784,0.0156
21785,0.0179
21786,0.0264
21787,0.0146
21788,0.0163
21789,0.0454
21790,0.0171
21791,0.0148
21792,0.0295
21793,0.029
21794,0.0098
21795,0.0376
21796,0.1733
21797,0.1709
21798,0.0926
21799,0.0079
21800,0.0296
21801,0.0509
21802,0.0295
21803,0.0572
21804,0.0371
21805,0.0625
21806,0.0988
21807,0.0415
21808,0.0406
21809,0.0163
21810,0.0265
21811,0.151
21812,0.0533
21813,0.0775
21814,0.2405
21815,0.3202
21816,0.0236
21817,0.0247
21818,0.3586
21819,0.0527
21820,0.2647
21821,0.1037
21822,0.2534
21823,0.0187
21824,0.0795
21825,0.0401
21826,0.0175
21827,0.2378
21828,0.0281
21829,0.6656
21830,0.1362
21831,0.1139
21832,0.0415
21833,0.0261
21834,0.0863
21835,0.1082
21836,0.4519
21837,0.3687
21838,0.0338
21839,0.0812
21840,0.1323
21841,0.1535
21842,0.056
21843,0.0474
21844,0.0652
21845,0.0581
21846,0.0256
21847,0.3769
21848,0.1129
21849,0.224
21850,0.3852
21851,0.1126
21852,0.4243
21853,0.0658
21854,0.3473
21855,0.05
21856,0.0454
21857,0.0381
21858,0.073
21859,0.215
21860,0.1034
21861,0.0308
21862,0.033
21863,0.0593
21864,0.409
21865,0.0399
21866,0.0675
21867,0.0703
21868,0.0856
21869,0.0284
21870,0.044
21871,0.0768
21872,0.0286
21873,0.0683
21874,0.2203
21875,0.0406
21876,0.1727
21877,0.0231
21878,0.0444
21879,0.0205
21880,0.0188
21881,0.322
21882,0.0998
21883,0.0115
21884,0.0815
21885,0.2475
21886,0.4063
21887,0.0782
21888,0.0378
21889,0.0154
21890,0.0167
21891,0.0098
21892,0.0085
21893,0.0266
21894,0.0679
21895,0.0815
21896,0.0907
21897,0.2587
21898,0.2899
21899,0.0068
21900,0.2111
21901,0.0406
21902,0.0102
21903,0.0223
21904,0.0157
21905,0.0234
21906,0.2609
21907,0.0134
21908,0.039
21909,0.0601
21910,0.0609
21911,0.0247
21912,0.1228
21913,0.353
21914,0.047
21915,0.0566
21916,0.0141
21917,0.0251
21918,0.045
21919,0.0622
21920,0.0235
21921,0.1217
21922,0.1508
21923,0.0815
21924,0.091
21925,0.0577
21926,0.0321
21927,0.0315
21928,0.0349
21929,0.033
21930,0.0983
21931,0.0574
21932,0.1985
21933,0.0198
21934,0.031
21935,0.0245
21936,0.0135
21937,0.0206
21938,0.0242
21939,0.0468
21940,0.0218
21941,0.0441
21942,0.1905
21943,0.2655
21944,0.0444
21945,0.0313
21946,0.024
21947,0.0853
21948,0.0584
21949,0.0216
21950,0.0569
21951,0.024
21952,0.2412
21953,0.0245
21954,0.0222
21955,0.0291
21956,0.008
21957,0.1986
21958,0.0577
21959,0.3298
21960,0.1798
21961,0.3064
21962,0.0596
21963,0.0405
21964,0.0216
21965,0.0594
21966,0.0494
21967,0.0065
21968,0.1202
21969,0.0443
21970,0.4036
21971,0.1175
21972,0.0232
21973,0.1103
21974,0.0534
21975,0.0436
21976,0.0174
21977,0.0171
21978,0.053
21979,0.0186
21980,0.0284
21981,0.0663
21982,0.0448
21983,0.2191
21984,0.0606
21985,0.1009
21986,0.3331
21987,0.3596
21988,0.0627
21989,0.0239
21990,0.0546
21991,0.0342
21992,0.0671
21993,0.0469
21994,0.0989
21995,0.0374
21996,0.094
21997,0.0326
21998,0.0314
21999,0.0217
22000,0.1378
22001,0.0603
22002,0.0233
22003,0.0164
22004,0.0243
22005,0.0343
22006,0.0638
22007,0.0587
22008,0.1072
22009,0.0824
22010,0.2461
22011,0.2018
22012,0.2308
22013,0.0118
22014,0.0793
22015,0.0089
22016,0.0473
22017,0.0736
22018,0.0213
22019,0.0193
22020,0.0499
22021,0.0312
22022,0.0086
22023,0.053
22024,0.0616
22025,0.0259
22026,0.06
22027,0.0214
22028,0.0246
22029,0.0776
22030,0.0388
22031,0.1427
22032,0.0588
22033,0.1112
22034,0.3694
22035,0.0866
22036,0.1017
22037,0.0627
22038,0.0701
22039,0.0595
22040,0.0958
22041,0.0582
22042,0.0154
22043,0.1905
22044,0.0539
22045,0.067
22046,0.0604
22047,0.0635
22048,0.0203
22049,0.0264
22050,0.0406
22051,0.1879
22052,0.0588
22053,0.0456
22054,0.087
22055,0.5804
22056,0.0672
22057,0.0151
22058,0.327
22059,0.0597
22060,0.1789
22061,0.2844
22062,0.0488
22063,0.0056
22064,0.0177
22065,0.0423
22066,0.0335
22067,0.0908
22068,0.1727
22069,0.0346
22070,0.2107
22071,0.0639
22072,0.0587
22073,0.0135
22074,0.0171
22075,0.0264
22076,0.0537
22077,0.0481
22078,0.0131
22079,0.1037
22080,0.1242
22081,0.1528
22082,0.0896
22083,0.0386
22084,0.1117
22085,0.1602
22086,0.3594
22087,0.063
22088,0.0114
22089,0.0396
22090,0.0072
22091,0.0461
22092,0.4454
22093,0.0409
22094,0.103
22095,0.3346
22096,0.2299
22097,0.0072
22098,0.0393
22099,0.0488
22100,0.2635
22101,0.393
22102,0.0103
22103,0.065
22104,0.0626
22105,0.1269
22106,0.1276
22107,0.1093
22108,0.1624
22109,0.3833
22110,0.079
22111,0.0476
22112,0.078
22113,0.0325
22114,0.2427
22115,0.8039
22116,0.0044
22117,0.0259
22118,0.3874
22119,0.0152
22120,0.0411
22121,0.2345
22122,0.044
22123,0.0677
22124,0.0153
22125,0.0463
22126,0.0024
22127,0.3867
22128,0.198
22129,0.068
22130,0.2316
22131,0.1215
22132,0.1847
22133,0.4012
22134,0.3751
22135,0.0196
22136,0.1723
22137,0.2098
22138,0.1047
22139,0.8116
22140,0.2859
22141,0.3504
22142,0.0062
22143,0.0189
22144,0.1237
22145,0.0529
22146,0.0128
22147,0.0102
22148,0.0526
22149,0.0059
22150,0.0086
22151,0.0099
22152,0.0302
22153,0.1927
22154,0.0667
22155,0.0673
22156,0.0838
22157,0.0808
22158,0.3488
22159,0.2172
22160,0.0832
22161,0.2563
22162,0.0171
22163,0.0431
22164,1.0
22165,0.7854
22166,0.6105
22167,0.0142
22168,0.0751
22169,0.3515
22170,0.0754
22171,0.0087
22172,0.0615
22173,0.0501
22174,0.0578
22175,0.0442
22176,0.0113
22177,0.3649
22178,0.0136
22179,0.0182
22180,0.2371
22181,0.0878
22182,0.0524
22183,0.0459
22184,0.3879
22185,0.211
22186,0.0245
22187,0.1043
22188,0.0897
22189,0.081
22190,0.8143
22191,0.6804
22192,0.5469
22193,0.0149
22194,0.049
22195,0.0107
22196,0.3879
22197,0.076
22198,0.265
22199,0.0226
22200,0.0755
22201,0.018
22202,0.1177
22203,0.0919
22204,0.1228
22205,0.1651
22206,0.3668
22207,0.4109
22208,0.2025
22209,0.1108
22210,0.0718
22211,0.0426
22212,0.0914
22213,0.0479
22214,0.0287
22215,0.0219
22216,0.1311
22217,0.1566
22218,0.0591
22219,0.0915
22220,0.7981
22221,0.9173
22222,0.9636
22223,0.087
22224,0.0403
22225,0.2194
22226,0.0087
22227,0.4076
22228,0.0172
22229,0.0252
22230,0.076
22231,0.0386
22232,0.4056
22233,0.9475
22234,0.0583
22235,0.0899
22236,0.0652
22237,0.1372
22238,0.0606
22239,0.3602
22240,0.2443
22241,0.0402
22242,0.0847
22243,0.092
22244,0.0813
22245,0.0397
22246,0.0243
22247,0.3711
22248,0.3847
22249,0.2364
22250,0.0769
22251,0.0248
22252,0.067
22253,0.0732
22254,0.1684
22255,0.0216
22256,0.0274
22257,0.0254
22258,0.0239
22259,0.0405
22260,0.4329
22261,0.4161
22262,0.2548
22263,0.2433
22264,0.096
22265,0.1574
22266,0.2058
22267,0.4642
22268,0.0513
22269,0.0301
22270,0.0281
22271,0.1236
22272,0.1499
22273,0.0914
22274,0.3062
22275,0.2736
22276,0.1628
22277,0.9314
22278,0.1049
22279,0.0159
22280,0.114
22281,0.1438
22282,0.0177
22283,0.0359
22284,0.2481
22285,0.0469
22286,0.0195
22287,0.0238
22288,0.0421
22289,0.1026
22290,0.3888
22291,0.2592
22292,0.4209
22293,0.2796
22294,0.1263
22295,0.1214
22296,0.3866
22297,0.0064
22298,0.0193
22299,0.2188
22300,0.0656
22301,0.0453
22302,0.401
22303,0.2505
22304,0.0353
22305,0.4208
22306,0.3689
22307,0.063
22308,0.0935
22309,0.0781
22310,0.0399
22311,0.008
22312,0.0157
22313,0.0223
22314,0.0497
22315,0.0722
22316,0.0691
22317,0.1023
22318,0.4102
22319,0.7026
22320,0.3857
22321,0.3634
22322,0.3723
22323,0.0997
22324,0.0638
22325,0.0765
22326,0.1195
22327,0.2465
22328,0.0611
22329,0.0252
22330,0.067
22331,0.0951
22332,0.0276
22333,0.0769
22334,0.0212
22335,0.0147
22336,0.0286
22337,0.0162
22338,0.1246
22339,0.0096
22340,0.0225
22341,0.0416
22342,0.0499
22343,0.0669
22344,0.2201
22345,0.2222
22346,0.3371
22347,0.4945
22348,0.4465
22349,0.243
22350,0.0987
22351,0.0224
22352,0.0357
22353,0.0884
22354,0.0126
22355,0.0262
22356,0.7783
22357,0.0459
22358,0.0194
22359,0.057
22360,0.0362
22361,0.0842
22362,0.0185
22363,0.0359
22364,0.0288
22365,0.0176
22366,0.0153
22367,0.0262
22368,0.0646
22369,0.0961
22370,0.5005
22371,0.3695
22372,0.2175
22373,0.9209
22374,0.2735
22375,0.3812
22376,0.209
22377,0.03
22378,0.0297
22379,0.0248
22380,0.0466
22381,0.0371
22382,0.0226
22383,0.0526
22384,0.4126
22385,0.0629
22386,0.3464
22387,0.0243
22388,0.0857
22389,0.1006
22390,0.1073
22391,0.2231
22392,0.0282
22393,0.0257
22394,0.0491
22395,0.1305
22396,0.9588
22397,0.4121
22398,0.5409
22399,0.2485
22400,0.2502
22401,0.1655
22402,0.1007
22403,0.0388
22404,0.011
22405,0.0212
22406,0.0202
22407,0.0184
22408,0.0999
22409,0.1026
22410,0.065
22411,0.2429
22412,0.0203
22413,0.0537
22414,0.232
22415,0.0253
22416,0.1012
22417,0.204
22418,0.0217
22419,0.1802
22420,0.1555
22421,0.0635
22422,0.0925
22423,0.0243
22424,0.089
22425,0.0834
22426,0.1008
22427,0.0898
22428,0.0337
22429,0.0066
22430,0.206
22431,0.0127
22432,0.065
22433,0.0283
22434,0.0268
22435,0.0982
22436,0.0267
22437,0.0376
22438,0.0385
22439,0.1692
22440,0.3382
22441,0.5184
22442,0.1069
22443,0.0097
22444,0.0283
22445,0.029
22446,0.04
22447,0.0492
22448,0.1055
22449,0.0135
22450,0.0195
22451,0.0156
22452,0.0221
22453,0.0069
22454,0.0076
22455,0.0708
22456,0.0714
22457,0.3951
22458,0.0129
22459,0.0121
22460,0.1876
22461,0.051
22462,0.0965
22463,0.3686
22464,0.1055
22465,0.0132
22466,0.2156
22467,0.0119
22468,0.0201
22469,0.0128
22470,0.0626
22471,0.1024
22472,0.0421
22473,0.0084
22474,0.0111
22475,0.2568
22476,0.0139
22477,0.0205
22478,0.0244
22479,0.104
22480,0.0523
22481,0.0365
22482,0.01
22483,0.0255
22484,0.0472
22485,0.284
22486,0.0224
22487,0.0183
22488,0.0272
22489,0.0287
22490,0.0564
22491,0.2635
22492,0.0531
22493,0.2314
22494,0.0827
22495,0.0267
22496,0.031
22497,0.0408
22498,0.0272
22499,0.2411
22500,0.0162
22501,0.1603
22502,0.0112
22503,0.0597
22504,0.0506
22505,0.01
22506,0.3916
22507,0.5435
22508,0.1837
22509,0.0565
22510,0.0062
22511,0.0873
22512,0.0524
22513,0.0367
22514,0.0913
22515,0.0957
22516,0.086
22517,0.903
22518,0.0704
22519,0.0144
22520,0.0727
22521,0.0641
22522,0.0153
22523,0.0263
22524,0.1231
22525,0.3181
22526,0.0496
22527,0.1297
22528,0.0246
22529,0.0618
22530,0.0672
22531,0.0299
22532,0.0193
22533,0.0433
22534,0.0457
22535,0.0211
22536,0.0205
22537,0.0688
22538,0.0183
22539,0.131
22540,0.0225
22541,0.0337
22542,0.0161
22543,0.0209
22544,0.0715
22545,0.075
22546,0.0204
22547,0.0275
22548,0.0305
22549,0.8401
22550,0.0417
22551,0.1007
22552,0.0437
22553,0.0335
22554,0.0452
22555,0.0416
22556,0.0103
22557,0.0135
22558,0.2644
22559,0.018
22560,0.0168
22561,0.0371
22562,0.1034
22563,0.0151
22564,0.0071
22565,0.1021
22566,0.0373
22567,0.023
22568,0.0372
22569,0.3719
22570,0.0152
22571,0.0186
22572,0.0135
22573,0.0124
22574,0.056
22575,0.0292
22576,0.004
22577,0.1452
22578,0.059
22579,0.0156
22580,0.007
22581,0.0517
22582,0.1466
22583,0.0819
22584,0.0637
22585,0.0601
22586,0.0258
22587,0.0213
22588,0.1898
22589,0.2363
22590,0.2267
22591,0.0076
22592,0.0088
22593,0.0315
22594,0.0127
22595,0.0146
22596,0.0107
22597,0.0093
22598,0.0126
22599,0.0156
22600,0.0067
22601,0.0174
22602,0.0103
22603,0.0209
22604,0.0502
22605,0.0468
22606,0.1089
22607,0.0792
22608,0.1915
22609,0.0034
22610,0.0096
22611,0.0322
22612,0.013
22613,0.0104
22614,0.0132
22615,0.0226
22616,0.0134
22617,0.025
22618,0.0168
22619,0.0158
22620,0.0112
22621,0.0683
22622,0.0193
22623,0.0315
22624,0.012
22625,0.0328
22626,0.0207
22627,0.0084
22628,0.0126
22629,0.0091
22630,0.1266
22631,0.0504
22632,0.01
22633,0.0284
22634,0.0129
22635,0.0716
22636,0.015
22637,0.3698
22638,0.0497
22639,0.0609
22640,0.0527
22641,0.0083
22642,0.0659
22643,0.0231
22644,0.0816
22645,0.1011
22646,0.0086
22647,0.1633
22648,0.0154
22649,0.0271
22650,0.0313
22651,0.005
22652,0.009
22653,0.0098
22654,0.0323
22655,0.0123
22656,0.0077
22657,0.0748
22658,0.0527
22659,0.0062
22660,0.1763
22661,0.0165
22662,0.0173
22663,0.0134
22664,0.0298
22665,0.0167
22666,0.0172
22667,0.0415
22668,0.016
22669,0.012
22670,0.0281
22671,0.0318
22672,0.0089
22673,0.0163
22674,0.0058
22675,0.0241
22676,0.166
22677,0.17
22678,0.0232
22679,0.0859
22680,0.0084
22681,0.0296
22682,0.0584
22683,0.0457
22684,0.0582
22685,0.1141
22686,0.0182
22687,0.1413
22688,0.0565
22689,0.0946
22690,0.0275
22691,0.2257
22692,0.2969
22693,0.0357
22694,0.1587
22695,0.253
22696,0.1106
22697,0.1536
22698,0.0192
22699,0.0527
22700,0.0138
22701,0.0517
22702,0.0163
22703,0.2273
22704,0.0288
22705,0.5658
22706,0.2448
22707,0.0531
22708,0.1209
22709,0.0492
22710,0.0503
22711,0.0407
22712,0.014
22713,0.04
22714,0.0879
22715,0.2343
22716,0.4152
22717,0.3722
22718,0.0351
22719,0.0867
22720,0.1162
22721,0.2551
22722,0.0222
22723,0.0557
22724,0.0469
22725,0.0692
22726,0.0384
22727,0.4205
22728,0.1105
22729,0.1348
22730,0.4856
22731,0.1128
22732,0.428
22733,0.063
22734,0.3592
22735,0.0573
22736,0.0287
22737,0.061
22738,0.0868
22739,0.1022
22740,0.0291
22741,0.0388
22742,0.0726
22743,0.2684
22744,0.0351
22745,0.0376
22746,0.0688
22747,0.0674
22748,0.0777
22749,0.0271
22750,0.0426
22751,0.0837
22752,0.0647
22753,0.1543
22754,0.0343
22755,0.1693
22756,0.0409
22757,0.0201
22758,0.3228
22759,0.1033
22760,0.0816
22761,0.2655
22762,0.3048
22763,0.0088
22764,0.0051
22765,0.075
22766,0.0387
22767,0.013
22768,0.0079
22769,0.0262
22770,0.0624
22771,0.0778
22772,0.1703
22773,0.2937
22774,0.0095
22775,0.0209
22776,0.1934
22777,0.0375
22778,0.0108
22779,0.0218
22780,0.0194
22781,0.0255
22782,0.274
22783,0.0158
22784,0.0372
22785,0.0633
22786,0.0598
22787,0.1185
22788,0.3371
22789,0.0524
22790,0.055
22791,0.0163
22792,0.0264
22793,0.0518
22794,0.0639
22795,0.0161
22796,0.0269
22797,0.1193
22798,0.1361
22799,0.0817
22800,0.0822
22801,0.0558
22802,0.0089
22803,0.0327
22804,0.0312
22805,0.0312
22806,0.0317
22807,0.006
22808,0.0868
22809,0.0549
22810,0.1838
22811,0.0187
22812,0.0312
22813,0.0259
22814,0.0178
22815,0.0234
22816,0.0448
22817,0.0211
22818,0.0435
22819,0.1553
22820,0.3594
22821,0.0443
22822,0.0302
22823,0.0246
22824,0.0834
22825,0.0577
22826,0.016
22827,0.0558
22828,0.0144
22829,0.0246
22830,0.2352
22831,0.0222
22832,0.027
22833,0.0291
22834,0.0083
22835,0.1987
22836,0.0567
22837,0.2017
22838,0.2803
22839,0.351
22840,0.0547
22841,0.0407
22842,0.0221
22843,0.0581
22844,0.0486
22845,0.1207
22846,0.0488
22847,0.4075
22848,0.1154
22849,0.0241
22850,0.1167
22851,0.0504
22852,0.0446
22853,0.0179
22854,0.0107
22855,0.0532
22856,0.0198
22857,0.0198
22858,0.0263
22859,0.0646
22860,0.0516
22861,0.1983
22862,0.0589
22863,0.1016
22864,0.3556
22865,0.369
22866,0.0605
22867,0.0232
22868,0.0635
22869,0.0133
22870,0.0349
22871,0.0735
22872,0.0419
22873,0.1073
22874,0.0343
22875,0.0988
22876,0.0319
22877,0.0427
22878,0.0205
22879,0.134
22880,0.0073
22881,0.06
22882,0.0234
22883,0.0155
22884,0.0265
22885,0.0353
22886,0.0584
22887,0.0625
22888,0.1073
22889,0.0829
22890,0.2392
22891,0.125
22892,0.2214
22893,0.0116
22894,0.0751
22895,0.0109
22896,0.049
22897,0.0336
22898,0.0711
22899,0.0194
22900,0.0211
22901,0.0451
22902,0.0303
22903,0.0503
22904,0.0614
22905,0.0195
22906,0.0671
22907,0.0222
22908,0.0218
22909,0.0799
22910,0.0156
22911,0.0364
22912,0.1363
22913,0.0588
22914,0.1086
22915,0.3071
22916,0.0879
22917,0.1006
22918,0.0625
22919,0.0773
22920,0.056
22921,0.0989
22922,0.058
22923,0.0109
22924,0.378
22925,0.0477
22926,0.0693
22927,0.0528
22928,0.0673
22929,0.0218
22930,0.0158
22931,0.0267
22932,0.0389
22933,0.1929
22934,0.0521
22935,0.0459
22936,0.0831
22937,0.5404
22938,0.0727
22939,0.0149
22940,0.3262
22941,0.0555
22942,0.1687
22943,0.1952
22944,0.0511
22945,0.0176
22946,0.0417
22947,0.0368
22948,0.0916
22949,0.1513
22950,0.0326
22951,0.1373
22952,0.0567
22953,0.0615
22954,0.0216
22955,0.0526
22956,0.0507
22957,0.0144
22958,0.0986
22959,0.124
22960,0.2218
22961,0.0846
22962,0.0373
22963,0.102
22964,0.1601
22965,0.3697
22966,0.0609
22967,0.0473
22968,0.0464
22969,0.4374
22970,0.0407
22971,0.0888
22972,0.3521
22973,0.1323
22974,0.0106
22975,0.0141
22976,0.0083
22977,0.0319
22978,0.0477
22979,0.2694
22980,0.2465
22981,0.0099
22982,0.0624
22983,0.0654
22984,0.1261
22985,0.116
22986,0.1117
22987,0.1612
22988,0.379
22989,0.0834
22990,0.0515
22991,0.0689
22992,0.0344
22993,0.2024
22994,0.7868
22995,0.0045
22996,0.0279
22997,0.3995
22998,0.0199
22999,0.0422
23000,0.2507
23001,0.0105
23002,0.0142
23003,0.0425
23004,0.0689
23005,0.0143
23006,0.0485
23007,0.0021
23008,0.4035
23009,0.1858
23010,0.067
23011,0.2527
23012,0.1248
23013,0.1772
23014,0.3964
23015,0.3856
23016,0.1649
23017,0.0827
23018,0.2505
23019,0.8393
23020,0.2978
23021,0.3225
23022,0.0179
23023,0.1983
23024,0.0467
23025,0.0252
23026,0.0163
23027,0.0532
23028,0.0079
23029,0.0099
23030,0.0301
23031,0.0528
23032,0.0674
23033,0.0704
23034,0.0892
23035,0.0845
23036,0.2177
23037,0.3791
23038,0.021
23039,0.0817
23040,0.2607
23041,0.0145
23042,0.0437
23043,0.9906
23044,0.78
23045,0.5922
23046,0.0067
23047,0.0221
23048,0.0756
23049,0.3501
23050,0.075
23051,0.012
23052,0.0668
23053,0.0217
23054,0.0132
23055,0.0536
23056,0.0564
23057,0.0412
23058,0.0109
23059,0.3782
23060,0.0155
23061,0.0179
23062,0.205
23063,0.0849
23064,0.0527
23065,0.0463
23066,0.4017
23067,0.1981
23068,0.0235
23069,0.1028
23070,0.0866
23071,0.0814
23072,0.8041
23073,0.6819
23074,0.5333
23075,0.018
23076,0.0513
23077,0.0229
23078,0.4177
23079,0.0803
23080,0.262
23081,0.0225
23082,0.0672
23083,0.0141
23084,0.1158
23085,0.0935
23086,0.1298
23087,0.1816
23088,0.3604
23089,0.398
23090,0.2114
23091,0.1118
23092,0.0616
23093,0.0437
23094,0.0866
23095,0.0411
23096,0.1914
23097,0.1355
23098,0.1475
23099,0.0582
23100,0.0903
23101,0.028
23102,0.8065
23103,0.8918
23104,1.0
23105,0.0906
23106,0.0433
23107,0.2025
23108,0.4016
23109,0.0181
23110,0.0238
23111,0.0717
23112,0.0372
23113,0.4041
23114,0.9497
23115,0.061
23116,0.0825
23117,0.0614
23118,0.1387
23119,0.058
23120,0.3726
23121,0.2206
23122,0.0391
23123,0.0827
23124,0.0938
23125,0.0787
23126,0.037
23127,0.0254
23128,0.2622
23129,0.2832
23130,0.1528
23131,0.0808
23132,0.0214
23133,0.0692
23134,0.0745
23135,0.1696
23136,0.0195
23137,0.0245
23138,0.0256
23139,0.0174
23140,0.0184
23141,0.0259
23142,0.0371
23143,0.4532
23144,0.4239
23145,0.2543
23146,0.2431
23147,0.0969
23148,0.1533
23149,0.1446
23150,0.4657
23151,0.0505
23152,0.032
23153,0.0269
23154,0.1247
23155,0.1516
23156,0.1005
23157,0.3198
23158,0.2643
23159,0.1572
23160,0.9322
23161,0.1053
23162,0.0106
23163,0.1096
23164,0.2399
23165,0.0186
23166,0.0358
23167,0.2799
23168,0.0507
23169,0.0207
23170,0.0242
23171,0.0423
23172,0.1052
23173,0.4007
23174,0.1834
23175,0.4091
23176,0.2814
23177,0.124
23178,0.1221
23179,0.2547
23180,0.02
23181,0.16
23182,0.0741
23183,0.0445
23184,0.4122
23185,0.2527
23186,0.0352
23187,0.4075
23188,0.2809
23189,0.0062
23190,0.0581
23191,0.0873
23192,0.0772
23193,0.0377
23194,0.0092
23195,0.0155
23196,0.0265
23197,0.0451
23198,0.0732
23199,0.067
23200,0.0908
23201,0.3651
23202,0.6692
23203,0.4106
23204,0.3469
23205,0.3874
23206,0.1005
23207,0.0194
23208,0.057
23209,0.0681
23210,0.2004
23211,0.2398
23212,0.064
23213,0.0239
23214,0.0637
23215,0.0952
23216,0.0116
23217,0.0262
23218,0.0846
23219,0.0215
23220,0.0289
23221,0.0168
23222,0.1202
23223,0.0104
23224,0.0241
23225,0.0403
23226,0.0484
23227,0.057
23228,0.2195
23229,0.2211
23230,0.3502
23231,0.4912
23232,0.4227
23233,0.2482
23234,0.191
23235,0.0417
23236,0.0354
23237,0.0923
23238,0.0135
23239,0.0235
23240,0.7777
23241,0.0444
23242,0.0207
23243,0.0593
23244,0.0376
23245,0.0814
23246,0.0148
23247,0.0422
23248,0.016
23249,0.0291
23250,0.0152
23251,0.0118
23252,0.0268
23253,0.0711
23254,0.0962
23255,0.5139
23256,0.3687
23257,0.2194
23258,0.9404
23259,0.2719
23260,0.3834
23261,0.2201
23262,0.029
23263,0.0292
23264,0.0212
23265,0.0493
23266,0.0355
23267,0.0228
23268,0.0524
23269,0.4088
23270,0.1837
23271,0.2558
23272,0.0238
23273,0.0823
23274,0.105
23275,0.1048
23276,0.2199
23277,0.0334
23278,0.005
23279,0.0206
23280,0.0063
23281,0.0382
23282,0.1246
23283,0.9525
23284,0.3973
23285,0.5447
23286,0.2507
23287,0.247
23288,0.1477
23289,0.219
23290,0.037
23291,0.0121
23292,0.0215
23293,0.017
23294,0.0194
23295,0.0968
23296,0.0995
23297,0.0655
23298,0.1801
23299,0.0171
23300,0.0544
23301,0.0086
23302,0.3673
23303,0.0239
23304,0.108
23305,0.1995
23306,0.02
23307,0.1867
23308,0.1646
23309,0.0591
23310,0.0848
23311,0.0256
23312,0.084
23313,0.0915
23314,0.0193
23315,0.0943
23316,0.0877
23317,0.0297
23318,0.0157
23319,0.1105
23320,0.0105
23321,0.0081
23322,0.0121
23323,0.0655
23324,0.0263
23325,0.0988
23326,0.0315
23327,0.041
23328,0.008
23329,0.0435
23330,0.1712
23331,0.2826
23332,0.5142
23333,0.1103
23334,0.0382
23335,0.0163
23336,0.0474
23337,0.1149
23338,0.013
23339,0.0179
23340,0.0103
23341,0.0207
23342,0.0103
23343,0.0077
23344,0.0194
23345,0.0714
23346,0.0665
23347,0.3978
23348,0.0125
23349,0.0118
23350,0.0197
23351,0.0495
23352,0.0953
23353,0.3574
23354,0.1092
23355,0.2109
23356,0.0209
23357,0.011
23358,0.0616
23359,0.0945
23360,0.0389
23361,0.0105
23362,0.0115
23363,0.0143
23364,0.2578
23365,0.0152
23366,0.0038
23367,0.0191
23368,0.0264
23369,0.1029
23370,0.052
23371,0.0355
23372,0.0108
23373,0.0248
23374,0.0407
23375,0.3414
23376,0.0248
23377,0.0223
23378,0.0265
23379,0.0294
23380,0.051
23381,0.2695
23382,0.0511
23383,0.1125
23384,0.0735
23385,0.0241
23386,0.0163
23387,0.0352
23388,0.0354
23389,0.0276
23390,0.352
23391,0.2403
23392,0.0132
23393,0.0631
23394,0.056
23395,0.0081
23396,0.0093
23397,0.3668
23398,0.5473
23399,0.1736
23400,0.0575
23401,0.0863
23402,0.0521
23403,0.0381
23404,0.0903
23405,0.0963
23406,0.0763
23407,0.9169
23408,0.0622
23409,0.014
23410,0.0671
23411,0.0644
23412,0.0157
23413,0.0223
23414,0.1168
23415,0.3627
23416,0.0546
23417,0.1321
23418,0.0233
23419,0.0617
23420,0.0737
23421,0.0309
23422,0.0224
23423,0.0387
23424,0.0467
23425,0.0211
23426,0.0191
23427,0.0671
23428,0.017
23429,0.1262
23430,0.0279
23431,0.0364
23432,0.0146
23433,0.0213
23434,0.0734
23435,0.0757
23436,0.0242
23437,0.033
23438,0.7982
23439,0.0387
23440,0.0971
23441,0.0387
23442,0.0347
23443,0.0423
23444,0.0463
23445,0.0101
23446,0.0127
23447,0.2135
23448,0.0177
23449,0.0144
23450,0.04
23451,0.0991
23452,0.0124
23453,0.102
23454,0.0237
23455,0.0199
23456,0.0396
23457,0.3967
23458,0.0199
23459,0.0207
23460,0.0572
23461,0.0286
23462,0.1321
23463,0.0563
23464,0.0137
23465,0.0044
23466,0.0531
23467,0.1528
23468,0.0849
23469,0.0703
23470,0.0562
23471,0.0245
23472,0.0462
23473,0.0197
23474,0.1902
23475,0.1626
23476,0.2065
23477,0.0105
23478,0.0313
23479,0.0114
23480,0.0152
23481,0.0128
23482,0.0143
23483,0.0093
23484,0.0131
23485,0.0083
23486,0.0128
23487,0.0158
23488,0.0203
23489,0.0494
23490,0.0429
23491,0.1069
23492,0.0097
23493,0.1916
23494,0.1903
23495,0.0044
23496,0.0105
23497,0.0325
23498,0.0148
23499,0.0101
23500,0.0206
23501,0.0141
23502,0.0321
23503,0.0165
23504,0.0152
23505,0.0115
23506,0.009
23507,0.0719
23508,0.0231
23509,0.0335
23510,0.0098
23511,0.0143
23512,0.0081
23513,0.1329
23514,0.0266
23515,0.0494
23516,0.0085
23517,0.0092
23518,0.0225
23519,0.065
23520,0.0116
23521,0.0114
23522,0.3432
23523,0.0517
23524,0.0576
23525,0.0468
23526,0.0149
23527,0.0084
23528,0.0731
23529,0.0233
23530,0.0854
23531,0.1026
23532,0.16
23533,0.0158
23534,0.028
23535,0.0258
23536,0.0306
23537,0.0045
23538,0.008
23539,0.0092
23540,0.0349
23541,0.0124
23542,0.0083
23543,0.0692
23544,0.0517
23545,0.2338
23546,0.0097
23547,0.0135
23548,0.0167
23549,0.0144
23550,0.0175
23551,0.0405
23552,0.0193
23553,0.0137
23554,0.0286
23555,0.0253
23556,0.0102
23557,0.0111
23558,0.0078
23559,0.0321
23560,0.1712
23561,0.1709
23562,0.0217
23563,0.0925
23564,0.0124
23565,0.0402
23566,0.0531
23567,0.0509
23568,0.0566
23569,0.0257
23570,0.0335
23571,0.0553
23572,0.0988
23573,0.0411
23574,0.0368
23575,0.0273
23576,0.1421
23577,0.0414
23578,0.0775
23579,0.2167
23580,0.213
23581,0.0375
23582,0.1645
23583,0.0628
23584,0.3555
23585,0.1099
23586,0.1278
23587,0.0499
23588,0.0525
23589,0.0354
23590,0.0131
23591,0.1542
23592,0.0296
23593,0.6261
23594,0.1407
23595,0.0351
23596,0.0536
23597,0.1194
23598,0.0437
23599,0.0281
23600,0.0487
23601,0.0411
23602,0.0816
23603,0.2275
23604,0.463
23605,0.4021
23606,0.0842
23607,0.1168
23608,0.2367
23609,0.0214
23610,0.0557
23611,0.0454
23612,0.0648
23613,0.0631
23614,0.0351
23615,0.4266
23616,0.1217
23617,0.1353
23618,0.4064
23619,0.108
23620,0.4537
23621,0.0196
23622,0.0649
23623,0.359
23624,0.0561
23625,0.0553
23626,0.0383
23627,0.0639
23628,0.084
23629,0.1024
23630,0.0402
23631,0.0354
23632,0.0626
23633,0.1577
23634,0.0347
23635,0.0354
23636,0.0762
23637,0.0679
23638,0.0747
23639,0.025
23640,0.0409
23641,0.0486
23642,0.0671
23643,0.0313
23644,0.0644
23645,0.1528
23646,0.0426
23647,0.2505
23648,0.0211
23649,0.0439
23650,0.0431
23651,0.0161
23652,0.4019
23653,0.112
23654,0.0745
23655,0.2697
23656,0.439
23657,0.0129
23658,0.0081
23659,0.08
23660,0.036
23661,0.0121
23662,0.0086
23663,0.072
23664,0.0851
23665,0.1606
23666,0.2885
23667,0.0207
23668,0.2175
23669,0.0429
23670,0.024
23671,0.0287
23672,0.3538
23673,0.0121
23674,0.0384
23675,0.055
23676,0.063
23677,0.1349
23678,0.3366
23679,0.052
23680,0.053
23681,0.0238
23682,0.0478
23683,0.0608
23684,0.0039
23685,0.0171
23686,0.0251
23687,0.0064
23688,0.1183
23689,0.1431
23690,0.0709
23691,0.0823
23692,0.0622
23693,0.0081
23694,0.0334
23695,0.031
23696,0.0305
23697,0.0338
23698,0.0096
23699,0.096
23700,0.0551
23701,0.1811
23702,0.017
23703,0.032
23704,0.0255
23705,0.0163
23706,0.0163
23707,0.0232
23708,0.0446
23709,0.0183
23710,0.0208
23711,0.0389
23712,0.1853
23713,0.3508
23714,0.0456
23715,0.039
23716,0.0254
23717,0.0899
23718,0.0539
23719,0.0533
23720,0.0101
23721,0.0253
23722,0.2258
23723,0.0262
23724,0.0217
23725,0.0287
23726,0.0095
23727,0.2011
23728,0.0576
23729,0.2141
23730,0.1701
23731,0.3432
23732,0.0581
23733,0.0397
23734,0.0187
23735,0.0586
23736,0.0505
23737,0.105
23738,0.0483
23739,0.4228
23740,0.1124
23741,0.1109
23742,0.0525
23743,0.0156
23744,0.0085
23745,0.013
23746,0.0591
23747,0.0164
23748,0.0156
23749,0.0153
23750,0.027
23751,0.0732
23752,0.0407
23753,0.0613
23754,0.061
23755,0.0989
23756,0.3432
23757,0.382
23758,0.0617
23759,0.0245
23760,0.0688
23761,0.0139
23762,0.0346
23763,0.0221
23764,0.0138
23765,0.0737
23766,0.0468
23767,0.1037
23768,0.0365
23769,0.1019
23770,0.0291
23771,0.0356
23772,0.0216
23773,0.0132
23774,0.1472
23775,0.0091
23776,0.0562
23777,0.0206
23778,0.0161
23779,0.0245
23780,0.0444
23781,0.0613
23782,0.0597
23783,0.1082
23784,0.0792
23785,0.2531
23786,0.2036
23787,0.1453
23788,0.0133
23789,0.0749
23790,0.0111
23791,0.0484
23792,0.0306
23793,0.07
23794,0.0238
23795,0.0203
23796,0.0511
23797,0.0322
23798,0.0101
23799,0.0551
23800,0.0616
23801,0.0205
23802,0.0616
23803,0.0214
23804,0.0241
23805,0.0142
23806,0.0223
23807,0.0818
23808,0.018
23809,0.0365
23810,0.134
23811,0.0563
23812,0.1146
23813,0.3051
23814,0.0845
23815,0.102
23816,0.0599
23817,0.0726
23818,0.0632
23819,0.097
23820,0.0616
23821,0.0071
23822,0.0149
23823,0.2042
23824,0.0501
23825,0.0672
23826,0.0538
23827,0.0648
23828,0.0145
23829,0.0209
23830,0.0141
23831,0.0235
23832,0.0387
23833,0.2911
23834,0.0563
23835,0.0435
23836,0.0868
23837,0.5838
23838,0.0686
23839,0.0151
23840,0.3075
23841,0.0576
23842,0.1636
23843,0.2828
23844,0.0549
23845,0.0181
23846,0.0478
23847,0.0336
23848,0.0958
23849,0.171
23850,0.032
23851,0.1316
23852,0.0564
23853,0.0585
23854,0.0137
23855,0.0214
23856,0.0492
23857,0.0517
23858,0.0155
23859,0.0979
23860,0.126
23861,0.2185
23862,0.0871
23863,0.0397
23864,0.1053
23865,0.1707
23866,0.351
23867,0.06
23868,0.0094
23869,0.0444
23870,0.0248
23871,0.0086
23872,0.0443
23873,0.4368
23874,0.0419
23875,0.0963
23876,0.3344
23877,0.1479
23878,0.0138
23879,0.035
23880,0.0494
23881,0.2595
23882,0.2742
23883,0.009
23884,0.0589
23885,0.0664
23886,0.1232
23887,0.2031
23888,0.116
23889,0.1661
23890,0.3791
23891,0.0815
23892,0.0151
23893,0.0509
23894,0.0733
23895,0.0395
23896,0.1965
23897,0.772
23898,0.0258
23899,0.3919
23900,0.0123
23901,0.0463
23902,0.2407
23903,0.0088
23904,0.0416
23905,0.0702
23906,0.0161
23907,0.0429
23908,0.0027
23909,0.4336
23910,0.1887
23911,0.0637
23912,0.2286
23913,0.1226
23914,0.1906
23915,0.3948
23916,0.358
23917,0.2798
23918,0.2079
23919,0.1061
23920,0.8217
23921,0.2994
23922,0.3895
23923,0.0081
23924,0.0176
23925,0.1242
23926,0.045
23927,0.0264
23928,0.0142
23929,0.0514
23930,0.0073
23931,0.0111
23932,0.0226
23933,0.0547
23934,0.0706
23935,0.0731
23936,0.0895
23937,0.0756
23938,0.2161
23939,0.3518
23940,0.0206
23941,0.0812
23942,0.2686
23943,0.0149
23944,0.0429
23945,0.9727
23946,0.8014
23947,0.6115
23948,0.0178
23949,0.0628
23950,0.3582
23951,0.0702
23952,0.0105
23953,0.0638
23954,0.0112
23955,0.0514
23956,0.0563
23957,0.0423
23958,0.0118
23959,0.398
23960,0.0146
23961,0.014
23962,0.0795
23963,0.0876
23964,0.0512
23965,0.044
23966,0.4428
23967,0.3319
23968,0.025
23969,0.1012
23970,0.0896
23971,0.0874
23972,0.8259
23973,0.6924
23974,0.5282
23975,0.0123
23976,0.1965
23977,0.0258
23978,0.4023
23979,0.076
23980,0.268
23981,0.0279
23982,0.0703
23983,0.0209
23984,0.1144
23985,0.1031
23986,0.1329
23987,0.161
23988,0.3613
23989,0.4449
23990,0.3641
23991,0.1095
23992,0.0555
23993,0.0451
23994,0.0905
23995,0.0493
23996,0.029
23997,0.1365
23998,0.1553
23999,0.0577
24000,0.093
24001,0.0288
24002,0.8089
24003,0.9456
24004,0.9992
24005,0.0992
24006,0.037
24007,0.2165
24008,0.3804
24009,0.0196
24010,0.0061
24011,0.0166
24012,0.0285
24013,0.0733
24014,0.0371
24015,0.4069
24016,0.9513
24017,0.0518
24018,0.0882
24019,0.0635
24020,0.1294
24021,0.0612
24022,0.3674
24023,0.2207
24024,0.0424
24025,0.0822
24026,0.0912
24027,0.076
24028,0.0427
24029,0.0256
24030,0.2593
24031,0.3978
24032,0.2466
24033,0.0779
24034,0.069
24035,0.0112
24036,0.0727
24037,0.1783
24038,0.0195
24039,0.0248
24040,0.0269
24041,0.0209
24042,0.0254
24043,0.0412
24044,0.3764
24045,0.4253
24046,0.2489
24047,0.2403
24048,0.0941
24049,0.1551
24050,0.2134
24051,0.438
24052,0.0441
24053,0.0254
24054,0.0311
24055,0.0255
24056,0.1256
24057,0.1517
24058,0.2015
24059,0.3858
24060,0.2625
24061,0.1643
24062,0.9074
24063,0.1025
24064,0.0125
24065,0.2154
24066,0.2337
24067,0.0179
24068,0.0328
24069,0.3941
24070,0.0484
24071,0.0207
24072,0.0216
24073,0.0419
24074,0.1003
24075,0.4028
24076,0.2607
24077,0.41
24078,0.2825
24079,0.1255
24080,0.1121
24081,0.2563
24082,0.018
24083,0.1634
24084,0.0689
24085,0.0467
24086,0.3847
24087,0.2552
24088,0.0346
24089,0.421
24090,0.2679
24091,0.0037
24092,0.0609
24093,0.0872
24094,0.0796
24095,0.0106
24096,0.0266
24097,0.0475
24098,0.0677
24099,0.0726
24100,0.0949
24101,0.3935
24102,0.6894
24103,0.4032
24104,0.354
24105,0.3918
24106,0.1097
24107,0.0582
24108,0.0711
24109,0.1238
24110,0.1815
24111,0.0556
24112,0.0217
24113,0.061
24114,0.096
24115,0.0105
24116,0.0006
24117,0.0299
24118,0.0816
24119,0.021
24120,0.0093
24121,0.0315
24122,0.0216
24123,0.0101
24124,0.0228
24125,0.0428
24126,0.0497
24127,0.0629
24128,0.2162
24129,0.1554
24130,0.3845
24131,0.4996
24132,0.4392
24133,0.2289
24134,0.1888
24135,0.0327
24136,0.0884
24137,0.0134
24138,0.0101
24139,0.7725
24140,0.0431
24141,0.0182
24142,0.0592
24143,0.0381
24144,0.0824
24145,0.0239
24146,0.0364
24147,0.0157
24148,0.0295
24149,0.0038
24150,0.0155
24151,0.0108
24152,0.0285
24153,0.0716
24154,0.0967
24155,0.5381
24156,0.3824
24157,0.2178
24158,0.9454
24159,0.3703
24160,0.4095
24161,0.2113
24162,0.0289
24163,0.0219
24164,0.0456
24165,0.0353
24166,0.0143
24167,0.0222
24168,0.0549
24169,0.4112
24170,0.1918
24171,0.3455
24172,0.0203
24173,0.0816
24174,0.107
24175,0.1046
24176,0.2157
24177,0.0284
24178,0.0377
24179,0.1241
24180,0.9399
24181,0.4016
24182,0.5287
24183,0.2448
24184,0.2422
24185,0.1658
24186,0.1004
24187,0.0322
24188,0.0217
24189,0.0187
24190,0.1028
24191,0.1022
24192,0.0648
24193,0.1713
24194,0.0164
24195,0.0518
24196,0.0096
24197,0.2482
24198,0.025
24199,0.0087
24200,0.101
24201,0.2084
24202,0.0215
24203,0.1947
24204,0.1628
24205,0.0638
24206,0.0923
24207,0.0212
24208,0.0782
24209,0.0951
24210,0.0219
24211,0.0873
24212,0.0882
24213,0.0306
24214,0.0085
24215,0.1201
24216,0.0093
24217,0.1843
24218,0.0055
24219,0.028
24220,0.0968
24221,0.0288
24222,0.0395
24223,0.0403
24224,0.1722
24225,0.364
24226,0.5435
24227,0.105
24228,0.0102
24229,0.0143
24230,0.0303
24231,0.0409
24232,0.0487
24233,0.1
24234,0.0122
24235,0.0194
24236,0.0121
24237,0.0202
24238,0.0122
24239,0.0076
24240,0.0182
24241,0.0095
24242,0.0739
24243,0.0695
24244,0.3928
24245,0.0149
24246,0.0146
24247,0.0213
24248,0.0493
24249,0.099
24250,0.3503
24251,0.1089
24252,0.0131
24253,0.0133
24254,0.2092
24255,0.0129
24256,0.021
24257,0.0128
24258,0.0609
24259,0.2028
24260,0.0405
24261,0.0115
24262,0.0139
24263,0.2546
24264,0.0153
24265,0.0143
24266,0.0188
24267,0.1054
24268,0.0488
24269,0.0372
24270,0.013
24271,0.0261
24272,0.0439
24273,0.3375
24274,0.0249
24275,0.0185
24276,0.026
24277,0.0286
24278,0.0548
24279,0.2568
24280,0.0525
24281,0.2282
24282,0.0805
24283,0.0256
24284,0.034
24285,0.0446
24286,0.0306
24287,0.2315
24288,0.1629
24289,0.0155
24290,0.0559
24291,0.057
24292,0.0086
24293,0.3838
24294,0.5702
24295,0.1788
24296,0.0567
24297,0.0072
24298,0.0861
24299,0.0509
24300,0.0365
24301,0.1009
24302,0.0966
24303,0.0809
24304,0.9246
24305,0.0201
24306,0.0692
24307,0.0121
24308,0.0759
24309,0.066
24310,0.0169
24311,0.0234
24312,0.1106
24313,0.3346
24314,0.0492
24315,0.2203
24316,0.0217
24317,0.0663
24318,0.0739
24319,0.0308
24320,0.0208
24321,0.0397
24322,0.0449
24323,0.0188
24324,0.021
24325,0.0592
24326,0.019
24327,0.1018
24328,0.0258
24329,0.0391
24330,0.0205
24331,0.0733
24332,0.0727
24333,0.0205
24334,0.0402
24335,0.806
24336,0.0412
24337,0.1037
24338,0.0479
24339,0.0293
24340,0.047
24341,0.0423
24342,0.0101
24343,0.2108
24344,0.0204
24345,0.0128
24346,0.0379
24347,0.2019
24348,0.0115
24349,0.0081
24350,0.1935
24351,0.0312
24352,0.0324
24353,0.3784
24354,0.0172
24355,0.0171
24356,0.0065
24357,0.0162
24358,0.0131
24359,0.0555
24360,0.0282
24361,0.1513
24362,0.0634
24363,0.0087
24364,0.0502
24365,0.1478
24366,0.0847
24367,0.0643
24368,0.063
24369,0.0442
24370,0.0193
24371,0.1844
24372,0.1733
24373,0.2089
24374,0.0091
24375,0.0322
24376,0.0114
24377,0.0151
24378,0.0109
24379,0.0081
24380,0.0143
24381,0.0146
24382,0.0064
24383,0.0126
24384,0.0226
24385,0.0094
24386,0.0183
24387,0.0533
24388,0.0432
24389,0.0991
24390,0.0048
24391,0.099
24392,0.0112
24393,0.2492
24394,0.0265
24395,0.0304
24396,0.0131
24397,0.02
24398,0.0307
24399,0.0181
24400,0.0036
24401,0.0084
24402,0.0171
24403,0.0105
24404,0.0103
24405,0.0675
24406,0.0154
24407,0.0324
24408,0.0129
24409,0.0329
24410,0.0185
24411,0.0126
24412,0.0125
24413,0.0049
24414,0.1302
24415,0.0236
24416,0.0465
24417,0.0111
24418,0.0112
24419,0.021
24420,0.007
24421,0.0138
24422,0.0656
24423,0.0074
24424,0.0154
24425,0.0111
24426,0.0118
24427,0.3807
24428,0.0497
24429,0.0572
24430,0.0584
24431,0.0092
24432,0.0632
24433,0.0218
24434,0.0832
24435,0.1
24436,0.1641
24437,0.0138
24438,0.0266
24439,0.0222
24440,0.0273
24441,0.0201
24442,0.019
24443,0.0088
24444,0.0375
24445,0.0109
24446,0.0059
24447,0.0721
24448,0.053
24449,0.0313
24450,0.1792
24451,0.0088
24452,0.0285
24453,0.0146
24454,0.0164
24455,0.044
24456,0.0142
24457,0.0281
24458,0.0326
24459,0.0107
24460,0.033
24461,0.2455
24462,0.1671
24463,0.0237
24464,0.0944
24465,0.013
24466,0.0324
24467,0.0638
24468,0.048
24469,0.0527
24470,0.0409
24471,0.0062
24472,0.1502
24473,0.0507
24474,0.0604
24475,0.1355
24476,0.18
24477,0.0226
24478,0.0162
24479,0.2577
24480,0.0651
24481,0.2332
24482,0.0983
24483,0.1683
24484,0.0217
24485,0.0241
24486,0.0733
24487,0.0219
24488,0.0407
24489,0.0172
24490,0.1572
24491,0.0242
24492,0.7176
24493,0.26
24494,0.0535
24495,0.1272
24496,0.063
24497,0.0504
24498,0.0183
24499,0.011
24500,0.0343
24501,0.0779
24502,0.3682
24503,0.4452
24504,0.3741
24505,0.0268
24506,0.0723
24507,0.0974
24508,0.1545
24509,0.0104
24510,0.0244
24511,0.0613
24512,0.0502
24513,0.0774
24514,0.0666
24515,0.0285
24516,0.4074
24517,0.0973
24518,0.3748
24519,0.4289
24520,0.1026
24521,0.0161
24522,0.3943
24523,0.0228
24524,0.0734
24525,0.3555
24526,0.0676
24527,0.0516
24528,0.025
24529,0.077
24530,0.0895
24531,0.1103
24532,0.0426
24533,0.0285
24534,0.032
24535,0.0842
24536,0.1612
24537,0.0459
24538,0.0431
24539,0.0716
24540,0.0855
24541,0.0951
24542,0.0304
24543,0.039
24544,0.0379
24545,0.0751
24546,0.0244
24547,0.0633
24548,0.1515
24549,0.0499
24550,0.2776
24551,0.0462
24552,0.045
24553,0.0229
24554,0.0202
24555,0.0171
24556,0.0137
24557,0.3756
24558,0.1018
24559,0.0778
24560,0.1485
24561,0.2022
24562,0.0917
24563,0.0501
24564,0.0287
24565,0.0606
24566,0.068
24567,0.1649
24568,0.2833
24569,0.0215
24570,0.2253
24571,0.0411
24572,0.0091
24573,0.0256
24574,0.2719
24575,0.0135
24576,0.0405
24577,0.0084
24578,0.0635
24579,0.0497
24580,0.0279
24581,0.1355
24582,0.3546
24583,0.0681
24584,0.0785
24585,0.018
24586,0.0286
24587,0.0526
24588,0.0665
24589,0.0114
24590,0.0273
24591,0.0108
24592,0.1185
24593,0.1445
24594,0.0875
24595,0.0893
24596,0.069
24597,0.0101
24598,0.0269
24599,0.0321
24600,0.0273
24601,0.0284
24602,0.093
24603,0.0629
24604,0.3228
24605,0.0192
24606,0.0281
24607,0.026
24608,0.0148
24609,0.0147
24610,0.0217
24611,0.0521
24612,0.0212
24613,0.0239
24614,0.0489
24615,0.2453
24616,0.3975
24617,0.0469
24618,0.0356
24619,0.0342
24620,0.0914
24621,0.0589
24622,0.0605
24623,0.0119
24624,0.0119
24625,0.024
24626,0.2179
24627,0.0234
24628,0.0246
24629,0.0274
24630,0.0086
24631,0.2035
24632,0.0566
24633,0.3636
24634,0.3262
24635,0.354
24636,0.0573
24637,0.0386
24638,0.0192
24639,0.0587
24640,0.0459
24641,0.127
24642,0.0482
24643,0.4484
24644,0.1145
24645,0.0282
24646,0.115
24647,0.0539
24648,0.0469
24649,0.0174
24650,0.0133
24651,0.0119
24652,0.0616
24653,0.0212
24654,0.0214
24655,0.0123
24656,0.0176
24657,0.0239
24658,0.0715
24659,0.0529
24660,0.0714
24661,0.0598
24662,0.0898
24663,0.3635
24664,0.3912
24665,0.0578
24666,0.0241
24667,0.0581
24668,0.0133
24669,0.0371
24670,0.0188
24671,0.0685
24672,0.0481
24673,0.1172
24674,0.0425
24675,0.1071
24676,0.0377
24677,0.0458
24678,0.0226
24679,0.011
24680,0.1474
24681,0.0246
24682,0.062
24683,0.0217
24684,0.0137
24685,0.0229
24686,0.032
24687,0.0645
24688,0.0663
24689,0.1105
24690,0.0873
24691,0.3732
24692,0.1901
24693,0.2135
24694,0.0108
24695,0.0714
24696,0.0088
24697,0.0505
24698,0.0391
24699,0.0742
24700,0.0182
24701,0.0217
24702,0.0526
24703,0.0355
24704,0.0119
24705,0.0548
24706,0.0541
24707,0.0223
24708,0.0655
24709,0.0264
24710,0.0205
24711,0.0826
24712,0.0159
24713,0.0327
24714,0.1455
24715,0.0597
24716,0.1099
24717,0.3182
24718,0.0909
24719,0.0992
24720,0.0559
24721,0.2116
24722,0.0594
24723,0.0892
24724,0.0611
24725,0.0105
24726,0.009
24727,0.0191
24728,0.266
24729,0.059
24730,0.0735
24731,0.0619
24732,0.068
24733,0.0162
24734,0.0202
24735,0.0211
24736,0.038
24737,0.3061
24738,0.066
24739,0.0392
24740,0.0856
24741,0.6305
24742,0.0698
24743,0.0138
24744,0.32
24745,0.0575
24746,0.2505
24747,0.2918
24748,0.0632
24749,0.046
24750,0.0465
24751,0.0986
24752,0.1721
24753,0.0407
24754,0.131
24755,0.0638
24756,0.0108
24757,0.0658
24758,0.0212
24759,0.0565
24760,0.0594
24761,0.016
24762,0.1014
24763,0.1233
24764,0.2351
24765,0.0856
24766,0.0337
24767,0.098
24768,0.1628
24769,0.3557
24770,0.0636
24771,0.0108
24772,0.0475
24773,0.0228
24774,0.0108
24775,0.0565
24776,0.4947
24777,0.041
24778,0.1214
24779,0.3922
24780,0.1444
24781,0.0218
24782,0.0127
24783,0.0329
24784,0.0549
24785,0.2526
24786,0.48
24787,0.0097
24788,0.2066
24789,0.0713
24790,0.2187
24791,0.1958
24792,0.1087
24793,0.1672
24794,0.3746
24795,0.0741
24796,0.0509
24797,0.0818
24798,0.0396
24799,0.2348
24800,0.8112
24801,0.0048
24802,0.0326
24803,0.4347
24804,0.0135
24805,0.0441
24806,0.1893
24807,0.0175
24808,0.0487
24809,0.0668
24810,0.0152
24811,0.0467
24812,0.0071
24813,0.4592
24814,0.218
24815,0.0656
24816,0.2328
24817,0.1168
24818,0.2469
24819,0.3975
24820,0.2726
24821,0.0228
24822,0.2716
24823,0.2242
24824,0.1073
24825,0.8897
24826,0.3087
24827,0.3206
24828,0.0083
24829,0.0174
24830,0.214
24831,0.0537
24832,0.0275
24833,0.0251
24834,0.0133
24835,0.0509
24836,0.0098
24837,0.0133
24838,0.0324
24839,0.2123
24840,0.0592
24841,0.0657
24842,0.0848
24843,0.073
24844,0.3444
24845,0.2398
24846,0.0227
24847,0.0927
24848,0.2604
24849,0.0184
24850,0.0458
24851,1.0
24852,0.8344
24853,0.6214
24854,0.0253
24855,0.0193
24856,0.0827
24857,0.3863
24858,0.0817
24859,0.0645
24860,0.0519
24861,0.0564
24862,0.0422
24863,0.0109
24864,0.4189
24865,0.0162
24866,0.0221
24867,0.0746
24868,0.0795
24869,0.0492
24870,0.0414
24871,0.3883
24872,0.3285
24873,0.0235
24874,0.1078
24875,0.0888
24876,0.0877
24877,0.8643
24878,0.7405
24879,0.5546
24880,0.2126
24881,0.0243
24882,0.0142
24883,0.3916
24884,0.0757
24885,0.2653
24886,0.0255
24887,0.0829
24888,0.0148
24889,0.1296
24890,0.0911
24891,0.1285
24892,0.1689
24893,0.361
24894,0.4347
24895,0.3721
24896,0.1051
24897,0.0603
24898,0.0427
24899,0.0906
24900,0.0502
24901,0.0265
24902,0.0219
24903,0.1226
24904,0.1491
24905,0.065
24906,0.0937
24907,0.028
24908,0.8248
24909,0.9357
24910,0.9824
24911,0.1001
24912,0.0512
24913,0.2173
24914,0.4015
24915,0.0228
24916,0.0128
24917,0.0153
24918,0.0173
24919,0.0237
24920,0.0635
24921,0.0367
24922,0.4004
24923,0.979
24924,0.0537
24925,0.0788
24926,0.0552
24927,0.1277
24928,0.0573
24929,0.3781
24930,0.1012
24931,0.0347
24932,0.0881
24933,0.0942
24934,0.081
24935,0.0384
24936,0.0224
24937,0.2521
24938,0.2728
24939,0.1631
24940,0.0778
24941,0.0231
24942,0.0681
24943,0.0711
24944,0.2604
24945,0.024
24946,0.0333
24947,0.0318
24948,0.0213
24949,0.0287
24950,0.0449
24951,0.4167
24952,0.4066
24953,0.3707
24954,0.1604
24955,0.0819
24956,0.1513
24957,0.1208
24958,0.4641
24959,0.0475
24960,0.0313
24961,0.0295
24962,0.2166
24963,0.1595
24964,0.4076
24965,0.3975
24966,0.3842
24967,0.2412
24968,0.9142
24969,0.1041
24970,0.013
24971,0.2224
24972,0.2405
24973,0.0226
24974,0.0302
24975,0.2643
24976,0.048
24977,0.0237
24978,0.0202
24979,0.0405
24980,0.0958
24981,0.3794
24982,0.2547
24983,0.4181
24984,0.2735
24985,0.1206
24986,0.1055
24987,0.3865
24988,0.0211
24989,0.1578
24990,0.0668
24991,0.0461
24992,0.4211
24993,0.2513
24994,0.0371
24995,0.4326
24996,0.2669
24997,0.0062
24998,0.0663
24999,0.1021
25000,0.0886
25001,0.0122
25002,0.0107
25003,0.0087
25004,0.0256
25005,0.0457
25006,0.0784
25007,0.0683
25008,0.0859
25009,0.3939
25010,0.6857
25011,0.4091
25012,0.3693
25013,0.3926
25014,0.0964
25015,0.0513
25016,0.0663
25017,0.1077
25018,0.1948
25019,0.0571
25020,0.028
25021,0.0051
25022,0.0676
25023,0.1046
25024,0.0128
25025,0.0345
25026,0.0959
25027,0.0132
25028,0.0241
25029,0.0247
25030,0.0159
25031,0.0086
25032,0.0253
25033,0.0532
25034,0.0461
25035,0.0602
25036,0.4106
25037,0.2171
25038,0.376
25039,0.4873
25040,0.4174
25041,0.392
25042,0.2551
25043,0.0394
25044,0.0234
25045,0.0351
25046,0.0949
25047,0.0124
25048,0.0291
25049,0.8636
25050,0.0504
25051,0.0215
25052,0.0651
25053,0.0421
25054,0.0964
25055,0.0181
25056,0.0391
25057,0.0251
25058,0.0428
25059,0.0154
25060,0.0132
25061,0.0297
25062,0.0632
25063,0.0979
25064,0.5289
25065,0.3611
25066,0.2177
25067,0.9329
25068,0.3812
25069,0.4044
25070,0.224
25071,0.0281
25072,0.0286
25073,0.0451
25074,0.0392
25075,0.0247
25076,0.0571
25077,0.4572
25078,0.2068
25079,0.3754
25080,0.0254
25081,0.0925
25082,0.1086
25083,0.112
25084,0.231
25085,0.1994
25086,0.0243
25087,0.0426
25088,0.1232
25089,0.9781
25090,0.4139
25091,0.5858
25092,0.3784
25093,0.2477
25094,0.1538
25095,0.2495
25096,0.0438
25097,0.02
25098,0.0148
25099,0.0134
25100,0.024
25101,0.017
25102,0.1058
25103,0.1051
25104,0.0711
25105,0.2506
25106,0.018
25107,0.0554
25108,0.0113
25109,0.3627
25110,0.0269
25111,0.0079
25112,0.0975
25113,0.203
25114,0.0211
25115,0.0054
25116,0.1943
25117,0.1513
25118,0.0665
25119,0.0864
25120,0.0323
25121,0.0777
25122,0.0867
25123,0.0184
25124,0.1015
25125,0.0973
25126,0.0339
25127,0.0185
25128,0.0116
25129,0.2328
25130,0.015
25131,0.0871
25132,0.0325
25133,0.0221
25134,0.0951
25135,0.0291
25136,0.0362
25137,0.0084
25138,0.0377
25139,0.1726
25140,0.3799
25141,0.5448
25142,0.1155
25143,0.0122
25144,0.0264
25145,0.0168
25146,0.0271
25147,0.0394
25148,0.0166
25149,0.0579
25150,0.1994
25151,0.0146
25152,0.0236
25153,0.0127
25154,0.0164
25155,0.009
25156,0.0166
25157,0.0744
25158,0.0688
25159,0.3797
25160,0.0135
25161,0.0121
25162,0.0193
25163,0.0534
25164,0.092
25165,0.3742
25166,0.1231
25167,0.0156
25168,0.2142
25169,0.0119
25170,0.0211
25171,0.061
25172,0.1226
25173,0.0431
25174,0.0115
25175,0.0118
25176,0.014
25177,0.2698
25178,0.0185
25179,0.0208
25180,0.0204
25181,0.1058
25182,0.0514
25183,0.0379
25184,0.0119
25185,0.0206
25186,0.0427
25187,0.3695
25188,0.0276
25189,0.0198
25190,0.0254
25191,0.0305
25192,0.0577
25193,0.243
25194,0.0542
25195,0.2417
25196,0.0823
25197,0.0256
25198,0.0433
25199,0.0496
25200,0.0284
25201,0.2427
25202,0.0183
25203,0.1935
25204,0.0143
25205,0.0579
25206,0.0543
25207,0.0096
25208,0.3969
25209,0.4824
25210,0.0967
25211,0.074
25212,0.0952
25213,0.054
25214,0.0416
25215,0.2235
25216,0.0983
25217,0.0829
25218,0.9338
25219,0.017
25220,0.0641
25221,0.0118
25222,0.0756
25223,0.068
25224,0.0193
25225,0.0236
25226,0.1177
25227,0.4017
25228,0.0679
25229,0.1988
25230,0.022
25231,0.0771
25232,0.0189
25233,0.059
25234,0.0267
25235,0.0215
25236,0.0381
25237,0.0547
25238,0.0233
25239,0.0199
25240,0.066
25241,0.0167
25242,0.1339
25243,0.0282
25244,0.0389
25245,0.0149
25246,0.0232
25247,0.0616
25248,0.0814
25249,0.0193
25250,0.0317
25251,0.8848
25252,0.0482
25253,0.1166
25254,0.0419
25255,0.0372
25256,0.0381
25257,0.0366
25258,0.0109
25259,0.0124
25260,0.2449
25261,0.0214
25262,0.0106
25263,0.0364
25264,0.1058
25265,0.0204
25266,0.0116
25267,0.109
25268,0.0321
25269,0.025
25270,0.0359
25271,0.3923
25272,0.0207
25273,0.0192
25274,0.0087
25275,0.0106
25276,0.0143
25277,0.055
25278,0.0075
25279,0.0264
25280,0.2435
25281,0.0566
25282,0.0137
25283,0.0157
25284,0.0558
25285,0.1496
25286,0.0933
25287,0.0687
25288,0.0604
25289,0.0263
25290,0.0451
25291,0.0204
25292,0.0498
25293,0.2304
25294,0.2276
25295,0.0116
25296,0.0303
25297,0.0122
25298,0.014
25299,0.0133
25300,0.01
25301,0.0121
25302,0.0068
25303,0.0108
25304,0.0081
25305,0.0121
25306,0.0161
25307,0.0102
25308,0.0223
25309,0.0523
25310,0.043
25311,0.0958
25312,0.0066
25313,0.0114
25314,0.1022
25315,0.3987
25316,0.0311
25317,0.0139
25318,0.0069
25319,0.019
25320,0.0093
25321,0.0315
25322,0.018
25323,0.0103
25324,0.0119
25325,0.0762
25326,0.0184
25327,0.0416
25328,0.0172
25329,0.0344
25330,0.0166
25331,0.0122
25332,0.015
25333,0.0089
25334,0.1218
25335,0.0224
25336,0.0417
25337,0.0092
25338,0.0099
25339,0.0267
25340,0.0119
25341,0.0118
25342,0.0709
25343,0.0174
25344,0.4015
25345,0.0551
25346,0.0593
25347,0.0539
25348,0.0662
25349,0.0188
25350,0.0064
25351,0.0066
25352,0.0839
25353,0.0147
25354,0.1106
25355,0.1702
25356,0.0179
25357,0.0291
25358,0.0315
25359,0.0204
25360,0.021
25361,0.0081
25362,0.0275
25363,0.0125
25364,0.0059
25365,0.0077
25366,0.084
25367,0.0521
25368,0.0318
25369,0.1788
25370,0.0161
25371,0.0267
25372,0.0045
25373,0.0149
25374,0.0193
25375,0.0423
25376,0.0172
25377,0.0154
25378,0.0298
25379,0.0307
25380,0.0117
25381,0.0076
25382,0.0304
25383,0.2663
25384,0.2289
25385,0.0218
25386,0.238
25387,0.016
25388,0.0597
25389,0.055
25390,0.0582
25391,0.0316
25392,0.0354
25393,0.0352
25394,0.0583
25395,0.084
25396,0.041
25397,0.0357
25398,0.0266
25399,0.1449
25400,0.0521
25401,0.0525
25402,0.0372
25403,0.1348
25404,0.1851
25405,0.0476
25406,0.0209
25407,0.2651
25408,0.0541
25409,0.3603
25410,0.1038
25411,0.2845
25412,0.0843
25413,0.0165
25414,0.0243
25415,0.0818
25416,0.0142
25417,0.2565
25418,0.6068
25419,0.1628
25420,0.0451
25421,0.1343
25422,0.0549
25423,0.0312
25424,0.0498
25425,0.04
25426,0.0182
25427,0.0376
25428,0.2039
25429,0.3985
25430,0.4629
25431,0.3598
25432,0.0309
25433,0.0727
25434,0.0986
25435,0.1666
25436,0.0116
25437,0.0598
25438,0.047
25439,0.0791
25440,0.0618
25441,0.0275
25442,0.4327
25443,0.1086
25444,0.2385
25445,0.4191
25446,0.0993
25447,0.0239
25448,0.4179
25449,0.0724
25450,0.3644
25451,0.0652
25452,0.0551
25453,0.0292
25454,0.0962
25455,0.1045
25456,0.0561
25457,0.0317
25458,0.0362
25459,0.0809
25460,0.2536
25461,0.0408
25462,0.0403
25463,0.0722
25464,0.0838
25465,0.0821
25466,0.0392
25467,0.0416
25468,0.0274
25469,0.0628
25470,0.1512
25471,0.1819
25472,0.0455
25473,0.0174
25474,0.0118
25475,0.3456
25476,0.1024
25477,0.0738
25478,0.2726
25479,0.2852
25480,0.0944
25481,0.0478
25482,0.0201
25483,0.0183
25484,0.0292
25485,0.0718
25486,0.0871
25487,0.2756
25488,0.4218
25489,0.0254
25490,0.2206
25491,0.0476
25492,0.0309
25493,0.0173
25494,0.0261
25495,0.2648
25496,0.0214
25497,0.0436
25498,0.0107
25499,0.0623
25500,0.0524
25501,0.0274
25502,0.1453
25503,0.3115
25504,0.0609
25505,0.07
25506,0.0178
25507,0.0241
25508,0.0541
25509,0.0625
25510,0.0266
25511,0.1267
25512,0.1393
25513,0.0783
25514,0.2475
25515,0.0697
25516,0.0335
25517,0.0283
25518,0.0289
25519,0.0223
25520,0.0072
25521,0.103
25522,0.0573
25523,0.3506
25524,0.0191
25525,0.0286
25526,0.0215
25527,0.0163
25528,0.0174
25529,0.0238
25530,0.047
25531,0.0253
25532,0.0465
25533,0.2461
25534,0.3669
25535,0.0466
25536,0.0348
25537,0.0895
25538,0.0629
25539,0.0184
25540,0.0602
25541,0.0157
25542,0.0232
25543,0.2272
25544,0.03
25545,0.0212
25546,0.0267
25547,0.0083
25548,0.2096
25549,0.0534
25550,0.3908
25551,0.3216
25552,0.3613
25553,0.0546
25554,0.0382
25555,0.0223
25556,0.0573
25557,0.0457
25558,0.1193
25559,0.0434
25560,0.4267
25561,0.1052
25562,0.1101
25563,0.0597
25564,0.0475
25565,0.0205
25566,0.0555
25567,0.0161
25568,0.0289
25569,0.0705
25570,0.0519
25571,0.0679
25572,0.0626
25573,0.0889
25574,0.3452
25575,0.3523
25576,0.06
25577,0.022
25578,0.0678
25579,0.0152
25580,0.0369
25581,0.0741
25582,0.0496
25583,0.1165
25584,0.0394
25585,0.1039
25586,0.0377
25587,0.0435
25588,0.0236
25589,0.2075
25590,0.0076
25591,0.0263
25592,0.0674
25593,0.0234
25594,0.0156
25595,0.0235
25596,0.0313
25597,0.0663
25598,0.0637
25599,0.1071
25600,0.0855
25601,0.3977
25602,0.1995
25603,0.2257
25604,0.0097
25605,0.0861
25606,0.0479
25607,0.0375
25608,0.0794
25609,0.0555
25610,0.0332
25611,0.0555
25612,0.0559
25613,0.0217
25614,0.0642
25615,0.0293
25616,0.0797
25617,0.0147
25618,0.0294
25619,0.1526
25620,0.0581
25621,0.185
25622,0.4067
25623,0.0914
25624,0.2044
25625,0.0605
25626,0.0712
25627,0.0577
25628,0.0913
25629,0.0585
25630,0.0218
25631,0.1917
25632,0.058
25633,0.0712
25634,0.0543
25635,0.0642
25636,0.0214
25637,0.0209
25638,0.036
25639,0.3043
25640,0.0646
25641,0.0446
25642,0.0816
25643,0.6197
25644,0.0609
25645,0.0149
25646,0.3308
25647,0.0554
25648,0.2476
25649,0.2847
25650,0.0621
25651,0.0157
25652,0.0461
25653,0.1002
25654,0.1722
25655,0.0408
25656,0.2133
25657,0.0561
25658,0.0658
25659,0.0162
25660,0.0158
25661,0.0578
25662,0.0594
25663,0.0152
25664,0.0928
25665,0.128
25666,0.2214
25667,0.0928
25668,0.0349
25669,0.1044
25670,0.1521
25671,0.4421
25672,0.0657
25673,0.041
25674,0.0237
25675,0.197
25676,0.4502
25677,0.044
25678,0.1008
25679,0.3437
25680,0.1529
25681,0.0213
25682,0.0117
25683,0.032
25684,0.0545
25685,0.4953
25686,0.4659
25687,0.0108
25688,0.2168
25689,0.0665
25690,0.2292
25691,0.1142
25692,0.1217
25693,0.1709
25694,0.4049
25695,0.0794
25696,0.0507
25697,0.085
25698,0.0398
25699,0.2387
25700,0.8482
25701,0.0346
25702,0.4023
25703,0.0459
25704,0.2348
25705,0.0453
25706,0.0672
25707,0.0202
25708,0.0457
25709,0.0062
25710,0.4154
25711,0.2062
25712,0.066
25713,0.2293
25714,0.1174
25715,0.2434
25716,0.4294
25717,0.3768
25718,0.0235
25719,0.2877
25720,0.2217
25721,0.1086
25722,0.9048
25723,0.3886
25724,0.4063
25725,0.0095
25726,0.0167
25727,0.1398
25728,0.0521
25729,0.0277
25730,0.0221
25731,0.0117
25732,0.0094
25733,0.0508
25734,0.0062
25735,0.01
25736,0.0129
25737,0.032
25738,0.2011
25739,0.0641
25740,0.0625
25741,0.0857
25742,0.2139
25743,0.3365
25744,0.2215
25745,0.0289
25746,0.0873
25747,0.2649
25748,0.018
25749,0.0472
25750,1.0
25751,0.8125
25752,0.6462
25753,0.0217
25754,0.0211
25755,0.0793
25756,0.3849
25757,0.081
25758,0.0174
25759,0.0609
25760,0.0298
25761,0.0137
25762,0.0111
25763,0.0517
25764,0.0575
25765,0.0459
25766,0.0097
25767,0.3797
25768,0.0138
25769,0.022
25770,0.081
25771,0.081
25772,0.0442
25773,0.0404
25774,0.2436
25775,0.3388
25776,0.0976
25777,0.0848
25778,0.0827
25779,0.8238
25780,0.7088
25781,0.5702
25782,0.0161
25783,0.0553
25784,0.0225
25785,0.0123
25786,0.4171
25787,0.077
25788,0.2743
25789,0.0242
25790,0.0923
25791,0.128
25792,0.0878
25793,0.1286
25794,0.1753
25795,0.3748
25796,0.431
25797,0.2142
25798,0.0996
25799,0.0639
25800,0.0473
25801,0.0895
25802,0.0519
25803,0.0291
25804,0.1349
25805,0.1516
25806,0.0603
25807,0.0929
25808,0.0262
25809,0.8498
25810,0.9314
25811,0.977
25812,0.0986
25813,0.0421
25814,0.3907
25815,0.0158
25816,0.4134
25817,0.0086
25818,0.0145
25819,0.0164
25820,0.0251
25821,0.0716
25822,0.0409
25823,0.4019
25824,0.9847
25825,0.0483
25826,0.0795
25827,0.0584
25828,0.1355
25829,0.0559
25830,0.3972
25831,0.2409
25832,0.0402
25833,0.0914
25834,0.0904
25835,0.0847
25836,0.0403
25837,0.024
25838,0.2528
25839,0.2707
25840,0.1591
25841,0.0812
25842,0.0234
25843,0.0709
25844,0.0825
25845,0.2644
25846,0.0222
25847,0.0326
25848,0.0286
25849,0.0178
25850,0.0271
25851,0.041
25852,0.3811
25853,0.4312
25854,0.2617
25855,0.1628
25856,0.0968
25857,0.1543
25858,0.135
25859,0.4549
25860,0.2083
25861,0.0326
25862,0.0288
25863,0.1346
25864,0.1601
25865,0.2084
25866,0.4429
25867,0.2652
25868,0.2358
25869,0.9251
25870,0.108
25871,0.0152
25872,0.2142
25873,0.2362
25874,0.0273
25875,0.0375
25876,0.2596
25877,0.0055
25878,0.0468
25879,0.0188
25880,0.0234
25881,0.0421
25882,0.0895
25883,0.424
25884,0.2454
25885,0.4313
25886,0.2684
25887,0.1161
25888,0.121
25889,0.4072
25890,0.008
25891,0.0182
25892,0.1563
25893,0.0685
25894,0.0456
25895,0.4162
25896,0.2533
25897,0.0374
25898,0.4476
25899,0.2606
25900,0.0104
25901,0.0591
25902,0.1053
25903,0.0799
25904,0.0098
25905,0.0122
25906,0.0246
25907,0.0488
25908,0.0772
25909,0.0662
25910,0.0894
25911,0.403
25912,0.6649
25913,0.4064
25914,0.3602
25915,0.4072
25916,0.0988
25917,0.0159
25918,0.0621
25919,0.0734
25920,0.1345
25921,0.2469
25922,0.0554
25923,0.0272
25924,0.0688
25925,0.1017
25926,0.0112
25927,0.006
25928,0.0372
25929,0.0869
25930,0.0231
25931,0.0288
25932,0.0246
25933,0.0137
25934,0.0113
25935,0.027
25936,0.0481
25937,0.048
25938,0.0645
25939,0.2171
25940,0.1292
25941,0.3589
25942,0.4721
25943,0.4496
25944,0.2424
25945,0.255
25946,0.0389
25947,0.0323
25948,0.0384
25949,0.0954
25950,0.0119
25951,0.0298
25952,0.8866
25953,0.0488
25954,0.0218
25955,0.23
25956,0.0464
25957,0.2703
25958,0.0373
25959,0.0396
25960,0.0132
25961,0.028
25962,0.0712
25963,0.092
25964,0.546
25965,0.4104
25966,0.2153
25967,0.9085
25968,0.3807
25969,0.3911
25970,0.1485
25971,0.0303
25972,0.0299
25973,0.023
25974,0.0478
25975,0.0327
25976,0.0223
25977,0.0557
25978,0.4366
25979,0.2074
25980,0.3659
25981,0.0293
25982,0.1011
25983,0.1058
25984,0.1029
25985,0.1732
25986,0.0396
25987,0.0219
25988,0.0087
25989,0.0424
25990,0.1215
25991,1.0
25992,0.4421
25993,0.6053
25994,0.3878
25995,0.2358
25996,0.1586
25997,0.2679
25998,0.0214
25999,0.0287
26000,0.0217
26001,0.1212
26002,0.1128
26003,0.0808
26004,0.2505
26005,0.0194
26006,0.0552
26007,0.0105
26008,0.3748
26009,0.0376
26010,0.0962
26011,0.2176
26012,0.0212
26013,0.0063
26014,0.1979
26015,0.1472
26016,0.0608
26017,0.0927
26018,0.0836
26019,0.0879
26020,0.0209
26021,0.1061
26022,0.0897
26023,0.0178
26024,0.0077
26025,0.2436
26026,0.0163
26027,0.0105
26028,0.0845
26029,0.012
26030,0.0262
26031,0.102
26032,0.0288
26033,0.0376
26034,0.0076
26035,0.0354
26036,0.1709
26037,0.3618
26038,0.5463
26039,0.1234
26040,0.0277
26041,0.0185
26042,0.0301
26043,0.0391
26044,0.0142
26045,0.0569
26046,0.2
26047,0.0145
26048,0.0233
26049,0.0138
26050,0.0225
26051,0.0098
26052,0.0166
26053,0.0738
26054,0.0689
26055,0.3748
26056,0.017
26057,0.0131
26058,0.0214
26059,0.0526
26060,0.0918
26061,0.3908
26062,0.1291
26063,0.0172
26064,0.0134
26065,0.2177
26066,0.0165
26067,0.0218
26068,0.0569
26069,0.1186
26070,0.0402
26071,0.0116
26072,0.0111
26073,0.0135
26074,0.2024
26075,0.0173
26076,0.0084
26077,0.0174
26078,0.019
26079,0.1016
26080,0.0529
26081,0.0358
26082,0.0122
26083,0.0237
26084,0.0431
26085,0.356
26086,0.0255
26087,0.0216
26088,0.0247
26089,0.0605
26090,0.1921
26091,0.06
26092,0.2361
26093,0.0784
26094,0.0226
26095,0.0161
26096,0.0358
26097,0.0399
26098,0.026
26099,0.2032
26100,0.0095
26101,0.0172
26102,0.2552
26103,0.0128
26104,0.0611
26105,0.0543
26106,0.008
26107,0.268
26108,0.5191
26109,0.0982
26110,0.0724
26111,0.0106
26112,0.0927
26113,0.0551
26114,0.044
26115,0.2318
26116,0.0936
26117,0.0817
26118,0.9413
26119,0.0632
26120,0.011
26121,0.0815
26122,0.0671
26123,0.0168
26124,0.0214
26125,0.1121
26126,0.3123
26127,0.0628
26128,0.2075
26129,0.0213
26130,0.0154
26131,0.0804
26132,0.0194
26133,0.0706
26134,0.0273
26135,0.0016
26136,0.0204
26137,0.0363
26138,0.0583
26139,0.0234
26140,0.0665
26141,0.1486
26142,0.0267
26143,0.0385
26144,0.0148
26145,0.02
26146,0.0741
26147,0.0743
26148,0.0158
26149,0.0342
26150,0.8908
26151,0.0513
26152,0.1129
26153,0.0419
26154,0.0374
26155,0.0398
26156,0.0317
26157,0.0098
26158,0.0119
26159,0.2584
26160,0.0197
26161,0.0094
26162,0.01
26163,0.0055
26164,0.0207
26165,0.0062
26166,0.0396
26167,0.105
26168,0.0152
26169,0.0103
26170,0.0951
26171,0.0331
26172,0.0248
26173,0.0468
26174,0.3998
26175,0.0193
26176,0.0113
26177,0.0217
26178,0.0536
26179,0.0071
26180,0.0269
26181,0.1536
26182,0.0569
26183,0.0105
26184,0.018
26185,0.0607
26186,0.1615
26187,0.0927
26188,0.0693
26189,0.0672
26190,0.0264
26191,0.0534
26192,0.0197
26193,0.0431
26194,0.1756
26195,0.2226
26196,0.0091
26197,0.031
26198,0.0126
26199,0.0121
26200,0.0114
26201,0.0073
26202,0.0135
26203,0.0085
26204,0.0106
26205,0.0168
26206,0.0103
26207,0.0205
26208,0.0526
26209,0.0446
26210,0.1034
26211,0.0882
26212,0.0123
26213,0.2603
26214,0.025
26215,0.0119
26216,0.0297
26217,0.0139
26218,0.0079
26219,0.0081
26220,0.015
26221,0.0317
26222,0.0166
26223,0.0093
26224,0.0157
26225,0.0128
26226,0.0123
26227,0.0824
26228,0.0184
26229,0.0396
26230,0.0115
26231,0.039
26232,0.0143
26233,0.0092
26234,0.0129
26235,0.0086
26236,0.1345
26237,0.0233
26238,0.0426
26239,0.008
26240,0.009
26241,0.0281
26242,0.0114
26243,0.0116
26244,0.0635
26245,0.0071
26246,0.0135
26247,0.0133
26248,0.2955
26249,0.0528
26250,0.0629
26251,0.055
26252,0.0137
26253,0.0687
26254,0.0184
26255,0.0877
26256,0.0149
26257,0.12
26258,0.1664
26259,0.0167
26260,0.0181
26261,0.0312
26262,0.0229
26263,0.0063
26264,0.0062
26265,0.0096
26266,0.0098
26267,0.0319
26268,0.0102
26269,0.0825
26270,0.0593
26271,0.0303
26272,0.1733
26273,0.0108
26274,0.0208
26275,0.0053
26276,0.0145
26277,0.0152
26278,0.0472
26279,0.0147
26280,0.0253
26281,0.0319
26282,0.0105
26283,0.0115
26284,0.0072
26285,0.0342
26286,0.2657
26287,0.1824
26288,0.0126
26289,0.1036
26290,0.0099
26291,0.0139
26292,0.0614
26293,0.0496
26294,0.0258
26295,0.0267
26296,0.0322
26297,0.0585
26298,0.083
26299,0.0162
26300,0.036
26301,0.0266
26302,0.1518
26303,0.0471
26304,0.0558
26305,0.1361
26306,0.3141
26307,0.0196
26308,0.021
26309,0.0083
26310,0.2596
26311,0.0506
26312,0.1787
26313,0.0871
26314,0.1566
26315,0.073
26316,0.0226
26317,0.0674
26318,0.0131
26319,0.0399
26320,0.0149
26321,0.1546
26322,0.0199
26323,0.63
26324,0.1559
26325,0.0317
26326,0.0343
26327,0.1419
26328,0.0577
26329,0.0117
26330,0.0309
26331,0.0487
26332,0.0203
26333,0.0713
26334,0.23
26335,0.4342
26336,0.3953
26337,0.0693
26338,0.1006
26339,0.1631
26340,0.0638
26341,0.0524
26342,0.0809
26343,0.0632
26344,0.4633
26345,0.1101
26346,0.1394
26347,0.3979
26348,0.1081
26349,0.0214
26350,0.3982
26351,0.0204
26352,0.0825
26353,0.3376
26354,0.069
26355,0.0528
26356,0.0278
26357,0.0783
26358,0.0854
26359,0.0959
26360,0.0355
26361,0.0303
26362,0.0278
26363,0.0782
26364,0.247
26365,0.0401
26366,0.0412
26367,0.0774
26368,0.0813
26369,0.0992
26370,0.041
26371,0.0281
26372,0.0638
26373,0.1601
26374,0.1612
26375,0.0489
26376,0.0507
26377,0.0183
26378,0.0223
26379,0.0083
26380,0.0164
26381,0.4026
26382,0.0924
26383,0.0763
26384,0.1631
26385,0.2881
26386,0.0907
26387,0.0511
26388,0.021
26389,0.0205
26390,0.008
26391,0.034
26392,0.059
26393,0.0747
26394,0.0848
26395,0.2732
26396,0.3698
26397,0.0198
26398,0.19
26399,0.0428
26400,0.0103
26401,0.0274
26402,0.0257
26403,0.2724
26404,0.0205
26405,0.0409
26406,0.0583
26407,0.0501
26408,0.025
26409,0.1283
26410,0.3403
26411,0.0547
26412,0.0748
26413,0.0252
26414,0.0566
26415,0.0636
26416,0.028
26417,0.0092
26418,0.1269
26419,0.1552
26420,0.0825
26421,0.0792
26422,0.0623
26423,0.009
26424,0.0314
26425,0.0328
26426,0.0267
26427,0.0253
26428,0.1007
26429,0.0604
26430,0.3398
26431,0.0178
26432,0.0301
26433,0.0252
26434,0.0165
26435,0.015
26436,0.0209
26437,0.0462
26438,0.009
26439,0.0245
26440,0.047
26441,0.1719
26442,0.3631
26443,0.0464
26444,0.0342
26445,0.0324
26446,0.0907
26447,0.0597
26448,0.0187
26449,0.0585
26450,0.0124
26451,0.0222
26452,0.225
26453,0.023
26454,0.023
26455,0.0075
26456,0.2045
26457,0.0583
26458,0.3504
26459,0.2999
26460,0.3608
26461,0.0587
26462,0.0414
26463,0.0206
26464,0.0588
26465,0.0483
26466,0.0129
26467,0.1311
26468,0.0434
26469,0.4134
26470,0.1071
26471,0.0255
26472,0.111
26473,0.0543
26474,0.0561
26475,0.0189
26476,0.01
26477,0.0118
26478,0.0647
26479,0.0214
26480,0.0189
26481,0.0243
26482,0.0633
26483,0.053
26484,0.0712
26485,0.0623
26486,0.0909
26487,0.344
26488,0.3798
26489,0.0573
26490,0.0226
26491,0.0578
26492,0.0326
26493,0.0692
26494,0.0506
26495,0.1093
26496,0.0412
26497,0.107
26498,0.0357
26499,0.0464
26500,0.0126
26501,0.0174
26502,0.2362
26503,0.0092
26504,0.027
26505,0.0582
26506,0.0235
26507,0.0121
26508,0.0165
26509,0.0237
26510,0.0279
26511,0.0627
26512,0.0648
26513,0.1018
26514,0.0826
26515,0.4269
26516,0.1897
26517,0.2168
26518,0.0096
26519,0.0767
26520,0.0506
26521,0.0433
26522,0.072
26523,0.0085
26524,0.0323
26525,0.0101
26526,0.0513
26527,0.0601
26528,0.0244
26529,0.0635
26530,0.0264
26531,0.0824
26532,0.0308
26533,0.1438
26534,0.0592
26535,0.1869
26536,0.4053
26537,0.0879
26538,0.0978
26539,0.0562
26540,0.0706
26541,0.0595
26542,0.0923
26543,0.0591
26544,0.0088
26545,0.0255
26546,0.3788
26547,0.0593
26548,0.0689
26549,0.0587
26550,0.0593
26551,0.0196
26552,0.0192
26553,0.0215
26554,0.0195
26555,0.0342
26556,0.3053
26557,0.0638
26558,0.0445
26559,0.077
26560,0.6107
26561,0.0688
26562,0.0166
26563,0.3277
26564,0.0642
26565,0.2508
26566,0.2852
26567,0.0648
26568,0.0152
26569,0.0449
26570,0.0399
26571,0.1009
26572,0.1618
26573,0.039
26574,0.1337
26575,0.0631
26576,0.0642
26577,0.011
26578,0.0152
26579,0.0572
26580,0.0589
26581,0.018
26582,0.0965
26583,0.1168
26584,0.2154
26585,0.0863
26586,0.035
26587,0.1064
26588,0.1525
26589,0.3489
26590,0.0605
26591,0.0433
26592,0.0219
26593,0.0586
26594,0.4466
26595,0.0982
26596,0.3658
26597,0.1458
26598,0.0124
26599,0.0194
26600,0.0171
26601,0.0346
26602,0.0572
26603,0.4652
26604,0.3717
26605,0.0116
26606,0.0637
26607,0.065
26608,0.1274
26609,0.2028
26610,0.1176
26611,0.1622
26612,0.3641
26613,0.0777
26614,0.0493
26615,0.082
26616,0.0433
26617,0.197
26618,0.8532
26619,0.0333
26620,0.4114
26621,0.0469
26622,0.2404
26623,0.0442
26624,0.0669
26625,0.0152
26626,0.0457
26627,0.0032
26628,0.4296
26629,0.2115
26630,0.0691
26631,0.2328
26632,0.1079
26633,0.1833
26634,0.3981
26635,0.3792
26636,0.0237
26637,0.1826
26638,0.2243
26639,0.1089
26640,0.9082
26641,0.3908
26642,0.3891
26643,0.0183
26644,0.1351
26645,0.0547
26646,0.0287
26647,0.0126
26648,0.0153
26649,0.0096
26650,0.0486
26651,0.0068
26652,0.0101
26653,0.0134
26654,0.0337
26655,0.0564
26656,0.0641
26657,0.0736
26658,0.0885
26659,0.2357
26660,0.2337
26661,0.2375
26662,0.0265
26663,0.0874
26664,0.268
26665,0.0182
26666,0.0482
26667,0.9912
26668,0.8133
26669,0.6176
26670,0.0057
26671,0.0249
26672,0.0186
26673,0.0775
26674,0.394
26675,0.0784
26676,0.0669
26677,0.0112
26678,0.0523
26679,0.0569
26680,0.0441
26681,0.0107
26682,0.3775
26683,0.0152
26684,0.021
26685,0.0762
26686,0.0814
26687,0.0447
26688,0.0394
26689,0.2542
26690,0.3437
26691,0.0298
26692,0.1915
26693,0.0876
26694,0.0848
26695,0.8484
26696,0.7459
26697,0.5708
26698,0.2046
26699,0.0243
26700,0.3827
26701,0.0777
26702,0.192
26703,0.0299
26704,0.0931
26705,0.0156
26706,0.128
26707,0.0897
26708,0.1178
26709,0.1749
26710,0.3812
26711,0.4215
26712,0.2079
26713,0.1007
26714,0.0621
26715,0.0422
26716,0.0922
26717,0.051
26718,0.0315
26719,0.1364
26720,0.1477
26721,0.0594
26722,0.0962
26723,0.0253
26724,0.828
26725,0.948
26726,0.9845
26727,0.1009
26728,0.0506
26729,0.2372
26730,0.0164
26731,0.3878
26732,0.0203
26733,0.0109
26734,0.0143
26735,0.0172
26736,0.027
26737,0.0632
26738,0.0371
26739,0.3802
26740,0.9533
26741,0.0518
26742,0.0768
26743,0.0586
26744,0.1336
26745,0.0635
26746,0.3836
26747,0.25
26748,0.039
26749,0.078
26750,0.0944
26751,0.0841
26752,0.0407
26753,0.0247
26754,0.4145
26755,0.2676
26756,0.259
26757,0.084
26758,0.0233
26759,0.0746
26760,0.0125
26761,0.0797
26762,0.2643
26763,0.0226
26764,0.0342
26765,0.0243
26766,0.0178
26767,0.0185
26768,0.028
26769,0.0429
26770,0.4306
26771,0.4345
26772,0.2513
26773,0.1591
26774,0.0989
26775,0.1542
26776,0.1369
26777,0.4538
26778,0.0503
26779,0.0334
26780,0.0287
26781,0.1407
26782,0.1635
26783,0.1202
26784,0.3954
26785,0.3822
26786,0.1522
26787,0.9269
26788,0.0982
26789,0.0171
26790,0.2219
26791,0.2352
26792,0.0208
26793,0.2384
26794,0.0475
26795,0.0188
26796,0.0251
26797,0.0394
26798,0.0877
26799,0.393
26800,0.2438
26801,0.4346
26802,0.2726
26803,0.1273
26804,0.1262
26805,0.3858
26806,0.0092
26807,0.0202
26808,0.1604
26809,0.0677
26810,0.0434
26811,0.4036
26812,0.1877
26813,0.0353
26814,0.4529
26815,0.3585
26816,0.0642
26817,0.1053
26818,0.0827
26819,0.0402
26820,0.0104
26821,0.0251
26822,0.0459
26823,0.0784
26824,0.0633
26825,0.0916
26826,0.4124
26827,0.6515
26828,0.4072
26829,0.3603
26830,0.3825
26831,0.1009
26832,0.0598
26833,0.0677
26834,0.1375
26835,0.1934
26836,0.0584
26837,0.0223
26838,0.0696
26839,0.1071
26840,0.014
26841,0.0041
26842,0.0329
26843,0.0836
26844,0.0214
26845,0.0301
26846,0.0204
26847,0.0102
26848,0.0254
26849,0.0522
26850,0.0478
26851,0.0606
26852,0.4012
26853,0.1449
26854,0.3335
26855,0.4631
26856,0.4479
26857,0.2487
26858,0.2404
26859,0.0367
26860,0.0988
26861,0.0129
26862,0.8653
26863,0.0482
26864,0.0188
26865,0.0579
26866,0.0463
26867,0.0974
26868,0.0205
26869,0.0405
26870,0.0362
26871,0.0216
26872,0.0285
26873,0.0688
26874,0.0909
26875,0.5193
26876,0.3772
26877,0.2133
26878,0.9435
26879,0.2531
26880,0.3765
26881,0.1352
26882,0.0297
26883,0.0284
26884,0.0465
26885,0.0433
26886,0.015
26887,0.0233
26888,0.0575
26889,0.4675
26890,0.0685
26891,0.3716
26892,0.0275
26893,0.0998
26894,0.1127
26895,0.1081
26896,0.2254
26897,0.196
26898,0.0128
26899,0.0223
26900,0.1238
26901,0.9799
26902,0.3816
26903,0.6196
26904,0.3773
26905,0.2576
26906,0.1571
26907,0.2564
26908,0.0439
26909,0.02
26910,0.0131
26911,0.0293
26912,0.0219
26913,0.1098
26914,0.111
26915,0.0756
26916,0.1788
26917,0.0236
26918,0.0522
26919,0.3645
26920,0.0274
26921,0.1151
26922,0.1
26923,0.1285
26924,0.0205
26925,0.1981
26926,0.1452
26927,0.0599
26928,0.0955
26929,0.0328
26930,0.0891
26931,0.0897
26932,0.0187
26933,0.1089
26934,0.0953
26935,0.0348
26936,0.019
26937,0.0127
26938,0.231
26939,0.013
26940,0.0102
26941,0.21
26942,0.0358
26943,0.0289
26944,0.0918
26945,0.0292
26946,0.0367
26947,0.0374
26948,0.169
26949,0.3837
26950,0.5376
26951,0.1201
26952,0.0108
26953,0.0257
26954,0.015
26955,0.03
26956,0.0448
26957,0.0587
26958,0.1093
26959,0.0146
26960,0.0218
26961,0.0137
26962,0.0228
26963,0.0176
26964,0.0097
26965,0.0191
26966,0.0752
26967,0.0687
26968,0.4098
26969,0.0134
26970,0.0138
26971,0.0221
26972,0.054
26973,0.0964
26974,0.3963
26975,0.1229
26976,0.015
26977,0.2202
26978,0.0225
26979,0.0104
26980,0.063
26981,0.1172
26982,0.0426
26983,0.0103
26984,0.0134
26985,0.0153
26986,0.1993
26987,0.0195
26988,0.0217
26989,0.1016
26990,0.0524
26991,0.035
26992,0.0131
26993,0.0238
26994,0.0415
26995,0.3829
26996,0.0256
26997,0.022
26998,0.0254
26999,0.0315
27000,0.0574
27001,0.2763
27002,0.0532
27003,0.2358
27004,0.0821
27005,0.0236
27006,0.0136
27007,0.0355
27008,0.0405
27009,0.0237
27010,0.3804
27011,0.008
27012,0.013
27013,0.2566
27014,0.0144
27015,0.0574
27016,0.0496
27017,0.0099
27018,0.2604
27019,0.4968
27020,0.0925
27021,0.0702
27022,0.0057
27023,0.0944
27024,0.05
27025,0.0418
27026,0.0966
27027,0.101
27028,0.081
27029,0.9538
27030,0.0657
27031,0.0103
27032,0.0746
27033,0.0707
27034,0.0186
27035,0.0225
27036,0.1037
27037,0.312
27038,0.0571
27039,0.2103
27040,0.024
27041,0.0784
27042,0.0177
27043,0.0644
27044,0.0269
27045,0.0192
27046,0.0419
27047,0.0549
27048,0.0192
27049,0.0663
27050,0.1461
27051,0.028
27052,0.0383
27053,0.0211
27054,0.0672
27055,0.0772
27056,0.0174
27057,0.029
27058,0.8718
27059,0.052
27060,0.1197
27061,0.0406
27062,0.0348
27063,0.0366
27064,0.0367
27065,0.0114
27066,0.0137
27067,0.2062
27068,0.0196
27069,0.009
27070,0.0152
27071,0.0389
27072,0.1052
27073,0.0197
27074,0.1001
27075,0.032
27076,0.0233
27077,0.0336
27078,0.396
27079,0.0169
27080,0.0194
27081,0.0131
27082,0.0129
27083,0.0558
27084,0.0253
27085,0.1448
27086,0.0574
27087,0.0121
27088,0.0185
27089,0.0132
27090,0.0605
27091,0.2251
27092,0.0977
27093,0.0656
27094,0.0608
27095,0.0279
27096,0.0464
27097,0.048
27098,0.2347
27099,0.2173
27100,0.0353
27101,0.0131
27102,0.0145
27103,0.0117
27104,0.0084
27105,0.0107
27106,0.0067
27107,0.0128
27108,0.0108
27109,0.0113
27110,0.0183
27111,0.0197
27112,0.0514
27113,0.0419
27114,0.1036
27115,0.0115
27116,0.0853
27117,0.0122
27118,0.2665
27119,0.0061
27120,0.0069
27121,0.0285
27122,0.0112
27123,0.0137
27124,0.0096
27125,0.0295
27126,0.0184
27127,0.0166
27128,0.0083
27129,0.0093
27130,0.0728
27131,0.0219
27132,0.0392
27133,0.0079
27134,0.0358
27135,0.0172
27136,0.0128
27137,0.0116
27138,0.1181
27139,0.0213
27140,0.0465
27141,0.0092
27142,0.0069
27143,0.0286
27144,0.0074
27145,0.0651
27146,0.0089
27147,0.0095
27148,0.0105
27149,0.0121
27150,0.2816
27151,0.0499
27152,0.0583
27153,0.0536
27154,0.0143
27155,0.0086
27156,0.0113
27157,0.064
27158,0.0206
27159,0.0086
27160,0.0882
27161,0.0142
27162,0.1134
27163,0.0079
27164,0.164
27165,0.0171
27166,0.0305
27167,0.025
27168,0.0258
27169,0.0194
27170,0.0058
27171,0.0063
27172,0.0086
27173,0.0303
27174,0.011
27175,0.0046
27176,0.0935
27177,0.0584
27178,0.1924
27179,0.0162
27180,0.0164
27181,0.0048
27182,0.0046
27183,0.0156
27184,0.0201
27185,0.0451
27186,0.0179
27187,0.0106
27188,0.0133
27189,0.0069
27190,0.0343
27191,0.1761
27192,0.2287
27193,0.0149
27194,0.1112
27195,0.0143
27196,0.0211
27197,0.0474
27198,0.0644
27199,0.0378
27200,0.0447
27201,0.0375
27202,0.0641
27203,0.0783
27204,0.0362
27205,0.0116
27206,0.0238
27207,0.1299
27208,0.052
27209,0.054
27210,0.0339
27211,0.1167
27212,0.3179
27213,0.0168
27214,0.3769
27215,0.0525
27216,0.2076
27217,0.0805
27218,0.1573
27219,0.0209
27220,0.0703
27221,0.0117
27222,0.0173
27223,0.153
27224,0.0315
27225,0.6853
27226,0.146
27227,0.0465
27228,0.1328
27229,0.0304
27230,0.0503
27231,0.0336
27232,0.02
27233,0.0358
27234,0.0766
27235,0.1397
27236,0.4646
27237,0.3967
27238,0.0568
27239,0.0994
27240,0.1651
27241,0.0165
27242,0.0617
27243,0.049
27244,0.078
27245,0.0301
27246,0.4229
27247,0.216
27248,0.1397
27249,0.349
27250,0.1007
27251,0.3881
27252,0.0808
27253,0.3527
27254,0.0643
27255,0.058
27256,0.0305
27257,0.0803
27258,0.0883
27259,0.0935
27260,0.0525
27261,0.0281
27262,0.0808
27263,0.4199
27264,0.0437
27265,0.0441
27266,0.0684
27267,0.0792
27268,0.0942
27269,0.0423
27270,0.0389
27271,0.0255
27272,0.0606
27273,0.147
27274,0.0526
27275,0.1732
27276,0.0545
27277,0.0496
27278,0.0209
27279,0.0197
27280,0.0183
27281,0.3795
27282,0.1002
27283,0.077
27284,0.148
27285,0.3016
27286,0.0078
27287,0.0899
27288,0.0492
27289,0.0227
27290,0.0225
27291,0.0288
27292,0.0584
27293,0.0735
27294,0.078
27295,0.1648
27296,0.4211
27297,0.0232
27298,0.2161
27299,0.0417
27300,0.009
27301,0.0262
27302,0.0173
27303,0.0251
27304,0.3916
27305,0.0167
27306,0.0422
27307,0.063
27308,0.0514
27309,0.0277
27310,0.1258
27311,0.3713
27312,0.04
27313,0.0694
27314,0.0153
27315,0.0248
27316,0.041
27317,0.064
27318,0.012
27319,0.0288
27320,0.1099
27321,0.1561
27322,0.0844
27323,0.0852
27324,0.0667
27325,0.029
27326,0.0306
27327,0.0283
27328,0.0257
27329,0.0974
27330,0.0577
27331,0.3489
27332,0.0172
27333,0.0329
27334,0.0257
27335,0.0174
27336,0.0159
27337,0.0203
27338,0.0507
27339,0.0222
27340,0.0457
27341,0.1751
27342,0.2721
27343,0.0458
27344,0.0348
27345,0.0325
27346,0.0988
27347,0.0677
27348,0.0161
27349,0.0599
27350,0.0147
27351,0.0234
27352,0.1567
27353,0.0211
27354,0.0217
27355,0.01
27356,0.204
27357,0.0576
27358,0.3978
27359,0.3195
27360,0.2062
27361,0.0557
27362,0.0412
27363,0.0219
27364,0.0592
27365,0.0446
27366,0.0145
27367,0.1226
27368,0.0434
27369,0.4116
27370,0.1084
27371,0.0238
27372,0.0123
27373,0.1162
27374,0.0546
27375,0.0484
27376,0.0185
27377,0.012
27378,0.0568
27379,0.0221
27380,0.0181
27381,0.0252
27382,0.0636
27383,0.0511
27384,0.0651
27385,0.062
27386,0.0906
27387,0.22
27388,0.3725
27389,0.0582
27390,0.0194
27391,0.0652
27392,0.0118
27393,0.0341
27394,0.0133
27395,0.0706
27396,0.052
27397,0.1197
27398,0.0437
27399,0.1061
27400,0.0338
27401,0.0437
27402,0.0212
27403,0.0118
27404,0.0195
27405,0.1524
27406,0.0082
27407,0.0276
27408,0.0581
27409,0.0124
27410,0.0154
27411,0.0249
27412,0.0334
27413,0.0662
27414,0.0652
27415,0.1045
27416,0.0847
27417,0.3818
27418,0.2023
27419,0.2127
27420,0.0117
27421,0.0757
27422,0.0506
27423,0.0444
27424,0.0723
27425,0.0204
27426,0.055
27427,0.034
27428,0.0091
27429,0.0513
27430,0.0579
27431,0.0245
27432,0.0646
27433,0.0195
27434,0.0184
27435,0.0855
27436,0.0339
27437,0.1486
27438,0.0593
27439,0.1108
27440,0.4317
27441,0.0842
27442,0.1065
27443,0.0575
27444,0.0667
27445,0.0578
27446,0.0913
27447,0.0601
27448,0.2571
27449,0.0579
27450,0.0675
27451,0.0617
27452,0.0678
27453,0.0198
27454,0.0264
27455,0.0253
27456,0.0345
27457,0.2768
27458,0.0685
27459,0.0445
27460,0.0818
27461,0.6243
27462,0.062
27463,0.0152
27464,0.2983
27465,0.0589
27466,0.1493
27467,0.2894
27468,0.0626
27469,0.0157
27470,0.044
27471,0.0426
27472,0.0982
27473,0.1573
27474,0.0408
27475,0.1349
27476,0.0635
27477,0.0105
27478,0.0619
27479,0.0234
27480,0.0575
27481,0.0605
27482,0.0146
27483,0.0969
27484,0.1222
27485,0.2161
27486,0.081
27487,0.0359
27488,0.1049
27489,0.1587
27490,0.3985
27491,0.0598
27492,0.0133
27493,0.0528
27494,0.0238
27495,0.0543
27496,0.4584
27497,0.043
27498,0.107
27499,0.3899
27500,0.1313
27501,0.0325
27502,0.0551
27503,0.485
27504,0.4705
27505,0.0593
27506,0.0615
27507,0.1233
27508,0.1085
27509,0.1114
27510,0.1711
27511,0.3853
27512,0.0742
27513,0.0058
27514,0.0174
27515,0.0497
27516,0.0782
27517,0.0404
27518,0.1868
27519,0.8092
27520,0.0336
27521,0.3941
27522,0.0186
27523,0.0503
27524,0.3685
27525,0.0458
27526,0.0679
27527,0.0162
27528,0.0414
27529,0.4496
27530,0.2162
27531,0.0624
27532,0.2383
27533,0.1121
27534,0.2434
27535,0.4288
27536,0.3839
27537,0.0245
27538,0.2845
27539,0.2258
27540,0.1992
27541,0.8845
27542,0.3909
27543,0.381
27544,0.0185
27545,0.2084
27546,0.0502
27547,0.0269
27548,0.0245
27549,0.0523
27550,0.0067
27551,0.0121
27552,0.032
27553,0.0529
27554,0.0685
27555,0.0664
27556,0.0856
27557,0.2197
27558,0.218
27559,0.2182
27560,0.0236
27561,0.0924
27562,0.2612
27563,0.0468
27564,0.9959
27565,0.8214
27566,0.602
27567,0.0078
27568,0.023
27569,0.0182
27570,0.2025
27571,0.3679
27572,0.0779
27573,0.062
27574,0.0235
27575,0.0533
27576,0.0612
27577,0.0479
27578,0.0105
27579,0.3792
27580,0.015
27581,0.0229
27582,0.0748
27583,0.0834
27584,0.0489
27585,0.0408
27586,0.2387
27587,0.3621
27588,0.0265
27589,0.2065
27590,0.0677
27591,0.0825
27592,0.879
27593,0.7547
27594,0.5697
27595,0.0172
27596,0.2126
27597,0.0236
27598,0.0134
27599,0.3933
27600,0.0836
27601,0.276
27602,0.0317
27603,0.0894
27604,0.0126
27605,0.1261
27606,0.0929
27607,0.1243
27608,0.183
27609,0.3858
27610,0.4412
27611,0.2037
27612,0.1114
27613,0.0647
27614,0.0436
27615,0.0935
27616,0.0517
27617,0.0306
27618,0.0207
27619,0.1353
27620,0.1581
27621,0.0629
27622,0.0924
27623,0.8565
27624,0.9494
27625,0.99
27626,0.1051
27627,0.0434
27628,0.2311
27629,0.0198
27630,0.4076
27631,0.0232
27632,0.0144
27633,0.0135
27634,0.0188
27635,0.0282
27636,0.077
27637,0.0368
27638,0.4026
27639,0.9904
27640,0.0507
27641,0.0752
27642,0.0583
27643,0.1336
27644,0.0552
27645,0.3962
27646,0.2784
27647,0.0401
27648,0.0817
27649,0.1017
27650,0.0774
27651,0.0388
27652,0.0204
27653,0.396
27654,0.2839
27655,0.2465
27656,0.0761
27657,0.0236
27658,0.0686
27659,0.0125
27660,0.0796
27661,0.2564
27662,0.0232
27663,0.0349
27664,0.0284
27665,0.0432
27666,0.4343
27667,0.4191
27668,0.2437
27669,0.1603
27670,0.0967
27671,0.1505
27672,0.1222
27673,0.4672
27674,0.0517
27675,0.0308
27676,0.0284
27677,0.1361
27678,0.165
27679,0.1205
27680,0.4263
27681,0.2647
27682,0.1467
27683,0.9394
27684,0.1108
27685,0.0144
27686,0.1232
27687,0.2413
27688,0.0235
27689,0.0289
27690,0.1992
27691,0.0492
27692,0.0233
27693,0.0208
27694,0.0407
27695,0.0923
27696,0.3833
27697,0.198
27698,0.2744
27699,0.2611
27700,0.1199
27701,0.1262
27702,0.3791
27703,0.0212
27704,0.1638
27705,0.069
27706,0.0485
27707,0.443
27708,0.2563
27709,0.0328
27710,0.4284
27711,0.375
27712,0.0065
27713,0.2301
27714,0.1022
27715,0.0847
27716,0.0418
27717,0.0116
27718,0.0108
27719,0.0076
27720,0.0255
27721,0.0497
27722,0.0759
27723,0.0664
27724,0.0864
27725,0.3967
27726,0.6936
27727,0.4095
27728,0.3659
27729,0.4014
27730,0.0935
27731,0.0601
27732,0.0725
27733,0.2127
27734,0.1882
27735,0.0623
27736,0.0261
27737,0.0674
27738,0.0996
27739,0.0153
27740,0.0331
27741,0.088
27742,0.0241
27743,0.0138
27744,0.0307
27745,0.025
27746,0.01
27747,0.0238
27748,0.0551
27749,0.0471
27750,0.0657
27751,0.3819
27752,0.139
27753,0.3237
27754,0.4697
27755,0.4329
27756,0.2603
27757,0.2131
27758,0.02
27759,0.0339
27760,0.0928
27761,0.0147
27762,0.0293
27763,0.8599
27764,0.0501
27765,0.0232
27766,0.0602
27767,0.0439
27768,0.1009
27769,0.0181
27770,0.041
27771,0.0227
27772,0.0379
27773,0.0118
27774,0.0287
27775,0.0701
27776,0.0907
27777,0.5252
27778,0.3888
27779,0.2338
27780,0.9583
27781,0.3836
27782,0.3862
27783,0.1423
27784,0.0291
27785,0.0291
27786,0.0247
27787,0.0435
27788,0.0379
27789,0.015
27790,0.0266
27791,0.056
27792,0.4127
27793,0.0686
27794,0.3742
27795,0.191
27796,0.1042
27797,0.1147
27798,0.126
27799,0.1765
27800,0.0326
27801,0.0076
27802,0.0424
27803,0.1209
27804,1.0
27805,0.3989
27806,0.6201
27807,0.2561
27808,0.2487
27809,0.1557
27810,0.2398
27811,0.0443
27812,0.0117
27813,0.0206
27814,0.0278
27815,0.0199
27816,0.1122
27817,0.1112
27818,0.0729
27819,0.2433
27820,0.021
27821,0.054
27822,0.3948
27823,0.0238
27824,0.1018
27825,0.2113
27826,0.0229
27827,0.0037
27828,0.1978
27829,0.1516
27830,0.0665
27831,0.2175
27832,0.0264
27833,0.0864
27834,0.0905
27835,0.0173
27836,0.108
27837,0.0975
27838,0.0342
27839,0.019
27840,0.0085
27841,0.2384
27842,0.0158
27843,0.0862
27844,0.0246
27845,0.0918
27846,0.031
27847,0.039
27848,0.0064
27849,0.04
27850,0.1715
27851,0.3529
27852,0.5601
27853,0.117
27854,0.0306
27855,0.0418
27856,0.056
27857,0.1092
27858,0.0125
27859,0.0223
27860,0.0121
27861,0.0264
27862,0.0178
27863,0.0098
27864,0.0178
27865,0.0722
27866,0.0754
27867,0.423
27868,0.0161
27869,0.0155
27870,0.1988
27871,0.0487
27872,0.0928
27873,0.3873
27874,0.1215
27875,0.0133
27876,0.0153
27877,0.2152
27878,0.018
27879,0.0114
27880,0.0638
27881,0.1203
27882,0.0388
27883,0.0082
27884,0.0129
27885,0.0152
27886,0.222
27887,0.019
27888,0.0182
27889,0.1025
27890,0.0529
27891,0.0367
27892,0.0133
27893,0.0215
27894,0.0457
27895,0.3826
27896,0.029
27897,0.0205
27898,0.0271
27899,0.031
27900,0.0513
27901,0.1969
27902,0.0555
27903,0.2163
27904,0.0847
27905,0.0258
27906,0.0181
27907,0.0406
27908,0.041
27909,0.0279
27910,0.3793
27911,0.0078
27912,0.0155
27913,0.2232
27914,0.0146
27915,0.0582
27916,0.0534
27917,0.0101
27918,0.2846
27919,0.4925
27920,0.0996
27921,0.0735
27922,0.0136
27923,0.0952
27924,0.052
27925,0.0436
27926,0.2295
27927,0.0936
27928,0.0836
27929,0.9506
27930,0.018
27931,0.0708
27932,0.0811
27933,0.0609
27934,0.0164
27935,0.0206
27936,0.106
27937,0.3219
27938,0.0578
27939,0.2134
27940,0.0226
27941,0.0133
27942,0.0767
27943,0.0073
27944,0.0188
27945,0.0758
27946,0.0268
27947,0.017
27948,0.0388
27949,0.0527
27950,0.0196
27951,0.0186
27952,0.065
27953,0.1486
27954,0.0233
27955,0.0405
27956,0.0127
27957,0.0206
27958,0.068
27959,0.0849
27960,0.038
27961,0.8689
27962,0.0504
27963,0.1242
27964,0.0532
27965,0.0382
27966,0.0379
27967,0.0367
27968,0.0093
27969,0.0124
27970,0.1966
27971,0.0156
27972,0.0076
27973,0.0069
27974,0.0387
27975,0.1049
27976,0.0168
27977,0.0077
27978,0.1143
27979,0.0295
27980,0.0251
27981,0.0433
27982,0.4247
27983,0.0199
27984,0.0254
27985,0.0096
27986,0.0118
27987,0.0549
27988,0.0285
27989,0.2537
27990,0.0579
27991,0.0115
27992,0.0133
27993,0.0081
27994,0.0577
27995,0.2176
27996,0.0979
27997,0.065
27998,0.0557
27999,0.0275
28000,0.0469
28001,0.0214
28002,0.2344
28003,0.1823
28004,0.2181
28005,0.0323
28006,0.0147
28007,0.0126
28008,0.0081
28009,0.0131
28010,0.0075
28011,0.0157
28012,0.0179
28013,0.0223
28014,0.0435
28015,0.0455
28016,0.1052
28017,0.0115
28018,0.0947
28019,0.0111
28020,0.3996
28021,0.009
28022,0.0113
28023,0.0316
28024,0.0167
28025,0.0159
28026,0.0136
28027,0.0258
28028,0.0171
28029,0.008
28030,0.0154
28031,0.0113
28032,0.0101
28033,0.0793
28034,0.0209
28035,0.0357
28036,0.0411
28037,0.0168
28038,0.0158
28039,0.0085
28040,0.1272
28041,0.025
28042,0.0445
28043,0.0066
28044,0.0086
28045,0.0233
28046,0.0102
28047,0.0671
28048,0.0099
28049,0.009
28050,0.0144
28051,0.0136
28052,0.3668
28053,0.0577
28054,0.058
28055,0.0707
28056,0.0636
28057,0.0169
28058,0.0076
28059,0.0857
28060,0.0145
28061,0.1187
28062,0.2385
28063,0.0191
28064,0.0198
28065,0.0315
28066,0.0163
28067,0.0072
28068,0.0055
28069,0.0288
28070,0.012
28071,0.0067
28072,0.0891
28073,0.0473
28074,0.0328
28075,0.25
28076,0.0139
28077,0.0147
28078,0.0294
28079,0.0139
28080,0.0149
28081,0.0426
28082,0.0162
28083,0.01
28084,0.0307
28085,0.0339
28086,0.0074
28087,0.0362
28088,0.2667
28089,0.1596
28090,0.0123
28091,0.0238
28092,0.0986
28093,0.015
28094,0.04
28095,0.043
28096,0.0251
28097,0.0479
28098,0.0623
28099,0.034
28100,0.0409
28101,0.024
28102,0.0515
28103,0.098
28104,0.032
28105,0.0163
28106,0.0223
28107,0.0173
28108,0.2678
28109,0.0451
28110,0.0657
28111,0.2331
28112,0.367
28113,0.0283
28114,0.0299
28115,0.0274
28116,0.2876
28117,0.0796
28118,0.2596
28119,0.0861
28120,0.2722
28121,0.1114
28122,0.1145
28123,0.0358
28124,0.0155
28125,0.0125
28126,0.2526
28127,0.0264
28128,0.7595
28129,0.257
28130,0.0334
28131,0.0489
28132,0.1262
28133,0.062
28134,0.0117
28135,0.0219
28136,0.0514
28137,0.0427
28138,0.0171
28139,0.0165
28140,0.0917
28141,0.2592
28142,0.4603
28143,0.4558
28144,0.0356
28145,0.0968
28146,0.0226
28147,0.1348
28148,0.1678
28149,0.0668
28150,0.0459
28151,0.0879
28152,0.0755
28153,0.0347
28154,0.4712
28155,0.1339
28156,0.1334
28157,0.4949
28158,0.1056
28159,0.0234
28160,0.4773
28161,0.026
28162,0.0798
28163,0.54
28164,0.0608
28165,0.0559
28166,0.0338
28167,0.0889
28168,0.082
28169,0.1089
28170,0.0586
28171,0.0336
28172,0.03
28173,0.0984
28174,0.2486
28175,0.0474
28176,0.0225
28177,0.0695
28178,0.0884
28179,0.0988
28180,0.0227
28181,0.0448
28182,0.0355
28183,0.065
28184,0.0243
28185,0.0582
28186,0.1718
28187,0.0519
28188,0.2716
28189,0.0114
28190,0.0478
28191,0.0516
28192,0.0166
28193,0.0213
28194,0.0107
28195,0.4933
28196,0.1967
28197,0.0835
28198,0.1717
28199,0.2896
28200,0.0943
28201,0.0584
28202,0.0086
28203,0.0294
28204,0.0085
28205,0.0675
28206,0.0743
28207,0.0801
28208,0.1887
28209,0.4319
28210,0.2305
28211,0.0473
28212,0.0106
28213,0.0251
28214,0.0189
28215,0.027
28216,0.3944
28217,0.0176
28218,0.0542
28219,0.0147
28220,0.058
28221,0.0443
28222,0.0249
28223,0.1327
28224,0.3757
28225,0.0517
28226,0.2154
28227,0.0153
28228,0.0234
28229,0.0425
28230,0.0639
28231,0.0236
28232,0.1213
28233,0.1692
28234,0.1007
28235,0.1097
28236,0.0692
28237,0.0277
28238,0.0287
28239,0.0298
28240,0.1141
28241,0.0535
28242,0.3424
28243,0.0181
28244,0.0347
28245,0.0242
28246,0.0168
28247,0.0163
28248,0.0205
28249,0.0545
28250,0.0198
28251,0.0499
28252,0.1975
28253,0.4229
28254,0.0472
28255,0.0392
28256,0.0335
28257,0.1
28258,0.0696
28259,0.0153
28260,0.0612
28261,0.0102
28262,0.0145
28263,0.0238
28264,0.1937
28265,0.0193
28266,0.0165
28267,0.0285
28268,0.0047
28269,0.2164
28270,0.057
28271,0.3874
28272,0.3248
28273,0.3715
28274,0.0569
28275,0.0397
28276,0.0192
28277,0.056
28278,0.0537
28279,0.1622
28280,0.0529
28281,0.4142
28282,0.111
28283,0.0228
28284,0.0137
28285,0.0928
28286,0.0636
28287,0.0565
28288,0.0181
28289,0.0095
28290,0.0146
28291,0.0596
28292,0.0174
28293,0.0285
28294,0.0787
28295,0.0453
28296,0.2026
28297,0.0604
28298,0.0956
28299,0.2363
28300,0.3833
28301,0.0593
28302,0.0231
28303,0.0765
28304,0.034
28305,0.098
28306,0.0482
28307,0.1172
28308,0.0459
28309,0.0942
28310,0.0378
28311,0.0422
28312,0.0179
28313,0.0122
28314,0.0188
28315,0.137
28316,0.0087
28317,0.022
28318,0.0668
28319,0.0295
28320,0.025
28321,0.0334
28322,0.0629
28323,0.0596
28324,0.0978
28325,0.0813
28326,0.4056
28327,0.2123
28328,0.2133
28329,0.0113
28330,0.0859
28331,0.0526
28332,0.0448
28333,0.0964
28334,0.0196
28335,0.0245
28336,0.0652
28337,0.0366
28338,0.0603
28339,0.0713
28340,0.0248
28341,0.0603
28342,0.0192
28343,0.0753
28344,0.0163
28345,0.036
28346,0.1492
28347,0.0571
28348,0.1866
28349,0.4266
28350,0.0948
28351,0.0951
28352,0.0708
28353,0.0759
28354,0.0662
28355,0.0983
28356,0.0562
28357,0.0061
28358,0.0199
28359,0.3855
28360,0.0636
28361,0.0738
28362,0.0567
28363,0.0585
28364,0.0141
28365,0.0206
28366,0.0158
28367,0.019
28368,0.0444
28369,0.4222
28370,0.0667
28371,0.0485
28372,0.0809
28373,0.6173
28374,0.0713
28375,0.0161
28376,0.3235
28377,0.0536
28378,0.1641
28379,0.2949
28380,0.0606
28381,0.0188
28382,0.0529
28383,0.0524
28384,0.0935
28385,0.1514
28386,0.0425
28387,0.1283
28388,0.0857
28389,0.0654
28390,0.012
28391,0.0168
28392,0.0219
28393,0.0583
28394,0.0637
28395,0.019
28396,0.0846
28397,0.1196
28398,0.405
28399,0.0882
28400,0.0293
28401,0.1
28402,0.1565
28403,0.3891
28404,0.0597
28405,0.0505
28406,0.0241
28407,0.0627
28408,0.4676
28409,0.048
28410,0.1231
28411,0.3697
28412,0.2381
28413,0.0166
28414,0.036
28415,0.0491
28416,0.3967
28417,0.4528
28418,0.0074
28419,0.0595
28420,0.067
28421,0.1211
28422,0.1167
28423,0.1075
28424,0.1553
28425,0.408
28426,0.0822
28427,0.0195
28428,0.0539
28429,0.0912
28430,0.047
28431,0.2017
28432,0.8322
28433,0.0366
28434,0.4254
28435,0.0145
28436,0.0528
28437,0.2464
28438,0.0155
28439,0.0448
28440,0.0736
28441,0.0183
28442,0.045
28443,0.0042
28444,0.4041
28445,0.1964
28446,0.0613
28447,0.2354
28448,0.1108
28449,0.2452
28450,0.4125
28451,0.4174
28452,0.2828
28453,0.212
28454,0.1115
28455,0.9094
28456,0.4066
28457,0.4275
28458,0.0066
28459,0.0168
28460,0.225
28461,0.0615
28462,0.0276
28463,0.0202
28464,0.015
28465,0.0497
28466,0.005
28467,0.0079
28468,0.012
28469,0.0306
28470,0.2139
28471,0.0727
28472,0.0689
28473,0.0826
28474,0.0874
28475,0.2164
28476,0.2615
28477,0.0206
28478,0.104
28479,0.2753
28480,0.017
28481,0.0419
28482,1.0
28483,0.8383
28484,0.6627
28485,0.0044
28486,0.0255
28487,0.0187
28488,0.0869
28489,0.3798
28490,0.0889
28491,0.0143
28492,0.0658
28493,0.023
28494,0.0122
28495,0.0081
28496,0.043
28497,0.0554
28498,0.0406
28499,0.0068
28500,0.4193
28501,0.0133
28502,0.0191
28503,0.0791
28504,0.0785
28505,0.0484
28506,0.0424
28507,0.2269
28508,0.2101
28509,0.0188
28510,0.2034
28511,0.106
28512,0.0971
28513,0.8637
28514,0.7306
28515,0.5793
28516,0.0158
28517,0.059
28518,0.0253
28519,0.4386
28520,0.0815
28521,0.2837
28522,0.0399
28523,0.1069
28524,0.013
28525,0.1167
28526,0.0798
28527,0.1149
28528,0.1743
28529,0.4252
28530,0.4466
28531,0.1983
28532,0.1103
28533,0.0544
28534,0.0412
28535,0.0768
28536,0.0491
28537,0.0237
28538,0.127
28539,0.1623
28540,0.0635
28541,0.1101
28542,0.0226
28543,0.886
28544,0.958
28545,0.9983
28546,0.0895
28547,0.049
28548,0.2026
28549,0.0181
28550,0.4393
28551,0.0239
28552,0.0093
28553,0.0112
28554,0.014
28555,0.0297
28556,0.0785
28557,0.0369
28558,0.4488
28559,0.9671
28560,0.0506
28561,0.0768
28562,0.0613
28563,0.1224
28564,0.0542
28565,0.3906
28566,0.2351
28567,0.0421
28568,0.0952
28569,0.1132
28570,0.0996
28571,0.0455
28572,0.2592
28573,0.4212
28574,0.2207
28575,0.0782
28576,0.0219
28577,0.0745
28578,0.0087
28579,0.0765
28580,0.2598
28581,0.0265
28582,0.0297
28583,0.026
28584,0.0364
28585,0.4103
28586,0.4141
28587,0.2435
28588,0.2396
28589,0.0938
28590,0.1315
28591,0.1258
28592,0.457
28593,0.0504
28594,0.0287
28595,0.0318
28596,0.0297
28597,0.2132
28598,0.1336
28599,0.2156
28600,0.2897
28601,0.2597
28602,0.2245
28603,0.9234
28604,0.1092
28605,0.0128
28606,0.1116
28607,0.2373
28608,0.0184
28609,0.0297
28610,0.3008
28611,0.0437
28612,0.0216
28613,0.0216
28614,0.0373
28615,0.0883
28616,0.4382
28617,0.2341
28618,0.262
28619,0.2475
28620,0.118
28621,0.1274
28622,0.2471
28623,0.0211
28624,0.1548
28625,0.0766
28626,0.0509
28627,0.4347
28628,0.243
28629,0.0429
28630,0.4674
28631,0.3962
28632,0.002
28633,0.0682
28634,0.1052
28635,0.0915
28636,0.0495
28637,0.0087
28638,0.0085
28639,0.0198
28640,0.0459
28641,0.067
28642,0.0677
28643,0.0785
28644,0.4129
28645,0.6619
28646,0.4332
28647,0.3768
28648,0.3949
28649,0.1039
28650,0.0591
28651,0.0735
28652,0.1417
28653,0.2661
28654,0.0686
28655,0.1842
28656,0.0669
28657,0.1086
28658,0.0089
28659,0.0938
28660,0.0228
28661,0.0126
28662,0.0327
28663,0.0201
28664,0.0044
28665,0.0212
28666,0.0616
28667,0.0433
28668,0.0528
28669,0.4119
28670,0.1184
28671,0.3411
28672,0.4718
28673,0.4024
28674,0.2535
28675,0.2204
28676,0.0415
28677,0.104
28678,0.0119
28679,0.0103
28680,0.0266
28681,0.8894
28682,0.056
28683,0.0191
28684,0.2249
28685,0.0438
28686,0.2514
28687,0.027
28688,0.0416
28689,0.0186
28690,0.0368
28691,0.0254
28692,0.0628
28693,0.0679
28694,0.5135
28695,0.4148
28696,0.2217
28697,0.9364
28698,0.4038
28699,0.3955
28700,0.1556
28701,0.0323
28702,0.0267
28703,0.0543
28704,0.0381
28705,0.0246
28706,0.2117
28707,0.4318
28708,0.0883
28709,0.3854
28710,0.192
28711,0.0935
28712,0.1133
28713,0.1193
28714,0.176
28715,0.0364
28716,0.0193
28717,0.0367
28718,0.1119
28719,1.0
28720,0.416
28721,0.6525
28722,0.3949
28723,0.2585
28724,0.1512
28725,0.2313
28726,0.0235
28727,0.0087
28728,0.033
28729,0.0194
28730,0.137
28731,0.1178
28732,0.0871
28733,0.3943
28734,0.0205
28735,0.0615
28736,0.3957
28737,0.036
28738,0.0054
28739,0.009
28740,0.0885
28741,0.2144
28742,0.0178
28743,0.0029
28744,0.178
28745,0.2413
28746,0.0624
28747,0.1027
28748,0.2174
28749,0.0905
28750,0.0264
28751,0.1025
28752,0.2087
28753,0.049
28754,0.0189
28755,0.0115
28756,0.1321
28757,0.075
28758,0.0204
28759,0.0862
28760,0.0275
28761,0.0359
28762,0.0327
28763,0.1591
28764,0.3725
28765,0.559
28766,0.1246
28767,0.0095
28768,0.0263
28769,0.0556
28770,0.0156
28771,0.0567
28772,0.1378
28773,0.0119
28774,0.0224
28775,0.0124
28776,0.0297
28777,0.0129
28778,0.0057
28779,0.0248
28780,0.0649
28781,0.0668
28782,0.3607
28783,0.013
28784,0.0205
28785,0.0549
28786,0.0848
28787,0.3914
28788,0.1298
28789,0.0165
28790,0.2279
28791,0.0159
28792,0.0274
28793,0.012
28794,0.0629
28795,0.2445
28796,0.049
28797,0.0072
28798,0.0108
28799,0.0151
28800,0.2143
28801,0.0212
28802,0.0186
28803,0.0203
28804,0.1082
28805,0.0482
28806,0.0357
28807,0.0132
28808,0.0229
28809,0.0478
28810,0.3875
28811,0.0289
28812,0.0229
28813,0.0255
28814,0.0347
28815,0.0619
28816,0.2606
28817,0.056
28818,0.1701
28819,0.0874
28820,0.02
28821,0.0171
28822,0.0425
28823,0.0514
28824,0.029
28825,0.3933
28826,0.0066
28827,0.0123
28828,0.2364
28829,0.0124
28830,0.0542
28831,0.0436
28832,0.008
28833,0.4045
28834,0.4397
28835,0.097
28836,0.0915
28837,0.0094
28838,0.097
28839,0.0591
28840,0.0499
28841,0.1131
28842,0.0875
28843,0.0895
28844,0.9587
28845,0.0683
28846,0.0113
28847,0.0706
28848,0.0638
28849,0.0122
28850,0.0276
28851,0.1108
28852,0.4338
28853,0.0532
28854,0.2037
28855,0.0271
28856,0.0151
28857,0.0798
28858,0.0049
28859,0.0176
28860,0.0603
28861,0.0221
28862,0.0177
28863,0.0028
28864,0.0421
28865,0.06
28866,0.0235
28867,0.0209
28868,0.0663
28869,0.0206
28870,0.1323
28871,0.033
28872,0.0422
28873,0.0255
28874,0.0711
28875,0.0898
28876,0.0236
28877,0.0368
28878,0.8953
28879,0.0515
28880,0.1147
28881,0.0411
28882,0.0318
28883,0.0346
28884,0.0295
28885,0.0108
28886,0.0118
28887,0.2494
28888,0.0219
28889,0.0148
28890,0.0485
28891,0.1153
28892,0.0184
28893,0.0057
28894,0.101
28895,0.0371
28896,0.0208
28897,0.0495
28898,0.3961
28899,0.017
28900,0.0163
28901,0.012
28902,0.0134
28903,0.0475
28904,0.0266
28905,0.2394
28906,0.062
28907,0.0128
28908,0.0165
28909,0.0618
28910,0.1453
28911,0.0925
28912,0.0707
28913,0.0579
28914,0.0256
28915,0.0527
28916,0.0468
28917,0.1801
28918,0.1319
28919,0.0055
28920,0.0277
28921,0.0136
28922,0.0132
28923,0.0086
28924,0.0135
28925,0.0103
28926,0.0199
28927,0.0236
28928,0.0532
28929,0.0591
28930,0.0788
28931,0.0083
28932,0.1092
28933,0.2743
28934,0.008
28935,0.0257
28936,0.0121
28937,0.021
28938,0.008
28939,0.0145
28940,0.0315
28941,0.0105
28942,0.0165
28943,0.0114
28944,0.0717
28945,0.0051
28946,0.0177
28947,0.0444
28948,0.0132
28949,0.0372
28950,0.0144
28951,0.0086
28952,0.0108
28953,0.0069
28954,0.1056
28955,0.0202
28956,0.0413
28957,0.0285
28958,0.0169
28959,0.0712
28960,0.0069
28961,0.0063
28962,0.0127
28963,0.416
28964,0.0539
28965,0.0624
28966,0.1927
28967,0.012
28968,0.0034
28969,0.0662
28970,0.0219
28971,0.0062
28972,0.0784
28973,0.1273
28974,0.1538
28975,0.0122
28976,0.0275
28977,0.0201
28978,0.025
28979,0.0161
28980,0.0196
28981,0.0042
28982,0.0217
28983,0.0078
28984,0.0797
28985,0.0557
28986,0.0298
28987,0.1724
28988,0.0104
28989,0.0194
28990,0.0037
28991,0.0187
28992,0.0417
28993,0.031
28994,0.0108
28995,0.0169
28996,0.0311
28997,0.2486
28998,0.2178
28999,0.0225
29000,0.0978
29001,0.0153
29002,0.0132
29003,0.0354
29004,0.0451
29005,0.0606
29006,0.0283
29007,0.0279
29008,0.0327
29009,0.0376
29010,0.0661
29011,0.0831
29012,0.0393
29013,0.0247
29014,0.0256
29015,0.2551
29016,0.05
29017,0.0703
29018,0.2541
29019,0.373
29020,0.0198
29021,0.2943
29022,0.0752
29023,0.4019
29024,0.1003
29025,0.1814
29026,0.1015
29027,0.1087
29028,0.0205
29029,0.0129
29030,0.0494
29031,0.0152
29032,0.1501
29033,0.0262
29034,0.6182
29035,0.2602
29036,0.0331
29037,0.0469
29038,0.2403
29039,0.0603
29040,0.0125
29041,0.0409
29042,0.0452
29043,0.083
29044,0.2481
29045,0.4651
29046,0.3862
29047,0.0316
29048,0.021
29049,0.1196
29050,0.2541
29051,0.0267
29052,0.0604
29053,0.0478
29054,0.0853
29055,0.0742
29056,0.4876
29057,0.1351
29058,0.2496
29059,0.4617
29060,0.1203
29061,0.0269
29062,0.4492
29063,0.0833
29064,0.3248
29065,0.0616
29066,0.0602
29067,0.0341
29068,0.0861
29069,0.0886
29070,0.1214
29071,0.1852
29072,0.0281
29073,0.0438
29074,0.0972
29075,0.2582
29076,0.0408
29077,0.0321
29078,0.0657
29079,0.0884
29080,0.1036
29081,0.0395
29082,0.0415
29083,0.0551
29084,0.1574
29085,0.0515
29086,0.4117
29087,0.0476
29088,0.0499
29089,0.0112
29090,0.0057
29091,0.0171
29092,0.4264
29093,0.1006
29094,0.0887
29095,0.4531
29096,0.4937
29097,0.095
29098,0.0586
29099,0.0181
29100,0.0175
29101,0.0063
29102,0.0279
29103,0.0108
29104,0.0579
29105,0.0714
29106,0.0843
29107,0.1856
29108,0.2959
29109,0.2238
29110,0.045
29111,0.031
29112,0.0238
29113,0.4053
29114,0.017
29115,0.052
29116,0.0618
29117,0.0456
29118,0.1432
29119,0.4192
29120,0.0061
29121,0.0527
29122,0.0996
29123,0.018
29124,0.022
29125,0.042
29126,0.0607
29127,0.0098
29128,0.118
29129,0.1649
29130,0.0959
29131,0.1084
29132,0.0691
29133,0.0245
29134,0.0316
29135,0.0288
29136,0.1118
29137,0.0547
29138,0.1959
29139,0.0174
29140,0.0349
29141,0.024
29142,0.0168
29143,0.0155
29144,0.0202
29145,0.053
29146,0.0224
29147,0.0552
29148,0.2776
29149,0.2757
29150,0.0503
29151,0.0365
29152,0.0344
29153,0.1005
29154,0.0718
29155,0.0158
29156,0.0581
29157,0.0104
29158,0.0151
29159,0.1798
29160,0.0195
29161,0.0165
29162,0.0259
29163,0.0046
29164,0.2082
29165,0.06
29166,0.3717
29167,0.3204
29168,0.3589
29169,0.0548
29170,0.0398
29171,0.0185
29172,0.0606
29173,0.0519
29174,0.229
29175,0.0591
29176,0.3966
29177,0.1052
29178,0.0218
29179,0.0961
29180,0.063
29181,0.0577
29182,0.0175
29183,0.0107
29184,0.0594
29185,0.0223
29186,0.009
29187,0.0179
29188,0.0247
29189,0.0759
29190,0.0419
29191,0.2148
29192,0.0564
29193,0.0931
29194,0.3598
29195,0.4281
29196,0.0589
29197,0.0234
29198,0.0803
29199,0.0323
29200,0.0222
29201,0.0992
29202,0.049
29203,0.1157
29204,0.0469
29205,0.1003
29206,0.0388
29207,0.0432
29208,0.0221
29209,0.0162
29210,0.1377
29211,0.008
29212,0.0245
29213,0.0816
29214,0.0271
29215,0.0155
29216,0.0219
29217,0.033
29218,0.0658
29219,0.0664
29220,0.0946
29221,0.0811
29222,0.3955
29223,0.216
29224,0.223
29225,0.0092
29226,0.0805
29227,0.0461
29228,0.0454
29229,0.0865
29230,0.0205
29231,0.0196
29232,0.0383
29233,0.0534
29234,0.0712
29235,0.0262
29236,0.0682
29237,0.0202
29238,0.0328
29239,0.0804
29240,0.041
29241,0.1448
29242,0.0587
29243,0.1093
29244,0.4559
29245,0.0929
29246,0.1045
29247,0.059
29248,0.0745
29249,0.0653
29250,0.0946
29251,0.0547
29252,0.0072
29253,0.0212
29254,0.3779
29255,0.0579
29256,0.0734
29257,0.0579
29258,0.0668
29259,0.0212
29260,0.0183
29261,0.0209
29262,0.0416
29263,0.2976
29264,0.0686
29265,0.0468
29266,0.0784
29267,0.5764
29268,0.072
29269,0.0169
29270,0.3267
29271,0.0596
29272,0.2468
29273,0.2961
29274,0.0659
29275,0.021
29276,0.0498
29277,0.0546
29278,0.0895
29279,0.1567
29280,0.0414
29281,0.2078
29282,0.0813
29283,0.0655
29284,0.0089
29285,0.0165
29286,0.0234
29287,0.0595
29288,0.0638
29289,0.0156
29290,0.0848
29291,0.1303
29292,0.2387
29293,0.0769
29294,0.0326
29295,0.0998
29296,0.1615
29297,0.3831
29298,0.0587
29299,0.0472
29300,0.0184
29301,0.0658
29302,0.4737
29303,0.0449
29304,0.1376
29305,0.3596
29306,0.25
29307,0.0128
29308,0.0337
29309,0.0492
29310,0.4719
29311,0.4634
29312,0.0054
29313,0.0599
29314,0.0625
29315,0.1231
29316,0.1258
29317,0.1118
29318,0.1541
29319,0.4318
29320,0.0841
29321,0.0145
29322,0.0517
29323,0.0893
29324,0.0474
29325,0.2044
29326,0.8585
29327,0.0358
29328,0.4188
29329,0.0122
29330,0.0529
29331,0.2504
29332,0.0143
29333,0.0465
29334,0.0709
29335,0.0136
29336,0.0412
29337,0.0063
29338,0.4392
29339,0.195
29340,0.0589
29341,0.4122
29342,0.111
29343,0.2405
29344,0.4054
29345,0.4064
29346,0.275
29347,0.219
29348,0.1131
29349,0.8991
29350,0.4194
29351,0.3937
29352,0.0218
29353,0.2056
29354,0.0584
29355,0.0274
29356,0.0206
29357,0.0134
29358,0.0511
29359,0.0064
29360,0.0093
29361,0.0308
29362,0.205
29363,0.0701
29364,0.068
29365,0.0773
29366,0.0897
29367,0.2327
29368,0.3737
29369,0.0234
29370,0.0957
29371,0.2632
29372,0.0194
29373,0.0512
29374,1.0
29375,0.8403
29376,0.6633
29377,0.0046
29378,0.0266
29379,0.0172
29380,0.0868
29381,0.3633
29382,0.0853
29383,0.016
29384,0.0689
29385,0.048
29386,0.0552
29387,0.0396
29388,0.0036
29389,0.4128
29390,0.0142
29391,0.0206
29392,0.0743
29393,0.0772
29394,0.0501
29395,0.0419
29396,0.3802
29397,0.2139
29398,0.0237
29399,0.2097
29400,0.106
29401,0.1041
29402,0.8596
29403,0.7159
29404,0.5503
29405,0.017
29406,0.1997
29407,0.0249
29408,0.0109
29409,0.4193
29410,0.0834
29411,0.2982
29412,0.0417
29413,0.1017
29414,0.0111
29415,0.1176
29416,0.0855
29417,0.113
29418,0.177
29419,0.3769
29420,0.4513
29421,0.2225
29422,0.1026
29423,0.0548
29424,0.0386
29425,0.093
29426,0.0499
29427,0.0265
29428,0.0215
29429,0.2134
29430,0.1595
29431,0.0637
29432,0.108
29433,0.0254
29434,0.8769
29435,0.9651
29436,0.9966
29437,0.0909
29438,0.0502
29439,0.3915
29440,0.4235
29441,0.0217
29442,0.0115
29443,0.0139
29444,0.0317
29445,0.0723
29446,0.0427
29447,0.4218
29448,0.9969
29449,0.051
29450,0.078
29451,0.0571
29452,0.1229
29453,0.056
29454,0.4032
29455,0.2366
29456,0.0396
29457,0.0915
29458,0.1073
29459,0.0969
29460,0.0463
29461,0.4188
29462,0.4138
29463,0.2246
29464,0.0761
29465,0.0249
29466,0.0822
29467,0.0089
29468,0.0828
29469,0.183
29470,0.028
29471,0.0393
29472,0.0118
29473,0.0158
29474,0.0258
29475,0.0409
29476,0.4143
29477,0.4327
29478,0.2482
29479,0.2438
29480,0.0912
29481,0.1219
29482,0.1266
29483,0.4552
29484,0.0488
29485,0.0328
29486,0.0252
29487,0.1449
29488,0.1384
29489,0.1291
29490,0.41
29491,0.27
29492,0.1329
29493,0.9207
29494,0.108
29495,0.014
29496,0.1062
29497,0.244
29498,0.0203
29499,0.0337
29500,0.4419
29501,0.0429
29502,0.0224
29503,0.0226
29504,0.0395
29505,0.1799
29506,0.4139
29507,0.247
29508,0.4474
29509,0.2542
29510,0.1209
29511,0.1221
29512,0.4136
29513,0.0201
29514,0.1572
29515,0.0727
29516,0.0559
29517,0.382
29518,0.26
29519,0.0396
29520,0.4569
29521,0.3491
29522,0.0784
29523,0.209
29524,0.0978
29525,0.0588
29526,0.0191
29527,0.0041
29528,0.02
29529,0.0412
29530,0.062
29531,0.0679
29532,0.0803
29533,0.4329
29534,0.6354
29535,0.4383
29536,0.3852
29537,0.4026
29538,0.1033
29539,0.0624
29540,0.0729
29541,0.1503
29542,0.2505
29543,0.0621
29544,0.0227
29545,0.0626
29546,0.104
29547,0.0134
29548,0.0368
29549,0.0907
29550,0.0241
29551,0.0312
29552,0.0223
29553,0.0607
29554,0.0429
29555,0.0552
29556,0.4481
29557,0.2059
29558,0.3483
29559,0.4453
29560,0.4114
29561,0.2526
29562,0.1145
29563,0.0455
29564,0.041
29565,0.1057
29566,0.0113
29567,0.0112
29568,0.0275
29569,0.8735
29570,0.0485
29571,0.019
29572,0.0619
29573,0.0414
29574,0.2113
29575,0.0278
29576,0.0455
29577,0.0188
29578,0.0352
29579,0.0149
29580,0.024
29581,0.0654
29582,0.0739
29583,0.5386
29584,0.4076
29585,0.2248
29586,0.9278
29587,0.405
29588,0.3704
29589,0.1533
29590,0.0394
29591,0.033
29592,0.0251
29593,0.057
29594,0.0407
29595,0.029
29596,0.0542
29597,0.4154
29598,0.0836
29599,0.3855
29600,0.0273
29601,0.0973
29602,0.103
29603,0.1147
29604,0.1715
29605,0.045
29606,0.0191
29607,0.0429
29608,0.1122
29609,0.9765
29610,0.4371
29611,0.6163
29612,0.3861
29613,0.3977
29614,0.2312
29615,0.246
29616,0.0559
29617,0.0131
29618,0.0212
29619,0.0141
29620,0.0214
29621,0.1229
29622,0.1198
29623,0.0879
29624,0.4146
29625,0.0182
29626,0.0613
29627,0.01
29628,0.4028
29629,0.0306
29630,0.0842
29631,0.2199
29632,0.0169
29633,0.0042
29634,0.1834
29635,0.2109
29636,0.0616
29637,0.1078
29638,0.0908
29639,0.0808
29640,0.0247
29641,0.1102
29642,0.1013
29643,0.0064
29644,0.2048
29645,0.0139
29646,0.0717
29647,0.0369
29648,0.0226
29649,0.0904
29650,0.0227
29651,0.0381
29652,0.0349
29653,0.1642
29654,0.2563
29655,0.598
29656,0.1187
29657,0.0052
29658,0.0255
29659,0.0541
29660,0.056
29661,0.1164
29662,0.0111
29663,0.0259
29664,0.0138
29665,0.0305
29666,0.0184
29667,0.0073
29668,0.0222
29669,0.0689
29670,0.07
29671,0.3723
29672,0.012
29673,0.0246
29674,0.0665
29675,0.0936
29676,0.3944
29677,0.1221
29678,0.0175
29679,0.2288
29680,0.0163
29681,0.029
29682,0.011
29683,0.0627
29684,0.2222
29685,0.0539
29686,0.0097
29687,0.0106
29688,0.0129
29689,0.2085
29690,0.0166
29691,0.0199
29692,0.1046
29693,0.0476
29694,0.0338
29695,0.0143
29696,0.0213
29697,0.0456
29698,0.3423
29699,0.0288
29700,0.0121
29701,0.024
29702,0.0264
29703,0.0393
29704,0.0573
29705,0.2429
29706,0.0555
29707,0.165
29708,0.083
29709,0.0193
29710,0.0159
29711,0.0463
29712,0.055
29713,0.0298
29714,0.3681
29715,0.0051
29716,0.15
29717,0.0131
29718,0.0575
29719,0.0471
29720,0.0064
29721,0.2745
29722,0.4398
29723,0.0927
29724,0.0897
29725,0.0116
29726,0.1015
29727,0.0606
29728,0.0496
29729,0.1125
29730,0.0875
29731,0.0889
29732,0.9748
29733,0.0698
29734,0.0071
29735,0.0628
29736,0.0759
29737,0.034
29738,0.0905
29739,0.418
29740,0.0559
29741,0.1996
29742,0.0246
29743,0.0146
29744,0.0852
29745,0.0186
29746,0.0616
29747,0.0242
29748,0.0194
29749,0.0434
29750,0.0634
29751,0.0228
29752,0.0624
29753,0.1287
29754,0.0297
29755,0.0424
29756,0.0272
29757,0.0663
29758,0.1008
29759,0.0254
29760,0.0419
29761,0.9135
29762,0.0507
29763,0.1085
29764,0.04
29765,0.031
29766,0.0361
29767,0.035
29768,0.0115
29769,0.0125
29770,0.4026
29771,0.0187
29772,0.009
29773,0.0043
29774,0.0085
29775,0.0082
29776,0.0151
29777,0.0508
29778,0.1079
29779,0.0144
29780,0.0071
29781,0.0941
29782,0.0332
29783,0.0241
29784,0.0519
29785,0.4029
29786,0.0173
29787,0.0183
29788,0.0119
29789,0.0521
29790,0.0054
29791,0.0216
29792,0.1279
29793,0.0548
29794,0.0131
29795,0.0171
29796,0.0616
29797,0.223
29798,0.0878
29799,0.068
29800,0.0554
29801,0.0247
29802,0.0602
29803,0.0183
29804,0.0487
29805,0.2532
29806,0.3601
29807,0.0074
29808,0.0254
29809,0.0129
29810,0.0114
29811,0.0144
29812,0.0099
29813,0.0135
29814,0.0121
29815,0.0198
29816,0.0246
29817,0.0549
29818,0.0503
29819,0.0943
29820,0.006
29821,0.1121
29822,0.013
29823,0.2713
29824,0.0073
29825,0.0255
29826,0.0222
29827,0.0127
29828,0.0206
29829,0.0136
29830,0.0303
29831,0.0154
29832,0.0072
29833,0.0103
29834,0.0071
29835,0.0738
29836,0.008
29837,0.0207
29838,0.0427
29839,0.0123
29840,0.0424
29841,0.0145
29842,0.0091
29843,0.0055
29844,0.1069
29845,0.0252
29846,0.0422
29847,0.0054
29848,0.0102
29849,0.0262
29850,0.0172
29851,0.0735
29852,0.0092
29853,0.0124
29854,0.3777
29855,0.0466
29856,0.0617
29857,0.0542
29858,0.0587
29859,0.022
29860,0.0054
29861,0.0827
29862,0.1199
29863,0.1545
29864,0.015
29865,0.0186
29866,0.0266
29867,0.0161
29868,0.0198
29869,0.0234
29870,0.0077
29871,0.0824
29872,0.0609
29873,0.2642
29874,0.0111
29875,0.0197
29876,0.0032
29877,0.0185
29878,0.0393
29879,0.018
29880,0.0286
29881,0.0133
29882,0.0293
29883,0.006
29884,0.0208
29885,0.0322
29886,0.2446
29887,0.2133
29888,0.0209
29889,0.0996
29890,0.0178
29891,0.0089
29892,0.0366
29893,0.0408
29894,0.0519
29895,0.0476
29896,0.0294
29897,0.0306
29898,0.0418
29899,0.0542
29900,0.0945
29901,0.0301
29902,0.1506
29903,0.0479
29904,0.0763
29905,0.2398
29906,0.3705
29907,0.0306
29908,0.2873
29909,0.071
29910,0.243
29911,0.0974
29912,0.301
29913,0.0885
29914,0.0181
29915,0.1212
29916,0.0196
29917,0.0379
29918,0.0178
29919,0.2523
29920,0.0252
29921,0.572
29922,0.2265
29923,0.0467
29924,0.2504
29925,0.0175
29926,0.0486
29927,0.0444
29928,0.0842
29929,0.259
29930,0.4557
29931,0.4652
29932,0.0389
29933,0.0976
29934,0.116
29935,0.2043
29936,0.0109
29937,0.0062
29938,0.0633
29939,0.0461
29940,0.0883
29941,0.0843
29942,0.0301
29943,0.4224
29944,0.2274
29945,0.4082
29946,0.4458
29947,0.1288
29948,0.4387
29949,0.0866
29950,0.2079
29951,0.0711
29952,0.0596
29953,0.0376
29954,0.0903
29955,0.0938
29956,0.1179
29957,0.0663
29958,0.0298
29959,0.0294
29960,0.0972
29961,0.2512
29962,0.0429
29963,0.0679
29964,0.0809
29965,0.0982
29966,0.0417
29967,0.0393
29968,0.0246
29969,0.2477
29970,0.0518
29971,0.173
29972,0.0449
29973,0.0525
29974,0.0058
29975,0.3736
29976,0.1122
29977,0.0161
29978,0.0851
29979,0.1788
29980,0.2789
29981,0.0929
29982,0.0567
29983,0.0153
29984,0.012
29985,0.0338
29986,0.0116
29987,0.1613
29988,0.0622
29989,0.0712
29990,0.0864
29991,0.2773
29992,0.304
29993,0.0217
29994,0.2065
29995,0.0461
29996,0.0269
29997,0.2731
29998,0.0165
29999,0.0521
30000,0.01
30001,0.1878
30002,0.0483
30003,0.0255
30004,0.2334
30005,0.4037
30006,0.1084
30007,0.0201
30008,0.0267
30009,0.0451
30010,0.0715
30011,0.0076
30012,0.0252
30013,0.113
30014,0.1681
30015,0.0967
30016,0.0951
30017,0.0667
30018,0.0091
30019,0.0109
30020,0.0306
30021,0.0282
30022,0.0267
30023,0.0295
30024,0.1128
30025,0.0559
30026,0.1946
30027,0.0185
30028,0.0327
30029,0.0247
30030,0.0184
30031,0.0157
30032,0.0188
30033,0.0505
30034,0.022
30035,0.0515
30036,0.5072
30037,0.3907
30038,0.048
30039,0.0376
30040,0.1004
30041,0.0671
30042,0.0166
30043,0.0612
30044,0.0135
30045,0.0152
30046,0.0227
30047,0.2283
30048,0.0205
30049,0.0194
30050,0.0268
30051,0.2055
30052,0.0596
30053,0.21
30054,0.1965
30055,0.3195
30056,0.0578
30057,0.0422
30058,0.0225
30059,0.0596
30060,0.0526
30061,0.2361
30062,0.0505
30063,0.4583
30064,0.1007
30065,0.0206
30066,0.0962
30067,0.0703
30068,0.0565
30069,0.0173
30070,0.0166
30071,0.0572
30072,0.0221
30073,0.0228
30074,0.0258
30075,0.0764
30076,0.0403
30077,0.0696
30078,0.0594
30079,0.093
30080,0.3865
30081,0.4442
30082,0.0607
30083,0.0219
30084,0.084
30085,0.0114
30086,0.0342
30087,0.0202
30088,0.1029
30089,0.0505
30090,0.1093
30091,0.0407
30092,0.0939
30093,0.0396
30094,0.0445
30095,0.0151
30096,0.0115
30097,0.1428
30098,0.0101
30099,0.0626
30100,0.0296
30101,0.0133
30102,0.022
30103,0.0397
30104,0.075
30105,0.0627
30106,0.1898
30107,0.083
30108,0.4202
30109,0.2204
30110,0.2065
30111,0.0104
30112,0.0907
30113,0.05
30114,0.0381
30115,0.0924
30116,0.0206
30117,0.0605
30118,0.039
30119,0.0553
30120,0.074
30121,0.0216
30122,0.0608
30123,0.0209
30124,0.081
30125,0.0131
30126,0.0452
30127,0.146
30128,0.0581
30129,0.1877
30130,0.4532
30131,0.0865
30132,0.0957
30133,0.061
30134,0.0703
30135,0.0622
30136,0.096
30137,0.059
30138,0.0079
30139,0.0193
30140,0.2644
30141,0.053
30142,0.0678
30143,0.055
30144,0.0623
30145,0.0161
30146,0.0186
30147,0.0204
30148,0.0401
30149,0.282
30150,0.0676
30151,0.0495
30152,0.0791
30153,0.6127
30154,0.0702
30155,0.0153
30156,0.2176
30157,0.0538
30158,0.2347
30159,0.2963
30160,0.0625
30161,0.057
30162,0.0557
30163,0.0839
30164,0.1503
30165,0.0423
30166,0.1248
30167,0.0752
30168,0.066
30169,0.0112
30170,0.0069
30171,0.014
30172,0.0244
30173,0.0587
30174,0.0662
30175,0.014
30176,0.085
30177,0.127
30178,0.2234
30179,0.0885
30180,0.0354
30181,0.0998
30182,0.1544
30183,0.41
30184,0.0642
30185,0.0511
30186,0.0258
30187,0.0636
30188,0.4746
30189,0.0464
30190,0.1232
30191,0.3536
30192,0.2398
30193,0.0144
30194,0.0128
30195,0.0148
30196,0.0365
30197,0.0494
30198,0.5021
30199,0.4622
30200,0.0088
30201,0.059
30202,0.0671
30203,0.1232
30204,0.1129
30205,0.11
30206,0.174
30207,0.4188
30208,0.0806
30209,0.017
30210,0.0542
30211,0.0902
30212,0.0464
30213,0.2533
30214,0.8059
30215,0.0344
30216,0.4371
30217,0.0147
30218,0.0523
30219,0.4079
30220,0.0072
30221,0.046
30222,0.0722
30223,0.0149
30224,0.041
30225,0.0042
30226,0.4184
30227,0.2063
30228,0.0606
30229,0.396
30230,0.1198
30231,0.2396
30232,0.4267
30233,0.4302
30234,0.1777
30235,0.0957
30236,0.1119
30237,0.8984
30238,0.4227
30239,0.4101
30240,0.0209
30241,0.1288
30242,0.0554
30243,0.0096
30244,0.0496
30245,0.0061
30246,0.0094
30247,0.01
30248,0.0344
30249,0.055
30250,0.0759
30251,0.0675
30252,0.0843
30253,0.0842
30254,0.2145
30255,0.231
30256,0.0223
30257,0.0944
30258,0.4384
30259,0.0437
30260,0.9823
30261,0.8308
30262,0.6419
30263,0.0044
30264,0.025
30265,0.0173
30266,0.0924
30267,0.3826
30268,0.0853
30269,0.0143
30270,0.0657
30271,0.0081
30272,0.0442
30273,0.0542
30274,0.0412
30275,0.007
30276,0.404
30277,0.0124
30278,0.0216
30279,0.0734
30280,0.0791
30281,0.0501
30282,0.0428
30283,0.2334
30284,0.2119
30285,0.0251
30286,0.2034
30287,0.0855
30288,0.0981
30289,0.8677
30290,0.7609
30291,0.5494
30292,0.2059
30293,0.0253
30294,0.0093
30295,0.4329
30296,0.0939
30297,0.2119
30298,0.0363
30299,0.1032
30300,0.0143
30301,0.1134
30302,0.0855
30303,0.122
30304,0.1776
30305,0.4169
30306,0.4397
30307,0.1901
30308,0.1111
30309,0.0529
30310,0.0435
30311,0.084
30312,0.0473
30313,0.0235
30314,0.1511
30315,0.1701
30316,0.0685
30317,0.1105
30318,0.0236
30319,0.8853
30320,0.9385
30321,1.0
30322,0.0873
30323,0.0576
30324,0.3926
30325,0.0179
30326,0.4164
30327,0.0201
30328,0.0136
30329,0.0138
30330,0.0321
30331,0.0695
30332,0.0422
30333,0.4077
30334,0.9566
30335,0.0489
30336,0.0788
30337,0.0566
30338,0.1288
30339,0.0555
30340,0.3576
30341,0.2319
30342,0.0392
30343,0.0914
30344,0.1104
30345,0.1034
30346,0.0465
30347,0.0208
30348,0.2616
30349,0.4075
30350,0.2306
30351,0.0974
30352,0.0239
30353,0.0967
30354,0.0092
30355,0.0826
30356,0.1764
30357,0.0225
30358,0.0375
30359,0.0238
30360,0.0272
30361,0.038
30362,0.398
30363,0.4248
30364,0.2412
30365,0.1443
30366,0.0934
30367,0.131
30368,0.12
30369,0.4363
30370,0.0474
30371,0.0259
30372,0.0339
30373,0.0278
30374,0.1431
30375,0.1314
30376,0.2051
30377,0.4445
30378,0.2712
30379,0.2285
30380,0.9218
30381,0.111
30382,0.0131
30383,0.1279
30384,0.2385
30385,0.0201
30386,0.0268
30387,0.451
30388,0.0437
30389,0.021
30390,0.0227
30391,0.0426
30392,0.1769
30393,0.4311
30394,0.2467
30395,0.4485
30396,0.2515
30397,0.1186
30398,0.1176
30399,0.4089
30400,0.0214
30401,0.16
30402,0.0731
30403,0.0507
30404,0.385
30405,0.2455
30406,0.0422
30407,0.4745
30408,0.2705
30409,0.0043
30410,0.0916
30411,0.1029
30412,0.0884
30413,0.0451
30414,0.0096
30415,0.0057
30416,0.0198
30417,0.0397
30418,0.0694
30419,0.0636
30420,0.0816
30421,0.4198
30422,0.6661
30423,0.4654
30424,0.2352
30425,0.3889
30426,0.0995
30427,0.0624
30428,0.0689
30429,0.1374
30430,0.4198
30431,0.061
30432,0.0229
30433,0.0647
30434,0.1104
30435,0.0101
30436,0.0419
30437,0.104
30438,0.0251
30439,0.0347
30440,0.0216
30441,0.0115
30442,0.0228
30443,0.0647
30444,0.0421
30445,0.0508
30446,0.4362
30447,0.2137
30448,0.3411
30449,0.4676
30450,0.4489
30451,0.4152
30452,0.2222
30453,0.0421
30454,0.015
30455,0.0394
30456,0.1101
30457,0.0097
30458,0.0306
30459,0.8662
30460,0.0498
30461,0.0148
30462,0.2185
30463,0.0445
30464,0.2049
30465,0.0246
30466,0.0406
30467,0.019
30468,0.0328
30469,0.0263
30470,0.0656
30471,0.073
30472,0.5377
30473,0.3745
30474,0.2147
30475,0.9108
30476,0.3841
30477,0.3667
30478,0.1469
30479,0.0369
30480,0.03
30481,0.0286
30482,0.0563
30483,0.0387
30484,0.0265
30485,0.0567
30486,0.4384
30487,0.0853
30488,0.3906
30489,0.0249
30490,0.095
30491,0.1083
30492,0.1178
30493,0.1754
30494,0.0407
30495,0.0206
30496,0.0395
30497,0.1199
30498,0.9855
30499,0.4108
30500,0.6067
30501,0.3953
30502,0.4183
30503,0.152
30504,0.2691
30505,0.0565
30506,0.0219
30507,0.0155
30508,0.016
30509,0.0302
30510,0.0208
30511,0.1229
30512,0.1221
30513,0.0808
30514,0.2579
30515,0.0196
30516,0.06
30517,0.2554
30518,0.0327
30519,0.0816
30520,0.3851
30521,0.0182
30522,0.1873
30523,0.2238
30524,0.0569
30525,0.1031
30526,0.0928
30527,0.0896
30528,0.0244
30529,0.1068
30530,0.1075
30531,0.0405
30532,0.0074
30533,0.2239
30534,0.0754
30535,0.0314
30536,0.0203
30537,0.0848
30538,0.0253
30539,0.0352
30540,0.0339
30541,0.1563
30542,0.381
30543,0.5918
30544,0.1257
30545,0.0098
30546,0.0182
30547,0.0556
30548,0.0544
30549,0.1314
30550,0.0249
30551,0.016
30552,0.0273
30553,0.0126
30554,0.0091
30555,0.0249
30556,0.0681
30557,0.0673
30558,0.4026
30559,0.0132
30560,0.0121
30561,0.0218
30562,0.0556
30563,0.0816
30564,0.4078
30565,0.1236
30566,0.0149
30567,0.2185
30568,0.0278
30569,0.0132
30570,0.0644
30571,0.1451
30572,0.0538
30573,0.0098
30574,0.012
30575,0.2607
30576,0.0252
30577,0.0181
30578,0.021
30579,0.0186
30580,0.1004
30581,0.0475
30582,0.0304
30583,0.013
30584,0.0232
30585,0.0557
30586,0.2716
30587,0.0282
30588,0.0227
30589,0.0256
30590,0.0395
30591,0.0626
30592,0.2519
30593,0.0533
30594,0.2461
30595,0.0806
30596,0.0204
30597,0.0156
30598,0.0453
30599,0.0562
30600,0.0278
30601,0.3828
30602,0.0065
30603,0.2323
30604,0.0092
30605,0.0581
30606,0.0474
30607,0.0086
30608,0.272
30609,0.443
30610,0.1832
30611,0.0855
30612,0.0985
30613,0.06
30614,0.0494
30615,0.1121
30616,0.0915
30617,0.0927
30618,0.9855
30619,0.0199
30620,0.0655
30621,0.0085
30622,0.0728
30623,0.0699
30624,0.0177
30625,0.0254
30626,0.1003
30627,0.4279
30628,0.0667
30629,0.1938
30630,0.0237
30631,0.078
30632,0.015
30633,0.056
30634,0.0253
30635,0.0178
30636,0.0408
30637,0.0605
30638,0.0192
30639,0.0214
30640,0.0677
30641,0.0128
30642,0.1254
30643,0.0398
30644,0.0232
30645,0.0672
30646,0.0849
30647,0.0178
30648,0.0262
30649,0.038
30650,0.9172
30651,0.0577
30652,0.1029
30653,0.0495
30654,0.0321
30655,0.0368
30656,0.0377
30657,0.0084
30658,0.0102
30659,0.2512
30660,0.0192
30661,0.0084
30662,0.0058
30663,0.0058
30664,0.0078
30665,0.0161
30666,0.0513
30667,0.1143
30668,0.2005
30669,0.04
30670,0.0492
30671,0.3854
30672,0.0179
30673,0.0189
30674,0.0098
30675,0.0155
30676,0.0096
30677,0.0511
30678,0.0063
30679,0.0296
30680,0.2436
30681,0.0592
30682,0.0114
30683,0.0176
30684,0.0082
30685,0.0595
30686,0.2063
30687,0.0836
30688,0.066
30689,0.0591
30690,0.0272
30691,0.0591
30692,0.0169
30693,0.052
30694,0.2341
30695,0.1333
30696,0.0078
30697,0.0108
30698,0.0156
30699,0.0181
30700,0.0088
30701,0.011
30702,0.0194
30703,0.0118
30704,0.0228
30705,0.0577
30706,0.0548
30707,0.089
30708,0.1016
30709,0.0111
30710,0.257
30711,0.0063
30712,0.0227
30713,0.0072
30714,0.0243
30715,0.0127
30716,0.0066
30717,0.0138
30718,0.0192
30719,0.0137
30720,0.0285
30721,0.0202
30722,0.0116
30723,0.0736
30724,0.0452
30725,0.0105
30726,0.0372
30727,0.0148
30728,0.0072
30729,0.0135
30730,0.0044
30731,0.121
30732,0.0231
30733,0.0434
30734,0.0056
30735,0.029
30736,0.0156
30737,0.0717
30738,0.0077
30739,0.0067
30740,0.3883
30741,0.0545
30742,0.0581
30743,0.0509
30744,0.0643
30745,0.0223
30746,0.0056
30747,0.0791
30748,0.0138
30749,0.1247
30750,0.1511
30751,0.014
30752,0.0189
30753,0.0289
30754,0.0188
30755,0.0187
30756,0.0075
30757,0.0228
30758,0.0123
30759,0.0832
30760,0.0562
30761,0.0297
30762,0.0049
30763,0.1801
30764,0.0102
30765,0.0166
30766,0.0186
30767,0.0
30768,0.0167
30769,0.0476
30770,0.0201
30771,0.0303
30772,0.0333
30773,0.0092
30774,0.031
30775,0.3634
30776,0.2193
30777,0.0092
30778,0.0185
30779,0.093
30780,0.0095
30781,0.0143
30782,0.0379
30783,0.0529
30784,0.0655
30785,0.0366
30786,0.0365
30787,0.0325
30788,0.0287
30789,0.031
30790,0.0358
30791,0.0559
30792,0.0998
30793,0.0309
30794,0.418
30795,0.0497
30796,0.0701
30797,0.4064
30798,0.3626
30799,0.0289
30800,0.3053
30801,0.0737
30802,0.4253
30803,0.1042
30804,0.1402
30805,0.089
30806,0.022
30807,0.2389
30808,0.0123
30809,0.0347
30810,0.0175
30811,0.3728
30812,0.0189
30813,0.6123
30814,0.2217
30815,0.0454
30816,0.262
30817,0.017
30818,0.0283
30819,0.0207
30820,0.0464
30821,0.014
30822,0.0444
30823,0.1015
30824,0.3846
30825,0.4995
30826,0.469
30827,0.0421
30828,0.0943
30829,0.1156
30830,0.4149
30831,0.0605
30832,0.0486
30833,0.0937
30834,0.2008
30835,0.0376
30836,0.4163
30837,0.2364
30838,0.2578
30839,0.4915
30840,0.1185
30841,0.024
30842,0.4797
30843,0.0804
30844,0.191
30845,0.0621
30846,0.0652
30847,0.0309
30848,0.0903
30849,0.0857
30850,0.118
30851,0.2001
30852,0.0305
30853,0.0395
30854,0.088
30855,0.2702
30856,0.0445
30857,0.059
30858,0.0877
30859,0.1093
30860,0.0345
30861,0.0256
30862,0.0566
30863,0.1449
30864,0.0498
30865,0.3845
30866,0.0494
30867,0.0511
30868,0.0184
30869,0.0189
30870,0.0199
30871,0.3913
30872,0.0933
30873,0.0825
30874,0.4751
30875,0.2925
30876,0.0115
30877,0.0926
30878,0.0583
30879,0.0187
30880,0.0111
30881,0.0643
30882,0.0735
30883,0.0899
30884,0.2858
30885,0.4114
30886,0.1853
30887,0.0463
30888,0.0235
30889,0.3987
30890,0.015
30891,0.0532
30892,0.0068
30893,0.0604
30894,0.0444
30895,0.0261
30896,0.2432
30897,0.3972
30898,0.1094
30899,0.0204
30900,0.0252
30901,0.0419
30902,0.0646
30903,0.0253
30904,0.0095
30905,0.1147
30906,0.166
30907,0.1107
30908,0.0957
30909,0.0664
30910,0.0087
30911,0.0353
30912,0.0268
30913,0.0308
30914,0.0272
30915,0.1147
30916,0.0567
30917,0.2057
30918,0.0203
30919,0.0293
30920,0.0258
30921,0.015
30922,0.0157
30923,0.019
30924,0.0466
30925,0.0458
30926,0.4864
30927,0.2853
30928,0.0491
30929,0.034
30930,0.1034
30931,0.0697
30932,0.0156
30933,0.0596
30934,0.0271
30935,0.2367
30936,0.0225
30937,0.02
30938,0.027
30939,0.0642
30940,0.0596
30941,0.3871
30942,0.3418
30943,0.3589
30944,0.0562
30945,0.0412
30946,0.0191
30947,0.0587
30948,0.0502
30949,0.2468
30950,0.0514
30951,0.4258
30952,0.1044
30953,0.0222
30954,0.0936
30955,0.0607
30956,0.0594
30957,0.0229
30958,0.0098
30959,0.0549
30960,0.0106
30961,0.0199
30962,0.0181
30963,0.0254
30964,0.0786
30965,0.0434
30966,0.0713
30967,0.0595
30968,0.0894
30969,0.3819
30970,0.4596
30971,0.0596
30972,0.0196
30973,0.0788
30974,0.0151
30975,0.0325
30976,0.0038
30977,0.1002
30978,0.0477
30979,0.1178
30980,0.0425
30981,0.1119
30982,0.039
30983,0.0377
30984,0.0217
30985,0.0112
30986,0.0169
30987,0.137
30988,0.0616
30989,0.0291
30990,0.0247
30991,0.0364
30992,0.0647
30993,0.0648
30994,0.1043
30995,0.0808
30996,0.2574
30997,0.2095
30998,0.2251
30999,0.0131
31000,0.0832
31001,0.0071
31002,0.0506
31003,0.0056
31004,0.0429
31005,0.0882
31006,0.0234
31007,0.0583
31008,0.0368
31009,0.0118
31010,0.0549
31011,0.0768
31012,0.0226
31013,0.0603
31014,0.0232
31015,0.0292
31016,0.0807
31017,0.0179
31018,0.0382
31019,0.1459
31020,0.0562
31021,0.1963
31022,0.4924
31023,0.0869
31024,0.0929
31025,0.0613
31026,0.0669
31027,0.065
31028,0.0954
31029,0.0549
31030,0.2684
31031,0.0603
31032,0.0744
31033,0.0509
31034,0.0595
31035,0.0173
31036,0.0194
31037,0.0168
31038,0.0195
31039,0.041
31040,0.3027
31041,0.0664
31042,0.0502
31043,0.0856
31044,0.5989
31045,0.0689
31046,0.0167
31047,0.2253
31048,0.0584
31049,0.2346
31050,0.2947
31051,0.0622
31052,0.0182
31053,0.0537
31054,0.0515
31055,0.0945
31056,0.2306
31057,0.0407
31058,0.2301
31059,0.0703
31060,0.0081
31061,0.0664
31062,0.0071
31063,0.0139
31064,0.0224
31065,0.0741
31066,0.0636
31067,0.0129
31068,0.0892
31069,0.1286
31070,0.2323
31071,0.0786
31072,0.038
31073,0.1011
31074,0.1593
31075,0.3969
31076,0.0631
31077,0.0496
31078,0.0247
31079,0.0635
31080,0.4752
31081,0.0427
31082,0.1066
31083,0.3752
31084,0.2342
31085,0.0142
31086,0.0123
31087,0.0332
31088,0.0514
31089,0.4942
31090,0.4674
31091,0.0088
31092,0.0643
31093,0.068
31094,0.2395
31095,0.1247
31096,0.1092
31097,0.1703
31098,0.3918
31099,0.0862
31100,0.0186
31101,0.0533
31102,0.0885
31103,0.0454
31104,0.2062
31105,0.851
31106,0.0335
31107,0.4675
31108,0.0135
31109,0.053
31110,0.254
31111,0.0159
31112,0.0452
31113,0.0656
31114,0.0165
31115,0.0414
31116,0.4596
31117,0.214
31118,0.0615
31119,0.2355
31120,0.1134
31121,0.237
31122,0.4174
31123,0.3994
31124,0.285
31125,0.0958
31126,0.1078
31127,0.8755
31128,0.4512
31129,0.4091
31130,0.0145
31131,0.1261
31132,0.061
31133,0.0286
31134,0.0203
31135,0.0093
31136,0.0484
31137,0.0079
31138,0.0085
31139,0.0121
31140,0.0339
31141,0.0567
31142,0.0626
31143,0.0652
31144,0.0804
31145,0.0789
31146,0.2108
31147,0.2283
31148,0.0232
31149,0.099
31150,0.417
31151,0.0137
31152,0.0469
31153,0.9801
31154,0.8293
31155,0.6408
31156,0.0061
31157,0.026
31158,0.0933
31159,0.3701
31160,0.0823
31161,0.065
31162,0.0287
31163,0.0085
31164,0.0465
31165,0.0523
31166,0.0394
31167,0.0074
31168,0.4076
31169,0.013
31170,0.018
31171,0.0743
31172,0.0741
31173,0.0477
31174,0.0432
31175,0.3841
31176,0.2154
31177,0.023
31178,0.2009
31179,0.1127
31180,0.0999
31181,0.8525
31182,0.7226
31183,0.586
31184,0.0156
31185,0.2065
31186,0.0274
31187,0.0097
31188,0.4149
31189,0.0833
31190,0.1959
31191,0.0384
31192,0.1095
31193,0.0081
31194,0.1172
31195,0.0821
31196,0.1207
31197,0.1679
31198,0.3868
31199,0.4342
31200,0.194
31201,0.1038
31202,0.0579
31203,0.0435
31204,0.0787
31205,0.0496
31206,0.0255
31207,0.0214
31208,0.1296
31209,0.1679
31210,0.0677
31211,0.1025
31212,0.0238
31213,0.8645
31214,0.9475
31215,0.9902
31216,0.0875
31217,0.0466
31218,0.1153
31219,0.4339
31220,0.0232
31221,0.0097
31222,0.013
31223,0.0143
31224,0.0277
31225,0.0712
31226,0.0424
31227,0.4104
31228,0.9419
31229,0.0541
31230,0.078
31231,0.0586
31232,0.1185
31233,0.0558
31234,0.3655
31235,0.2296
31236,0.0392
31237,0.0921
31238,0.1035
31239,0.1034
31240,0.044
31241,0.0231
31242,0.4319
31243,0.4412
31244,0.2275
31245,0.0724
31246,0.0247
31247,0.0753
31248,0.0092
31249,0.0805
31250,0.1852
31251,0.024
31252,0.0385
31253,0.0235
31254,0.0136
31255,0.0142
31256,0.0234
31257,0.0384
31258,0.4072
31259,0.4061
31260,0.2425
31261,0.1413
31262,0.0984
31263,0.1284
31264,0.1217
31265,0.4478
31266,0.0491
31267,0.0294
31268,0.0262
31269,0.1357
31270,0.1352
31271,0.1295
31272,0.427
31273,0.2747
31274,0.1283
31275,0.9406
31276,0.1065
31277,0.0142
31278,0.1125
31279,0.2512
31280,0.0181
31281,0.0275
31282,0.4556
31283,0.0432
31284,0.0202
31285,0.0246
31286,0.0352
31287,0.0886
31288,0.4262
31289,0.2497
31290,0.4484
31291,0.2526
31292,0.127
31293,0.1223
31294,0.2663
31295,0.0209
31296,0.1594
31297,0.0729
31298,0.0491
31299,0.423
31300,0.3944
31301,0.0399
31302,0.444
31303,0.4068
31304,0.065
31305,0.1071
31306,0.092
31307,0.0393
31308,0.013
31309,0.0083
31310,0.0047
31311,0.0198
31312,0.0409
31313,0.0626
31314,0.0586
31315,0.0813
31316,0.3991
31317,0.6515
31318,0.396
31319,0.2426
31320,0.4016
31321,0.1026
31322,0.0602
31323,0.0684
31324,0.141
31325,0.4007
31326,0.0626
31327,0.02
31328,0.065
31329,0.1032
31330,0.0103
31331,0.0391
31332,0.1031
31333,0.0216
31334,0.0122
31335,0.0301
31336,0.0214
31337,0.0113
31338,0.0224
31339,0.0589
31340,0.0448
31341,0.057
31342,0.4061
31343,0.2108
31344,0.348
31345,0.4637
31346,0.4101
31347,0.4116
31348,0.2302
31349,0.0456
31350,0.0185
31351,0.0383
31352,0.1062
31353,0.0125
31354,0.8524
31355,0.0535
31356,0.0173
31357,0.0626
31358,0.0443
31359,0.2336
31360,0.0419
31361,0.0389
31362,0.0232
31363,0.063
31364,0.0741
31365,0.5231
31366,0.4127
31367,0.2315
31368,0.9297
31369,0.4028
31370,0.3981
31371,0.1517
31372,0.035
31373,0.0265
31374,0.0544
31375,0.0392
31376,0.0176
31377,0.0562
31378,0.415
31379,0.086
31380,0.3798
31381,0.028
31382,0.0958
31383,0.1092
31384,0.1175
31385,0.2377
31386,0.0391
31387,0.0192
31388,0.0068
31389,0.0395
31390,0.1163
31391,0.9789
31392,0.4632
31393,0.645
31394,0.3807
31395,0.3816
31396,0.1589
31397,0.2403
31398,0.0573
31399,0.0232
31400,0.0174
31401,0.0112
31402,0.0342
31403,0.0252
31404,0.1249
31405,0.1172
31406,0.0836
31407,0.3798
31408,0.0169
31409,0.0771
31410,0.3904
31411,0.0326
31412,0.0862
31413,0.2084
31414,0.0185
31415,0.0036
31416,0.179
31417,0.2339
31418,0.0656
31419,0.1066
31420,0.0917
31421,0.0838
31422,0.0236
31423,0.105
31424,0.106
31425,0.0076
31426,0.2135
31427,0.0108
31428,0.08
31429,0.0336
31430,0.0205
31431,0.0863
31432,0.0239
31433,0.0344
31434,0.0374
31435,0.1615
31436,0.3945
31437,0.56
31438,0.1231
31439,0.0095
31440,0.0281
31441,0.0549
31442,0.0567
31443,0.1383
31444,0.0153
31445,0.0273
31446,0.0104
31447,0.0275
31448,0.0138
31449,0.0069
31450,0.0221
31451,0.0669
31452,0.0639
31453,0.3784
31454,0.0132
31455,0.013
31456,0.0209
31457,0.0577
31458,0.0942
31459,0.406
31460,0.1299
31461,0.0159
31462,0.1568
31463,0.0251
31464,0.0085
31465,0.0632
31466,0.125
31467,0.0509
31468,0.0141
31469,0.0124
31470,0.2086
31471,0.0214
31472,0.0204
31473,0.0231
31474,0.0187
31475,0.1078
31476,0.0454
31477,0.0384
31478,0.0117
31479,0.0231
31480,0.0462
31481,0.2671
31482,0.0262
31483,0.0221
31484,0.0272
31485,0.0362
31486,0.0648
31487,0.2427
31488,0.0511
31489,0.1684
31490,0.0774
31491,0.0228
31492,0.0146
31493,0.0452
31494,0.0541
31495,0.0319
31496,0.2409
31497,0.0129
31498,0.2431
31499,0.0111
31500,0.0574
31501,0.045
31502,0.2831
31503,0.4691
31504,0.1823
31505,0.0779
31506,0.0937
31507,0.0579
31508,0.0493
31509,0.1095
31510,0.0875
31511,0.0865
31512,0.9951
31513,0.0181
31514,0.0754
31515,0.0117
31516,0.0725
31517,0.0693
31518,0.0187
31519,0.026
31520,0.123
31521,0.4417
31522,0.0633
31523,0.2009
31524,0.0135
31525,0.0776
31526,0.0163
31527,0.062
31528,0.0274
31529,0.0205
31530,0.0429
31531,0.0609
31532,0.0213
31533,0.0682
31534,0.0133
31535,0.1201
31536,0.0325
31537,0.0452
31538,0.0123
31539,0.0262
31540,0.0678
31541,0.0859
31542,0.0284
31543,0.0461
31544,0.9009
31545,0.0546
31546,0.1033
31547,0.042
31548,0.03
31549,0.0381
31550,0.0313
31551,0.0119
31552,0.3783
31553,0.0179
31554,0.0093
31555,0.0044
31556,0.0081
31557,0.0082
31558,0.0529
31559,0.1122
31560,0.0171
31561,0.0966
31562,0.0409
31563,0.0226
31564,0.053
31565,0.3944
31566,0.0184
31567,0.0192
31568,0.0152
31569,0.0521
31570,0.2456
31571,0.0624
31572,0.0135
31573,0.0194
31574,0.0622
31575,0.1435
31576,0.2028
31577,0.0716
31578,0.0569
31579,0.0548
31580,0.0157
31581,0.0484
31582,0.2392
31583,0.2179
31584,0.0096
31585,0.0265
31586,0.0136
31587,0.0122
31588,0.0136
31589,0.0073
31590,0.0142
31591,0.0226
31592,0.0558
31593,0.0525
31594,0.0837
31595,0.0099
31596,0.0114
31597,0.0989
31598,0.0105
31599,0.2735
31600,0.0249
31601,0.0119
31602,0.0056
31603,0.0165
31604,0.0226
31605,0.016
31606,0.0302
31607,0.0107
31608,0.0741
31609,0.0186
31610,0.0429
31611,0.0115
31612,0.0384
31613,0.0139
31614,0.0136
31615,0.1034
31616,0.0204
31617,0.0362
31618,0.0068
31619,0.0306
31620,0.0737
31621,0.0133
31622,0.0153
31623,0.3933
31624,0.0483
31625,0.0567
31626,0.0521
31627,0.0611
31628,0.022
31629,0.0061
31630,0.0785
31631,0.0124
31632,0.115
31633,0.0076
31634,0.1489
31635,0.0274
31636,0.0236
31637,0.0286
31638,0.022
31639,0.0178
31640,0.0049
31641,0.0238
31642,0.0111
31643,0.008
31644,0.0078
31645,0.0054
31646,0.0772
31647,0.0602
31648,0.0282
31649,0.1664
31650,0.0171
31651,0.0123
31652,0.0177
31653,0.0484
31654,0.0101
31655,0.029
31656,0.0294
31657,0.1295
31658,0.2081
31659,0.0087
31660,0.0954
31661,0.0148
31662,0.0436
31663,0.0279
31664,0.0266
31665,0.0568
31666,0.0455
31667,0.0655
31668,0.0285
31669,0.0257
31670,0.0256
31671,0.027
31672,0.0686
31673,0.098
31674,0.0376
31675,0.3806
31676,0.0545
31677,0.237
31678,0.3693
31679,0.3296
31680,0.0261
31681,0.0295
31682,0.2855
31683,0.0786
31684,0.3864
31685,0.1035
31686,0.2972
31687,0.1022
31688,0.0232
31689,0.2417
31690,0.0108
31691,0.2645
31692,0.7091
31693,0.2675
31694,0.0381
31695,0.0582
31696,0.1293
31697,0.0712
31698,0.0307
31699,0.0471
31700,0.0454
31701,0.0997
31702,0.28
31703,0.5593
31704,0.4683
31705,0.0412
31706,0.099
31707,0.1178
31708,0.2534
31709,0.0619
31710,0.0404
31711,0.0974
31712,0.0992
31713,0.419
31714,0.1549
31715,0.2503
31716,0.5439
31717,0.132
31718,0.0279
31719,0.5612
31720,0.0185
31721,0.0784
31722,0.3045
31723,0.0707
31724,0.0566
31725,0.0329
31726,0.0923
31727,0.0279
31728,0.2231
31729,0.1155
31730,0.0601
31731,0.0373
31732,0.0406
31733,0.1023
31734,0.2066
31735,0.0538
31736,0.0104
31737,0.0356
31738,0.0697
31739,0.0701
31740,0.1039
31741,0.0289
31742,0.0499
31743,0.0375
31744,0.0271
31745,0.2928
31746,0.0593
31747,0.4155
31748,0.0195
31749,0.0519
31750,0.0513
31751,0.009
31752,0.0176
31753,0.4051
31754,0.1236
31755,0.0995
31756,0.449
31757,0.525
31758,0.0104
31759,0.0897
31760,0.0596
31761,0.0195
31762,0.0255
31763,0.0337
31764,0.0767
31765,0.0723
31766,0.0921
31767,0.3864
31768,0.4179
31769,0.1861
31770,0.0546
31771,0.008
31772,0.0281
31773,0.0197
31774,0.0322
31775,0.4154
31776,0.0157
31777,0.0493
31778,0.0117
31779,0.0765
31780,0.0564
31781,0.2504
31782,0.4326
31783,0.1228
31784,0.0238
31785,0.0514
31786,0.0714
31787,0.0273
31788,0.0109
31789,0.1364
31790,0.2659
31791,0.1038
31792,0.1084
31793,0.0659
31794,0.0136
31795,0.0302
31796,0.0316
31797,0.0303
31798,0.0312
31799,0.1216
31800,0.0545
31801,0.2215
31802,0.0157
31803,0.0318
31804,0.0246
31805,0.0177
31806,0.0164
31807,0.0173
31808,0.0497
31809,0.0061
31810,0.0245
31811,0.0597
31812,0.4403
31813,0.3973
31814,0.0444
31815,0.0344
31816,0.0324
31817,0.1133
31818,0.0725
31819,0.0175
31820,0.0701
31821,0.0101
31822,0.0246
31823,0.2273
31824,0.0214
31825,0.0244
31826,0.028
31827,0.0596
31828,0.0565
31829,0.3907
31830,0.1979
31831,0.2276
31832,0.0496
31833,0.0351
31834,0.0237
31835,0.0518
31836,0.0516
31837,0.4051
31838,0.0609
31839,0.4139
31840,0.1109
31841,0.0116
31842,0.1078
31843,0.0598
31844,0.0574
31845,0.0172
31846,0.0132
31847,0.0581
31848,0.0176
31849,0.0268
31850,0.0795
31851,0.0353
31852,0.0634
31853,0.0591
31854,0.0901
31855,0.2152
31856,0.4261
31857,0.0674
31858,0.0276
31859,0.0712
31860,0.0123
31861,0.0367
31862,0.105
31863,0.0484
31864,0.1197
31865,0.0442
31866,0.1044
31867,0.0358
31868,0.0447
31869,0.026
31870,0.0177
31871,0.1545
31872,0.0083
31873,0.0345
31874,0.0781
31875,0.0313
31876,0.012
31877,0.014
31878,0.023
31879,0.0375
31880,0.0645
31881,0.0688
31882,0.0997
31883,0.0827
31884,0.389
31885,0.3615
31886,0.2077
31887,0.0066
31888,0.084
31889,0.0062
31890,0.0493
31891,0.0412
31892,0.1097
31893,0.0204
31894,0.0613
31895,0.0415
31896,0.0112
31897,0.0562
31898,0.0746
31899,0.0335
31900,0.0626
31901,0.0081
31902,0.0208
31903,0.035
31904,0.022
31905,0.0761
31906,0.0147
31907,0.0408
31908,0.1662
31909,0.058
31910,0.1068
31911,0.4353
31912,0.088
31913,0.0897
31914,0.059
31915,0.0761
31916,0.0589
31917,0.0921
31918,0.0574
31919,0.0183
31920,0.2581
31921,0.0537
31922,0.0697
31923,0.0706
31924,0.0611
31925,0.0205
31926,0.0183
31927,0.0202
31928,0.0442
31929,0.3056
31930,0.0558
31931,0.0453
31932,0.0668
31933,0.6929
31934,0.0732
31935,0.0158
31936,0.2221
31937,0.0541
31938,0.1529
31939,0.2934
31940,0.0571
31941,0.0196
31942,0.0524
31943,0.0572
31944,0.0989
31945,0.154
31946,0.0454
31947,0.1311
31948,0.0813
31949,0.0092
31950,0.0687
31951,0.0139
31952,0.0148
31953,0.0216
31954,0.0654
31955,0.0602
31956,0.0147
31957,0.0886
31958,0.1151
31959,0.236
31960,0.0763
31961,0.0317
31962,0.0893
31963,0.2358
31964,0.2601
31965,0.0569
31966,0.0551
31967,0.0254
31968,0.0632
31969,0.4837
31970,0.0488
31971,0.1289
31972,0.3712
31973,0.2417
31974,0.0119
31975,0.0148
31976,0.0166
31977,0.036
31978,0.0439
31979,0.4037
31980,0.4525
31981,0.0566
31982,0.0692
31983,0.2279
31984,0.2054
31985,0.1218
31986,0.1534
31987,0.4064
31988,0.0762
31989,0.0504
31990,0.0879
31991,0.0488
31992,0.1846
31993,0.7948
31994,0.0
31995,0.0412
31996,0.4152
31997,0.0149
31998,0.0568
31999,0.2486
32000,0.0127
32001,0.0138
32002,0.0362
32003,0.0603
32004,0.013
32005,0.0412
32006,0.0018
32007,0.4771
32008,0.0367
32009,0.0565
32010,0.3736
32011,0.1084
32012,0.1771
32013,0.4318
32014,0.3844
32015,0.1785
32016,0.0916
32017,0.1183
32018,0.9546
32019,0.4219
32020,0.4135
32021,0.0099
32022,0.0182
32023,0.1956
32024,0.0178
32025,0.0704
32026,0.0339
32027,0.0133
32028,0.0482
32029,0.0091
32030,0.0346
32031,0.0559
32032,0.0773
32033,0.0712
32034,0.0752
32035,0.0806
32036,0.2345
32037,0.2434
32038,0.0939
32039,0.2562
32040,0.0198
32041,0.0452
32042,1.0
32043,0.854
32044,0.6354
32045,0.0056
32046,0.0155
32047,0.1066
32048,0.4355
32049,0.0874
32050,0.0699
32051,0.0274
32052,0.0414
32053,0.0427
32054,0.0416
32055,0.0084
32056,0.4072
32057,0.0133
32058,0.0205
32059,0.0679
32060,0.087
32061,0.0466
32062,0.0359
32063,0.3741
32064,0.2207
32065,0.024
32066,0.2394
32067,0.109
32068,0.101
32069,0.8931
32070,0.7331
32071,0.5807
32072,0.0601
32073,0.0265
32074,0.0072
32075,0.4342
32076,0.0827
32077,0.2868
32078,0.0387
32079,0.1106
32080,0.0096
32081,0.1135
32082,0.0821
32083,0.109
32084,0.1727
32085,0.3746
32086,0.4501
32087,0.2202
32088,0.1036
32089,0.0538
32090,0.0338
32091,0.0773
32092,0.0448
32093,0.0272
32094,0.1983
32095,0.1593
32096,0.0548
32097,0.1083
32098,0.0265
32099,0.866
32100,0.9494
32101,0.9955
32102,0.0899
32103,0.0495
32104,0.2111
32105,0.4579
32106,0.0228
32107,0.0107
32108,0.0111
32109,0.0231
32110,0.066
32111,0.0292
32112,0.4289
32113,0.9683
32114,0.0437
32115,0.0848
32116,0.0604
32117,0.1165
32118,0.0523
32119,0.2005
32120,0.2447
32121,0.0364
32122,0.0905
32123,0.1016
32124,0.1049
32125,0.0433
32126,0.0215
32127,0.456
32128,0.419
32129,0.2184
32130,0.0687
32131,0.034
32132,0.081
32133,0.0057
32134,0.0735
32135,0.2751
32136,0.0235
32137,0.0348
32138,0.0209
32139,0.0184
32140,0.0155
32141,0.0216
32142,0.0369
32143,0.3917
32144,0.4136
32145,0.2346
32146,0.1315
32147,0.0831
32148,0.1303
32149,0.1154
32150,0.4543
32151,0.0488
32152,0.026
32153,0.0299
32154,0.0288
32155,0.1393
32156,0.1497
32157,0.1103
32158,0.4051
32159,0.3981
32160,0.1314
32161,0.9251
32162,0.113
32163,0.009
32164,0.2223
32165,0.1677
32166,0.0177
32167,0.0351
32168,0.4445
32169,0.0305
32170,0.0176
32171,0.0167
32172,0.0349
32173,0.0763
32174,0.4496
32175,0.4157
32176,0.4484
32177,0.4109
32178,0.1122
32179,0.1182
32180,0.4129
32181,0.0205
32182,0.1611
32183,0.072
32184,0.0492
32185,0.4646
32186,0.2557
32187,0.0403
32188,0.4309
32189,0.2686
32190,0.0803
32191,0.1002
32192,0.1002
32193,0.0411
32194,0.0097
32195,0.0191
32196,0.0381
32197,0.0573
32198,0.0587
32199,0.0807
32200,0.4365
32201,0.6425
32202,0.4538
32203,0.3914
32204,0.3739
32205,0.1019
32206,0.0675
32207,0.0754
32208,0.2076
32209,0.3841
32210,0.0656
32211,0.0231
32212,0.0667
32213,0.1047
32214,0.0101
32215,0.0357
32216,0.0983
32217,0.0245
32218,0.0185
32219,0.0105
32220,0.0218
32221,0.0562
32222,0.0402
32223,0.0555
32224,0.3797
32225,0.2167
32226,0.336
32227,0.5205
32228,0.4196
32229,0.3989
32230,0.2259
32231,0.005
32232,0.0504
32233,0.0204
32234,0.043
32235,0.1079
32236,0.0115
32237,0.0267
32238,0.893
32239,0.0512
32240,0.0194
32241,0.0653
32242,0.0468
32243,0.1075
32244,0.0294
32245,0.0463
32246,0.0169
32247,0.0477
32248,0.0214
32249,0.0569
32250,0.0741
32251,0.5597
32252,0.4092
32253,0.226
32254,0.9291
32255,0.3897
32256,0.4056
32257,0.1409
32258,0.0348
32259,0.0344
32260,0.0293
32261,0.0485
32262,0.042
32263,0.0273
32264,0.0582
32265,0.4194
32266,0.0891
32267,0.3625
32268,0.0313
32269,0.1131
32270,0.1172
32271,0.1302
32272,0.1626
32273,0.0425
32274,0.0203
32275,0.0349
32276,0.1124
32277,1.0
32278,0.3959
32279,0.6713
32280,0.3702
32281,0.3902
32282,0.1466
32283,0.2507
32284,0.0479
32285,0.0211
32286,0.0098
32287,0.0294
32288,0.0227
32289,0.1274
32290,0.116
32291,0.0943
32292,0.2608
32293,0.0219
32294,0.0649
32295,0.3591
32296,0.032
32297,0.1195
32298,0.0045
32299,0.0048
32300,0.0801
32301,0.417
32302,0.0197
32303,0.182
32304,0.1308
32305,0.0565
32306,0.1129
32307,0.0895
32308,0.0827
32309,0.0269
32310,0.1129
32311,0.1132
32312,0.041
32313,0.0081
32314,0.2042
32315,0.0111
32316,0.0754
32317,0.0403
32318,0.0214
32319,0.0861
32320,0.0216
32321,0.0323
32322,0.0045
32323,0.0326
32324,0.158
32325,0.3742
32326,0.6348
32327,0.1296
32328,0.0155
32329,0.0304
32330,0.056
32331,0.0155
32332,0.0542
32333,0.1949
32334,0.0137
32335,0.0281
32336,0.011
32337,0.0337
32338,0.0172
32339,0.0326
32340,0.0524
32341,0.0597
32342,0.4139
32343,0.0072
32344,0.0125
32345,0.0217
32346,0.0486
32347,0.0957
32348,0.3627
32349,0.1384
32350,0.0087
32351,0.2274
32352,0.0257
32353,0.0617
32354,0.1345
32355,0.0556
32356,0.012
32357,0.0159
32358,0.0117
32359,0.2656
32360,0.0256
32361,0.0199
32362,0.0239
32363,0.019
32364,0.1017
32365,0.0363
32366,0.0275
32367,0.0124
32368,0.0207
32369,0.0405
32370,0.2587
32371,0.0258
32372,0.0225
32373,0.0332
32374,0.039
32375,0.0676
32376,0.2445
32377,0.0615
32378,0.2396
32379,0.0881
32380,0.0321
32381,0.0147
32382,0.0475
32383,0.0567
32384,0.0314
32385,0.3931
32386,0.0093
32387,0.1418
32388,0.0102
32389,0.0508
32390,0.0382
32391,0.0074
32392,0.2801
32393,0.4264
32394,0.2009
32395,0.0983
32396,0.0966
32397,0.0565
32398,0.0515
32399,0.1143
32400,0.0888
32401,0.1055
32402,0.9872
32403,0.0192
32404,0.0727
32405,0.0134
32406,0.085
32407,0.0809
32408,0.0183
32409,0.1408
32410,0.4489
32411,0.056
32412,0.2218
32413,0.0282
32414,0.0857
32415,0.0126
32416,0.0524
32417,0.0215
32418,0.0063
32419,0.0172
32420,0.0431
32421,0.0642
32422,0.0238
32423,0.0195
32424,0.0754
32425,0.1579
32426,0.0359
32427,0.0474
32428,0.0152
32429,0.0254
32430,0.0718
32431,0.0912
32432,0.0194
32433,0.025
32434,0.0537
32435,0.9253
32436,0.0523
32437,0.112
32438,0.0587
32439,0.0382
32440,0.0291
32441,0.0268
32442,0.0044
32443,0.0107
32444,0.3964
32445,0.0182
32446,0.0166
32447,0.2219
32448,0.0172
32449,0.1097
32450,0.0423
32451,0.0259
32452,0.0521
32453,0.4089
32454,0.0266
32455,0.0167
32456,0.0164
32457,0.0395
32458,0.0019
32459,0.0243
32460,0.3701
32461,0.0491
32462,0.0181
32463,0.0648
32464,0.1453
32465,0.1003
32466,0.0747
32467,0.0646
32468,0.0273
32469,0.0648
32470,0.0178
32471,0.0661
32472,0.252
32473,0.2134
32474,0.0226
32475,0.008
32476,0.0098
32477,0.0193
32478,0.0103
32479,0.0222
32480,0.0648
32481,0.0505
32482,0.1009
32483,0.005
32484,0.1102
32485,0.0112
32486,0.2733
32487,0.0083
32488,0.0218
32489,0.0031
32490,0.0196
32491,0.0095
32492,0.0135
32493,0.022
32494,0.0038
32495,0.0138
32496,0.0314
32497,0.0105
32498,0.0221
32499,0.0425
32500,0.0088
32501,0.0397
32502,0.0146
32503,0.0035
32504,0.1163
32505,0.0224
32506,0.0393
32507,0.0261
32508,0.0142
32509,0.0874
32510,0.0087
32511,0.0077
32512,0.0148
32513,0.3038
32514,0.0642
32515,0.0743
32516,0.0602
32517,0.0143
32518,0.0666
32519,0.0238
32520,0.0098
32521,0.0902
32522,0.0129
32523,0.1296
32524,0.1734
32525,0.0284
32526,0.0212
32527,0.0344
32528,0.0208
32529,0.0192
32530,0.0127
32531,0.0047
32532,0.0062
32533,0.0036
32534,0.0081
32535,0.025
32536,0.0081
32537,0.0078
32538,0.0085
32539,0.0955
32540,0.0695
32541,0.0049
32542,0.1902
32543,0.0159
32544,0.0129
32545,0.0141
32546,0.0481
32547,0.0167
32548,0.0284
32549,0.0381
32550,0.0119
32551,0.0159
32552,0.0331
32553,0.2548
32554,0.2554
32555,0.1387
32556,0.0101
32557,0.0138
32558,0.007
32559,0.0501
32560,0.0127
32561,0.0315
32562,0.0648
32563,0.0274
32564,0.0352
32565,0.0565
32566,0.0336
32567,0.016
32568,0.0501
32569,0.0425
32570,0.0986
32571,0.0415
32572,0.0436
32573,0.0282
32574,0.3103
32575,0.0525
32576,0.0721
32577,0.0321
32578,0.2388
32579,0.355
32580,0.029
32581,0.0381
32582,0.2802
32583,0.0793
32584,0.4238
32585,0.109
32586,0.4047
32587,0.1099
32588,0.176
32589,0.7389
32590,0.1651
32591,0.0408
32592,0.0617
32593,0.2719
32594,0.0746
32595,0.0353
32596,0.0457
32597,0.015
32598,0.0473
32599,0.1099
32600,0.2768
32601,0.5683
32602,0.4989
32603,0.0396
32604,0.0947
32605,0.1089
32606,0.1825
32607,0.0616
32608,0.044
32609,0.0924
32610,0.0907
32611,0.0345
32612,0.4275
32613,0.1619
32614,0.2563
32615,0.5312
32616,0.1314
32617,0.0244
32618,0.4542
32619,0.0896
32620,0.2987
32621,0.0638
32622,0.0531
32623,0.0381
32624,0.101
32625,0.1002
32626,0.2268
32627,0.1887
32628,0.0315
32629,0.0441
32630,0.0934
32631,0.2724
32632,0.0524
32633,0.0414
32634,0.0692
32635,0.0811
32636,0.0923
32637,0.0302
32638,0.0444
32639,0.0061
32640,0.0332
32641,0.069
32642,0.2657
32643,0.0596
32644,0.416
32645,0.0514
32646,0.0457
32647,0.0168
32648,0.0095
32649,0.4493
32650,0.1266
32651,0.0979
32652,0.4771
32653,0.5099
32654,0.0987
32655,0.0652
32656,0.0197
32657,0.0124
32658,0.0358
32659,0.0705
32660,0.2289
32661,0.2885
32662,0.4793
32663,0.1894
32664,0.0548
32665,0.0264
32666,0.022
32667,0.0324
32668,0.2729
32669,0.0125
32670,0.0488
32671,0.0083
32672,0.0123
32673,0.0724
32674,0.0555
32675,0.0212
32676,0.2678
32677,0.4496
32678,0.1235
32679,0.0275
32680,0.0557
32681,0.0688
32682,0.0265
32683,0.1333
32684,0.1777
32685,0.1058
32686,0.1136
32687,0.0664
32688,0.0292
32689,0.0274
32690,0.0315
32691,0.1247
32692,0.0591
32693,0.2202
32694,0.017
32695,0.0381
32696,0.0296
32697,0.0179
32698,0.0176
32699,0.017
32700,0.0524
32701,0.025
32702,0.0565
32703,0.4515
32704,0.3922
32705,0.0476
32706,0.0314
32707,0.1102
32708,0.0692
32709,0.0158
32710,0.06
32711,0.0154
32712,0.0298
32713,0.2371
32714,0.0257
32715,0.0211
32716,0.0287
32717,0.0554
32718,0.0563
32719,0.3649
32720,0.3181
32721,0.3652
32722,0.0569
32723,0.0378
32724,0.0199
32725,0.0571
32726,0.0463
32727,0.2287
32728,0.0498
32729,0.4106
32730,0.105
32731,0.0196
32732,0.1037
32733,0.0614
32734,0.0643
32735,0.0217
32736,0.0137
32737,0.0582
32738,0.0268
32739,0.0227
32740,0.0812
32741,0.0403
32742,0.1993
32743,0.053
32744,0.0932
32745,0.2071
32746,0.44
32747,0.0617
32748,0.0227
32749,0.0784
32750,0.0111
32751,0.0372
32752,0.0221
32753,0.0114
32754,0.1025
32755,0.0515
32756,0.1129
32757,0.0427
32758,0.1028
32759,0.0383
32760,0.0419
32761,0.0228
32762,0.0105
32763,0.15
32764,0.0771
32765,0.0341
32766,0.0161
32767,0.0233
32768,0.0339
32769,0.0649
32770,0.0652
32771,0.1035
32772,0.0828
32773,0.4122
32774,0.2199
32775,0.2174
32776,0.0096
32777,0.083
32778,0.0468
32779,0.0387
32780,0.0935
32781,0.0572
32782,0.0356
32783,0.0148
32784,0.0546
32785,0.0732
32786,0.0254
32787,0.0609
32788,0.0077
32789,0.0836
32790,0.013
32791,0.0372
32792,0.1609
32793,0.0602
32794,0.1057
32795,0.4431
32796,0.0868
32797,0.206
32798,0.0576
32799,0.0738
32800,0.0603
32801,0.0949
32802,0.0572
32803,0.006
32804,0.0185
32805,0.2508
32806,0.0588
32807,0.0699
32808,0.0633
32809,0.0657
32810,0.0224
32811,0.0175
32812,0.0201
32813,0.0456
32814,0.4093
32815,0.0551
32816,0.046
32817,0.0692
32818,0.7026
32819,0.0742
32820,0.0124
32821,0.2009
32822,0.0517
32823,0.1452
32824,0.2838
32825,0.0558
32826,0.0164
32827,0.0568
32828,0.0575
32829,0.0948
32830,0.2455
32831,0.0443
32832,0.2152
32833,0.0736
32834,0.0068
32835,0.0609
32836,0.0212
32837,0.0667
32838,0.0506
32839,0.0156
32840,0.0916
32841,0.1174
32842,0.2161
32843,0.0746
32844,0.0319
32845,0.0876
32846,0.1427
32847,0.2561
32848,0.055
32849,0.0065
32850,0.0447
32851,0.0212
32852,0.0659
32853,0.4709
32854,0.0487
32855,0.1261
32856,0.3705
32857,0.2415
32858,0.013
32859,0.0168
32860,0.016
32861,0.0301
32862,0.0518
32863,0.4075
32864,0.3762
32865,0.0562
32866,0.0704
32867,0.1212
32868,0.1196
32869,0.1068
32870,0.1578
32871,0.405
32872,0.0755
32873,0.049
32874,0.0905
32875,0.0433
32876,0.1985
32877,0.8246
32878,0.0409
32879,0.4057
32880,0.0163
32881,0.0561
32882,0.2341
32883,0.014
32884,0.0411
32885,0.0665
32886,0.0131
32887,0.0421
32888,0.4738
32889,0.0307
32890,0.0581
32891,0.3384
32892,0.1028
32893,0.1817
32894,0.4234
32895,0.4789
32896,0.0217
32897,0.1737
32898,0.0897
32899,0.1109
32900,0.9284
32901,0.4691
32902,0.4092
32903,0.016
32904,0.1904
32905,0.0697
32906,0.0312
32907,0.0194
32908,0.014
32909,0.0096
32910,0.0414
32911,0.0092
32912,0.0299
32913,0.0568
32914,0.0765
32915,0.0626
32916,0.0773
32917,0.0862
32918,0.2148
32919,0.2324
32920,0.0271
32921,0.0971
32922,0.2598
32923,0.0216
32924,0.0471
32925,1.0
32926,0.8647
32927,0.6536
32928,0.0043
32929,0.0166
32930,0.1048
32931,0.4306
32932,0.0851
32933,0.0698
32934,0.0416
32935,0.0453
32936,0.0451
32937,0.0112
32938,0.4167
32939,0.0117
32940,0.0188
32941,0.074
32942,0.0748
32943,0.0466
32944,0.0376
32945,0.3813
32946,0.2252
32947,0.023
32948,0.1126
32949,0.1081
32950,0.1008
32951,0.8509
32952,0.7347
32953,0.5607
32954,0.0101
32955,0.0139
32956,0.0563
32957,0.0223
32958,0.4513
32959,0.0926
32960,0.2722
32961,0.0337
32962,0.1104
32963,0.0129
32964,0.1047
32965,0.0824
32966,0.2013
32967,0.1681
32968,0.4356
32969,0.4535
32970,0.1844
32971,0.1013
32972,0.0537
32973,0.0383
32974,0.0747
32975,0.0448
32976,0.0257
32977,0.1262
32978,0.1598
32979,0.0585
32980,0.1125
32981,0.0242
32982,0.842
32983,0.9448
32984,0.9885
32985,0.0895
32986,0.0454
32987,0.1969
32988,0.4436
32989,0.022
32990,0.0093
32991,0.0108
32992,0.0255
32993,0.0644
32994,0.0301
32995,0.4133
32996,0.9731
32997,0.0452
32998,0.092
32999,0.0556
33000,0.1008
33001,0.0526
33002,0.2024
33003,0.2592
33004,0.089
33005,0.0979
33006,0.1046
33007,0.0442
33008,0.0196
33009,0.449
33010,0.4445
33011,0.2193
33012,0.0691
33013,0.0226
33014,0.0805
33015,0.0772
33016,0.1693
33017,0.0253
33018,0.0346
33019,0.0217
33020,0.0156
33021,0.0212
33022,0.0353
33023,0.4497
33024,0.6697
33025,0.2357
33026,0.1309
33027,0.0931
33028,0.1309
33029,0.1224
33030,0.4453
33031,0.0505
33032,0.0237
33033,0.0309
33034,0.0269
33035,0.1301
33036,0.1392
33037,0.1094
33038,0.4253
33039,0.2465
33040,0.1195
33041,0.9192
33042,0.2208
33043,0.2101
33044,0.2408
33045,0.0148
33046,0.0349
33047,0.4581
33048,0.0358
33049,0.0154
33050,0.0173
33051,0.0323
33052,0.0791
33053,0.4257
33054,0.4393
33055,0.2417
33056,0.4291
33057,0.1191
33058,0.1113
33059,0.4277
33060,0.0174
33061,0.151
33062,0.0756
33063,0.051
33064,0.4203
33065,0.2471
33066,0.0387
33067,0.4306
33068,0.3733
33069,0.0694
33070,0.1074
33071,0.1008
33072,0.0119
33073,0.0086
33074,0.0182
33075,0.0409
33076,0.0604
33077,0.0606
33078,0.0871
33079,0.4584
33080,0.6586
33081,0.4042
33082,0.2342
33083,0.3887
33084,0.0995
33085,0.0661
33086,0.0606
33087,0.1383
33088,0.3948
33089,0.0668
33090,0.0202
33091,0.0676
33092,0.1095
33093,0.0115
33094,0.0371
33095,0.0969
33096,0.0205
33097,0.0132
33098,0.0547
33099,0.0424
33100,0.0484
33101,0.393
33102,0.2238
33103,0.3329
33104,0.4567
33105,0.4252
33106,0.249
33107,0.2173
33108,0.0492
33109,0.0183
33110,0.0354
33111,0.1061
33112,0.0278
33113,0.9007
33114,0.0534
33115,0.0172
33116,0.0623
33117,0.0458
33118,0.1141
33119,0.032
33120,0.0473
33121,0.016
33122,0.037
33123,0.0132
33124,0.0071
33125,0.0225
33126,0.064
33127,0.0752
33128,0.5615
33129,0.3931
33130,0.3716
33131,0.9357
33132,0.3809
33133,0.4204
33134,0.1468
33135,0.0411
33136,0.028
33137,0.0265
33138,0.0471
33139,0.046
33140,0.0281
33141,0.0505
33142,0.42
33143,0.0855
33144,0.3877
33145,0.0337
33146,0.1129
33147,0.1173
33148,0.1167
33149,0.2278
33150,0.0412
33151,0.0185
33152,0.0329
33153,0.1191
33154,0.9884
33155,0.3805
33156,0.636
33157,0.3676
33158,0.2419
33159,0.1503
33160,0.2636
33161,0.0476
33162,0.026
33163,0.0306
33164,0.0219
33165,0.1136
33166,0.1273
33167,0.0932
33168,0.2565
33169,0.0198
33170,0.0643
33171,0.2542
33172,0.0349
33173,0.0043
33174,0.0795
33175,0.3915
33176,0.0156
33177,0.3086
33178,0.1319
33179,0.0566
33180,0.1104
33181,0.096
33182,0.0829
33183,0.0266
33184,0.1162
33185,0.1102
33186,0.0389
33187,0.0178
33188,0.1106
33189,0.0103
33190,0.0761
33191,0.0347
33192,0.0217
33193,0.0894
33194,0.025
33195,0.0319
33196,0.0334
33197,0.153
33198,0.3769
33199,0.6448
33200,0.1343
33201,0.0301
33202,0.0192
33203,0.0393
33204,0.0579
33205,0.0556
33206,0.1114
33207,0.0111
33208,0.0379
33209,0.0397
33210,0.0179
33211,0.0204
33212,0.0085
33213,0.0629
33214,0.0585
33215,0.375
33216,0.0089
33217,0.011
33218,0.0203
33219,0.0557
33220,0.0844
33221,0.3999
33222,0.1421
33223,0.0118
33224,0.0141
33225,0.2205
33226,0.0154
33227,0.0284
33228,0.01
33229,0.0654
33230,0.1372
33231,0.0523
33232,0.0204
33233,0.0168
33234,0.2726
33235,0.0265
33236,0.0202
33237,0.0198
33238,0.1068
33239,0.0395
33240,0.0287
33241,0.0113
33242,0.0216
33243,0.0399
33244,0.3411
33245,0.0262
33246,0.0218
33247,0.026
33248,0.0399
33249,0.0622
33250,0.173
33251,0.0624
33252,0.3782
33253,0.0922
33254,0.0233
33255,0.017
33256,0.0468
33257,0.0566
33258,0.0303
33259,0.3915
33260,0.0052
33261,0.1364
33262,0.0112
33263,0.0555
33264,0.0368
33265,0.4002
33266,0.3943
33267,0.2047
33268,0.0937
33269,0.0109
33270,0.1046
33271,0.0542
33272,0.0548
33273,0.1167
33274,0.0893
33275,0.0992
33276,1.0
33277,0.0249
33278,0.0648
33279,0.0798
33280,0.0874
33281,0.0181
33282,0.1323
33283,0.4056
33284,0.0604
33285,0.2238
33286,0.0254
33287,0.0174
33288,0.0831
33289,0.0132
33290,0.0506
33291,0.0204
33292,0.0182
33293,0.0401
33294,0.0647
33295,0.0269
33296,0.0699
33297,0.1402
33298,0.035
33299,0.043
33300,0.0124
33301,0.0286
33302,0.0731
33303,0.0933
33304,0.0212
33305,0.0276
33306,0.0573
33307,0.9301
33308,0.0452
33309,0.122
33310,0.0465
33311,0.0336
33312,0.0302
33313,0.0295
33314,0.0055
33315,0.0084
33316,0.3925
33317,0.0147
33318,0.0058
33319,0.0071
33320,0.0552
33321,0.2147
33322,0.0193
33323,0.1027
33324,0.0527
33325,0.0266
33326,0.0072
33327,0.3991
33328,0.0196
33329,0.0206
33330,0.0068
33331,0.0171
33332,0.0379
33333,0.0041
33334,0.0266
33335,0.1341
33336,0.0492
33337,0.0115
33338,0.0715
33339,0.1433
33340,0.1094
33341,0.0762
33342,0.0637
33343,0.0234
33344,0.0557
33345,0.0119
33346,0.0607
33347,0.1529
33348,0.1291
33349,0.0057
33350,0.0115
33351,0.0238
33352,0.013
33353,0.0092
33354,0.0245
33355,0.0728
33356,0.0564
33357,0.0928
33358,0.1138
33359,0.4097
33360,0.0101
33361,0.0026
33362,0.0191
33363,0.0098
33364,0.0132
33365,0.0129
33366,0.0342
33367,0.0101
33368,0.0818
33369,0.0242
33370,0.0452
33371,0.0121
33372,0.0225
33373,0.0446
33374,0.0151
33375,0.0089
33376,0.0033
33377,0.119
33378,0.0223
33379,0.046
33380,0.0267
33381,0.0129
33382,0.0872
33383,0.0066
33384,0.005
33385,0.0151
33386,0.3678
33387,0.0579
33388,0.0727
33389,0.0589
33390,0.0133
33391,0.0701
33392,0.02
33393,0.0094
33394,0.0872
33395,0.0122
33396,0.1289
33397,0.1559
33398,0.0262
33399,0.0309
33400,0.0191
33401,0.0204
33402,0.0035
33403,0.0045
33404,0.0277
33405,0.0144
33406,0.009
33407,0.007
33408,0.0998
33409,0.0713
33410,0.2856
33411,0.0141
33412,0.0162
33413,0.0185
33414,0.0014
33415,0.0424
33416,0.0182
33417,0.0283
33418,0.0379
33419,0.0141
33420,0.0413
33421,0.2596
33422,0.2202
33423,0.0243
33424,0.1328
33425,0.0104
33426,0.0119
33427,0.0136
33428,0.009
33429,0.018
33430,0.0412
33431,0.0479
33432,0.0309
33433,0.0281
33434,0.0281
33435,0.0423
33436,0.0611
33437,0.0965
33438,0.0408
33439,0.0227
33440,0.3495
33441,0.0585
33442,0.0702
33443,0.0381
33444,0.2693
33445,0.2398
33446,0.0444
33447,0.2966
33448,0.0798
33449,0.3816
33450,0.1555
33451,0.099
33452,0.107
33453,0.0093
33454,0.2702
33455,0.7054
33456,0.2611
33457,0.0407
33458,0.0561
33459,0.2881
33460,0.0699
33461,0.0148
33462,0.0299
33463,0.0468
33464,0.0193
33465,0.013
33466,0.1052
33467,0.2593
33468,0.6439
33469,0.5053
33470,0.0421
33471,0.0906
33472,0.1255
33473,0.1825
33474,0.0652
33475,0.0425
33476,0.0879
33477,0.0865
33478,0.0431
33479,0.4542
33480,0.2524
33481,0.3947
33482,0.5669
33483,0.236
33484,0.4558
33485,0.0868
33486,0.1762
33487,0.0645
33488,0.0615
33489,0.0358
33490,0.0969
33491,0.0302
33492,0.0954
33493,0.124
33494,0.0697
33495,0.0315
33496,0.0415
33497,0.1027
33498,0.2371
33499,0.0504
33500,0.0365
33501,0.0724
33502,0.0788
33503,0.0999
33504,0.0406
33505,0.0386
33506,0.0297
33507,0.0647
33508,0.1524
33509,0.0549
33510,0.186
33511,0.0201
33512,0.0534
33513,0.0496
33514,0.428
33515,0.1211
33516,0.1016
33517,0.4602
33518,0.5218
33519,0.0012
33520,0.1012
33521,0.0627
33522,0.0193
33523,0.0244
33524,0.0117
33525,0.0301
33526,0.069
33527,0.0692
33528,0.0937
33529,0.2785
33530,0.4493
33531,0.2019
33532,0.0538
33533,0.0311
33534,0.0179
33535,0.0297
33536,0.2911
33537,0.046
33538,0.0685
33539,0.0291
33540,0.1595
33541,0.4374
33542,0.2437
33543,0.0231
33544,0.0271
33545,0.0544
33546,0.0647
33547,0.0337
33548,0.1275
33549,0.1709
33550,0.1036
33551,0.1031
33552,0.0638
33553,0.0338
33554,0.0324
33555,0.027
33556,0.031
33557,0.1149
33558,0.0571
33559,0.2136
33560,0.0196
33561,0.0331
33562,0.0226
33563,0.0143
33564,0.0169
33565,0.0226
33566,0.0521
33567,0.0248
33568,0.0547
33569,0.4458
33570,0.3998
33571,0.0496
33572,0.0378
33573,0.0317
33574,0.1085
33575,0.0767
33576,0.0642
33577,0.0057
33578,0.0305
33579,0.0116
33580,0.2351
33581,0.0264
33582,0.0202
33583,0.0308
33584,0.0064
33585,0.0524
33586,0.0569
33587,0.3772
33588,0.3416
33589,0.3562
33590,0.0602
33591,0.0399
33592,0.0177
33593,0.0554
33594,0.0526
33595,0.2393
33596,0.0554
33597,0.403
33598,0.1128
33599,0.0224
33600,0.1068
33601,0.0585
33602,0.0578
33603,0.0171
33604,0.0157
33605,0.0132
33606,0.0592
33607,0.0103
33608,0.025
33609,0.0724
33610,0.0391
33611,0.066
33612,0.0561
33613,0.0902
33614,0.22
33615,0.4148
33616,0.0658
33617,0.0224
33618,0.0795
33619,0.0128
33620,0.0364
33621,0.0197
33622,0.1032
33623,0.0519
33624,0.1238
33625,0.0432
33626,0.1073
33627,0.0407
33628,0.0241
33629,0.0085
33630,0.0168
33631,0.1493
33632,0.0258
33633,0.077
33634,0.0304
33635,0.0115
33636,0.0247
33637,0.0349
33638,0.0633
33639,0.0642
33640,0.0988
33641,0.0853
33642,0.3811
33643,0.1336
33644,0.2486
33645,0.0087
33646,0.0802
33647,0.0054
33648,0.0494
33649,0.0381
33650,0.0916
33651,0.0228
33652,0.0609
33653,0.0368
33654,0.0542
33655,0.0757
33656,0.0685
33657,0.0198
33658,0.0347
33659,0.079
33660,0.0153
33661,0.0411
33662,0.1665
33663,0.0584
33664,0.108
33665,0.4802
33666,0.0928
33667,0.0845
33668,0.0569
33669,0.0727
33670,0.0621
33671,0.0973
33672,0.0501
33673,0.0078
33674,0.0081
33675,0.0241
33676,0.2474
33677,0.0518
33678,0.0721
33679,0.063
33680,0.065
33681,0.02
33682,0.017
33683,0.021
33684,0.0457
33685,0.45
33686,0.0538
33687,0.0471
33688,0.067
33689,0.6355
33690,0.0744
33691,0.0146
33692,0.2013
33693,0.0527
33694,0.1605
33695,0.2848
33696,0.0586
33697,0.0549
33698,0.0589
33699,0.094
33700,0.1605
33701,0.0423
33702,0.2267
33703,0.0851
33704,0.0634
33705,0.0144
33706,0.0659
33707,0.0497
33708,0.0152
33709,0.0918
33710,0.1126
33711,0.2218
33712,0.0735
33713,0.0332
33714,0.087
33715,0.1421
33716,0.2519
33717,0.059
33718,0.0518
33719,0.0239
33720,0.064
33721,0.4848
33722,0.0497
33723,0.1289
33724,0.4047
33725,0.2492
33726,0.0119
33727,0.0141
33728,0.0068
33729,0.029
33730,0.0451
33731,0.4411
33732,0.4854
33733,0.0636
33734,0.0743
33735,0.2364
33736,0.2005
33737,0.1077
33738,0.1659
33739,0.2505
33740,0.0788
33741,0.0445
33742,0.0999
33743,0.0473
33744,0.2436
33745,0.7579
33746,0.0396
33747,0.438
33748,0.0141
33749,0.0547
33750,0.1863
33751,0.012
33752,0.0142
33753,0.0373
33754,0.0638
33755,0.011
33756,0.0416
33757,0.4432
33758,0.0355
33759,0.0597
33760,0.3817
33761,0.1068
33762,0.1812
33763,0.4559
33764,0.3706
33765,0.0201
33766,0.1679
33767,0.0879
33768,0.1213
33769,0.9166
33770,0.428
33771,0.3055
33772,0.0188
33773,0.1892
33774,0.0652
33775,0.0304
33776,0.0189
33777,0.0139
33778,0.0413
33779,0.0083
33780,0.0127
33781,0.0307
33782,0.0547
33783,0.0717
33784,0.0741
33785,0.0731
33786,0.0793
33787,0.1253
33788,0.1183
33789,0.0897
33790,0.251
33791,0.0181
33792,0.0459
33793,1.0
33794,0.8206
33795,0.6599
33796,0.0251
33797,0.1045
33798,0.5029
33799,0.0909
33800,0.0715
33801,0.0047
33802,0.0426
33803,0.0425
33804,0.0411
33805,0.006
33806,0.4057
33807,0.0173
33808,0.0179
33809,0.0677
33810,0.0733
33811,0.0434
33812,0.0429
33813,0.3843
33814,0.0839
33815,0.0209
33816,0.1263
33817,0.1081
33818,0.098
33819,0.8948
33820,0.7397
33821,0.5706
33822,0.0631
33823,0.0216
33824,0.4834
33825,0.0873
33826,0.2834
33827,0.0438
33828,0.1097
33829,0.0102
33830,0.1071
33831,0.0859
33832,0.1168
33833,0.1681
33834,0.4411
33835,0.4835
33836,0.1227
33837,0.1054
33838,0.0563
33839,0.034
33840,0.0804
33841,0.0444
33842,0.0276
33843,0.0188
33844,0.1179
33845,0.1736
33846,0.055
33847,0.1062
33848,0.0321
33849,0.8898
33850,0.9543
33851,0.9924
33852,0.0884
33853,0.0552
33854,0.2294
33855,0.4717
33856,0.0205
33857,0.0104
33858,0.0108
33859,0.0723
33860,0.0333
33861,0.4665
33862,0.9468
33863,0.0427
33864,0.0842
33865,0.0609
33866,0.1223
33867,0.0546
33868,0.1917
33869,0.2461
33870,0.0381
33871,0.0883
33872,0.0934
33873,0.1012
33874,0.0445
33875,0.0209
33876,0.4556
33877,0.4281
33878,0.2327
33879,0.0786
33880,0.0209
33881,0.0997
33882,0.0708
33883,0.1751
33884,0.0262
33885,0.0383
33886,0.0225
33887,0.0166
33888,0.0248
33889,0.0323
33890,0.3568
33891,0.3891
33892,0.148
33893,0.2317
33894,0.0956
33895,0.1299
33896,0.1124
33897,0.4689
33898,0.0475
33899,0.0263
33900,0.0286
33901,0.0257
33902,0.1266
33903,0.1427
33904,0.1124
33905,0.4368
33906,0.2568
33907,0.1204
33908,0.9199
33909,0.1117
33910,0.0107
33911,0.2364
33912,0.2412
33913,0.0178
33914,0.0305
33915,0.2932
33916,0.0311
33917,0.0163
33918,0.0177
33919,0.0337
33920,0.083
33921,0.4538
33922,0.4557
33923,0.2623
33924,0.4071
33925,0.1131
33926,0.1175
33927,0.4731
33928,0.0075
33929,0.0167
33930,0.1575
33931,0.0779
33932,0.0449
33933,0.4354
33934,0.2634
33935,0.0406
33936,0.4541
33937,0.2683
33938,0.0799
33939,0.1164
33940,0.1012
33941,0.0468
33942,0.0099
33943,0.0186
33944,0.041
33945,0.0608
33946,0.0586
33947,0.083
33948,0.4715
33949,0.6445
33950,0.4268
33951,0.2308
33952,0.376
33953,0.1003
33954,0.065
33955,0.0685
33956,0.1361
33957,0.2546
33958,0.0687
33959,0.0191
33960,0.0668
33961,0.105
33962,0.0384
33963,0.0879
33964,0.0319
33965,0.02
33966,0.0109
33967,0.0085
33968,0.0225
33969,0.0533
33970,0.0389
33971,0.0504
33972,0.4522
33973,0.2186
33974,0.3205
33975,0.4826
33976,0.4327
33977,0.2485
33978,0.1228
33979,0.0457
33980,0.0193
33981,0.0341
33982,0.1096
33983,0.0282
33984,0.8608
33985,0.0529
33986,0.0149
33987,0.0638
33988,0.0427
33989,0.2197
33990,0.0321
33991,0.0426
33992,0.0184
33993,0.0348
33994,0.0091
33995,0.0253
33996,0.0518
33997,0.0663
33998,0.549
33999,0.4143
34000,0.3678
34001,0.9115
34002,0.3818
34003,0.4139
34004,0.1512
34005,0.0346
34006,0.034
34007,0.0293
34008,0.0473
34009,0.0458
34010,0.0287
34011,0.0635
34012,0.4471
34013,0.0848
34014,0.3521
34015,0.0296
34016,0.1133
34017,0.1139
34018,0.1225
34019,0.2415
34020,0.0412
34021,0.0193
34022,0.0297
34023,0.1295
34024,0.9838
34025,0.3708
34026,0.6306
34027,0.3641
34028,0.242
34029,0.1486
34030,0.2668
34031,0.0507
34032,0.0123
34033,0.0221
34034,0.0104
34035,0.0315
34036,0.0288
34037,0.1148
34038,0.1178
34039,0.0891
34040,0.2554
34041,0.0175
34042,0.0661
34043,0.2605
34044,0.0325
34045,0.0055
34046,0.005
34047,0.0755
34048,0.2177
34049,0.0212
34050,0.2828
34051,0.2119
34052,0.0569
34053,0.1124
34054,0.03
34055,0.1021
34056,0.0899
34057,0.0256
34058,0.1165
34059,0.1153
34060,0.0408
34061,0.0076
34062,0.2133
34063,0.012
34064,0.0814
34065,0.0204
34066,0.0874
34067,0.0262
34068,0.033
34069,0.0328
34070,0.1591
34071,0.2585
34072,0.6398
34073,0.1306
34074,0.0112
34075,0.0272
34076,0.0197
34077,0.0304
34078,0.0579
34079,0.0598
34080,0.1084
34081,0.0137
34082,0.0262
34083,0.0122
34084,0.0368
34085,0.017
34086,0.0058
34087,0.0223
34088,0.0674
34089,0.061
34090,0.4002
34091,0.0082
34092,0.0111
34093,0.0201
34094,0.0482
34095,0.0876
34096,0.4039
34097,0.1442
34098,0.2204
34099,0.0106
34100,0.0263
34101,0.0117
34102,0.0667
34103,0.1303
34104,0.0559
34105,0.0063
34106,0.0082
34107,0.0106
34108,0.0127
34109,0.27
34110,0.0232
34111,0.0169
34112,0.0168
34113,0.1045
34114,0.0355
34115,0.0284
34116,0.012
34117,0.0245
34118,0.0427
34119,0.3772
34120,0.0256
34121,0.0232
34122,0.0242
34123,0.0369
34124,0.0636
34125,0.2489
34126,0.0616
34127,0.2542
34128,0.0882
34129,0.0256
34130,0.0132
34131,0.0452
34132,0.0586
34133,0.0308
34134,0.3867
34135,0.1553
34136,0.0117
34137,0.046
34138,0.0372
34139,0.0089
34140,0.3805
34141,0.4057
34142,0.2025
34143,0.0985
34144,0.0092
34145,0.1015
34146,0.0579
34147,0.0511
34148,0.1172
34149,0.0895
34150,0.1075
34151,0.9767
34152,0.0203
34153,0.0709
34154,0.0139
34155,0.0821
34156,0.073
34157,0.0196
34158,0.1342
34159,0.4063
34160,0.061
34161,0.2284
34162,0.0257
34163,0.086
34164,0.0152
34165,0.0571
34166,0.0178
34167,0.0163
34168,0.043
34169,0.0635
34170,0.0222
34171,0.0195
34172,0.0666
34173,0.0181
34174,0.1544
34175,0.0326
34176,0.0475
34177,0.0149
34178,0.031
34179,0.0768
34180,0.0903
34181,0.0495
34182,0.92
34183,0.0552
34184,0.1084
34185,0.0426
34186,0.0337
34187,0.0294
34188,0.0277
34189,0.012
34190,0.409
34191,0.0146
34192,0.007
34193,0.0552
34194,0.2138
34195,0.0175
34196,0.1108
34197,0.0449
34198,0.0276
34199,0.0551
34200,0.2819
34201,0.0178
34202,0.02
34203,0.016
34204,0.007
34205,0.0358
34206,0.0062
34207,0.0249
34208,0.2702
34209,0.0501
34210,0.0185
34211,0.0734
34212,0.1407
34213,0.1066
34214,0.0743
34215,0.0685
34216,0.0235
34217,0.0606
34218,0.0148
34219,0.0599
34220,0.1719
34221,0.1309
34222,0.0078
34223,0.012
34224,0.0093
34225,0.0113
34226,0.0118
34227,0.0183
34228,0.0108
34229,0.0239
34230,0.0672
34231,0.054
34232,0.1019
34233,0.0118
34234,0.1124
34235,0.4095
34236,0.0118
34237,0.0064
34238,0.0158
34239,0.0214
34240,0.0067
34241,0.0135
34242,0.0316
34243,0.0123
34244,0.0151
34245,0.0072
34246,0.0774
34247,0.0191
34248,0.0507
34249,0.0089
34250,0.0476
34251,0.0151
34252,0.0059
34253,0.0035
34254,0.1238
34255,0.0224
34256,0.0399
34257,0.0278
34258,0.0874
34259,0.0127
34260,0.0123
34261,0.0146
34262,0.4046
34263,0.0684
34264,0.0673
34265,0.0596
34266,0.0115
34267,0.0702
34268,0.0219
34269,0.009
34270,0.0862
34271,0.0157
34272,0.1352
34273,0.2181
34274,0.0252
34275,0.0251
34276,0.0322
34277,0.0189
34278,0.022
34279,0.0097
34280,0.0255
34281,0.0111
34282,0.1017
34283,0.0715
34284,0.0068
34285,0.2772
34286,0.0156
34287,0.0188
34288,0.0018
34289,0.0024
34290,0.0474
34291,0.0189
34292,0.0295
34293,0.0109
34294,0.0353
34295,0.0096
34296,0.0175
34297,0.0309
34298,0.2637
34299,0.164
34300,0.0228
34301,0.1405
34302,0.0123
34303,0.0144
34304,0.0079
34305,0.0513
34306,0.0522
34307,0.0376
34308,0.0289
34309,0.0439
34310,0.0946
34311,0.0362
34312,0.352
34313,0.0423
34314,0.075
34315,0.035
34316,0.1445
34317,0.362
34318,0.0283
34319,0.27
34320,0.0839
34321,0.3937
34322,0.1011
34323,0.1417
34324,0.095
34325,0.0241
34326,0.1091
34327,0.3664
34328,0.7546
34329,0.2435
34330,0.0354
34331,0.0563
34332,0.2583
34333,0.0718
34334,0.0135
34335,0.0323
34336,0.0352
34337,0.019
34338,0.0122
34339,0.0999
34340,0.2539
34341,0.5193
34342,0.4545
34343,0.0375
34344,0.0977
34345,0.1304
34346,0.2607
34347,0.0603
34348,0.0363
34349,0.0915
34350,0.0803
34351,0.0345
34352,0.4844
34353,0.2869
34354,0.251
34355,0.6209
34356,0.13
34357,0.023
34358,0.5011
34359,0.0792
34360,0.2044
34361,0.0696
34362,0.0566
34363,0.034
34364,0.0912
34365,0.1022
34366,0.1255
34367,0.058
34368,0.0358
34369,0.0404
34370,0.0992
34371,0.256
34372,0.0567
34373,0.0706
34374,0.083
34375,0.1022
34376,0.0466
34377,0.0413
34378,0.0272
34379,0.0603
34380,0.1576
34381,0.0526
34382,0.1726
34383,0.0175
34384,0.0529
34385,0.0477
34386,0.0179
34387,0.0145
34388,0.4815
34389,0.1229
34390,0.2432
34391,0.4418
34392,0.5219
34393,0.0942
34394,0.0642
34395,0.0185
34396,0.0252
34397,0.0376
34398,0.0149
34399,0.0668
34400,0.0774
34401,0.0916
34402,0.1748
34403,0.4684
34404,0.0197
34405,0.245
34406,0.0511
34407,0.0275
34408,0.0236
34409,0.2831
34410,0.0182
34411,0.0492
34412,0.0647
34413,0.0281
34414,0.3843
34415,0.4239
34416,0.1267
34417,0.0226
34418,0.026
34419,0.0553
34420,0.0712
34421,0.1292
34422,0.1754
34423,0.1051
34424,0.0957
34425,0.0648
34426,0.0101
34427,0.0075
34428,0.0312
34429,0.0276
34430,0.0255
34431,0.0307
34432,0.1167
34433,0.0587
34434,0.2188
34435,0.014
34436,0.0283
34437,0.0228
34438,0.018
34439,0.0159
34440,0.023
34441,0.0506
34442,0.0246
34443,0.0601
34444,0.4678
34445,0.3973
34446,0.0487
34447,0.0375
34448,0.0284
34449,0.1244
34450,0.0721
34451,0.0628
34452,0.0149
34453,0.0179
34454,0.0334
34455,0.1481
34456,0.0234
34457,0.0268
34458,0.0063
34459,0.058
34460,0.0563
34461,0.2057
34462,0.1943
34463,0.3583
34464,0.0537
34465,0.0377
34466,0.0195
34467,0.052
34468,0.0494
34469,0.2448
34470,0.0637
34471,0.4055
34472,0.1075
34473,0.0204
34474,0.1041
34475,0.0556
34476,0.0607
34477,0.0205
34478,0.0075
34479,0.013
34480,0.0566
34481,0.0138
34482,0.0232
34483,0.0189
34484,0.0283
34485,0.081
34486,0.0611
34487,0.0574
34488,0.0896
34489,0.2164
34490,0.4168
34491,0.0678
34492,0.0225
34493,0.0666
34494,0.0119
34495,0.0366
34496,0.0032
34497,0.0205
34498,0.103
34499,0.0514
34500,0.1154
34501,0.042
34502,0.1092
34503,0.0443
34504,0.0425
34505,0.021
34506,0.0106
34507,0.1474
34508,0.0274
34509,0.0772
34510,0.0257
34511,0.0163
34512,0.025
34513,0.0417
34514,0.0658
34515,0.0606
34516,0.0998
34517,0.0861
34518,0.3821
34519,0.2292
34520,0.2129
34521,0.0076
34522,0.0818
34523,0.0078
34524,0.0497
34525,0.037
34526,0.0907
34527,0.0594
34528,0.0342
34529,0.0556
34530,0.0681
34531,0.064
34532,0.0323
34533,0.0233
34534,0.0855
34535,0.0165
34536,0.0382
34537,0.1535
34538,0.0595
34539,0.1061
34540,0.4652
34541,0.0932
34542,0.0874
34543,0.0586
34544,0.063
34545,0.0593
34546,0.0917
34547,0.0533
34548,0.0078
34549,0.2479
34550,0.0534
34551,0.0706
34552,0.0635
34553,0.06
34554,0.0218
34555,0.0207
34556,0.0223
34557,0.0437
34558,0.4267
34559,0.0562
34560,0.0462
34561,0.0663
34562,0.7027
34563,0.0755
34564,0.0132
34565,0.0892
34566,0.0542
34567,0.163
34568,0.3878
34569,0.0553
34570,0.0164
34571,0.052
34572,0.0586
34573,0.0875
34574,0.1574
34575,0.0389
34576,0.1245
34577,0.0798
34578,0.0619
34579,0.0674
34580,0.0494
34581,0.0161
34582,0.0915
34583,0.1097
34584,0.2405
34585,0.0738
34586,0.0322
34587,0.0916
34588,0.151
34589,0.2504
34590,0.0607
34591,0.0495
34592,0.0246
34593,0.0074
34594,0.0653
34595,0.4234
34596,0.0492
34597,0.1299
34598,0.4058
34599,0.2279
34600,0.0143
34601,0.0161
34602,0.0058
34603,0.0349
34604,0.0464
34605,0.4931
34606,0.4533
34607,0.0539
34608,0.0681
34609,0.2222
34610,0.1215
34611,0.1044
34612,0.1627
34613,0.2434
34614,0.0796
34615,0.0463
34616,0.0884
34617,0.0474
34618,0.2491
34619,0.8271
34620,0.0395
34621,0.4644
34622,0.0125
34623,0.0531
34624,0.239
34625,0.0136
34626,0.015
34627,0.0426
34628,0.0581
34629,0.0135
34630,0.0418
34631,0.4667
34632,0.0368
34633,0.0529
34634,0.2565
34635,0.1095
34636,0.2498
34637,0.4111
34638,0.3857
34639,0.2839
34640,0.0857
34641,0.1144
34642,0.9182
34643,0.4358
34644,0.4044
34645,0.0195
34646,0.1071
34647,0.0642
34648,0.0328
34649,0.0229
34650,0.0499
34651,0.0065
34652,0.01
34653,0.0291
34654,0.0551
34655,0.0627
34656,0.0589
34657,0.0825
34658,0.0756
34659,0.1286
34660,0.2232
34661,0.0221
34662,0.0954
34663,0.4088
34664,0.0213
34665,0.046
34666,0.9985
34667,0.8678
34668,0.6497
34669,0.1046
34670,0.4457
34671,0.0869
34672,0.0174
34673,0.0651
34674,0.0079
34675,0.0386
34676,0.0427
34677,0.0403
34678,0.0093
34679,0.3989
34680,0.0134
34681,0.0188
34682,0.0715
34683,0.0776
34684,0.048
34685,0.0408
34686,0.2282
34687,0.087
34688,0.0204
34689,0.119
34690,0.1104
34691,0.1031
34692,0.9038
34693,0.7307
34694,0.5872
34695,0.0099
34696,0.0145
34697,0.0595
34698,0.0224
34699,0.0082
34700,0.4965
34701,0.0912
34702,0.2835
34703,0.039
34704,0.1058
34705,0.1101
34706,0.0865
34707,0.1109
34708,0.1698
34709,0.4149
34710,0.4565
34711,0.1073
34712,0.1057
34713,0.0557
34714,0.039
34715,0.0728
34716,0.0414
34717,0.0282
34718,0.0177
34719,0.1196
34720,0.1578
34721,0.0564
34722,0.1127
34723,0.0249
34724,0.8873
34725,0.9582
34726,1.0
34727,0.0895
34728,0.052
34729,0.2066
34730,0.0132
34731,0.4269
34732,0.0207
34733,0.0114
34734,0.014
34735,0.0227
34736,0.0681
34737,0.0325
34738,0.4093
34739,0.9503
34740,0.042
34741,0.0796
34742,0.0586
34743,0.1092
34744,0.0488
34745,0.2366
34746,0.0992
34747,0.0852
34748,0.0996
34749,0.1051
34750,0.0467
34751,0.0197
34752,0.4558
34753,0.4388
34754,0.231
34755,0.0684
34756,0.0262
34757,0.0802
34758,0.0747
34759,0.2754
34760,0.0276
34761,0.037
34762,0.0215
34763,0.0147
34764,0.0227
34765,0.0327
34766,0.3774
34767,0.4035
34768,0.2332
34769,0.2414
34770,0.0907
34771,0.2182
34772,0.1153
34773,0.4561
34774,0.0481
34775,0.0244
34776,0.0249
34777,0.0276
34778,0.136
34779,0.2344
34780,0.2005
34781,0.4511
34782,0.2674
34783,0.1335
34784,0.9178
34785,0.1942
34786,0.0097
34787,0.2349
34788,0.1558
34789,0.0186
34790,0.0331
34791,0.2508
34792,0.0378
34793,0.0203
34794,0.0184
34795,0.034
34796,0.0745
34797,0.4223
34798,0.465
34799,0.2362
34800,0.2444
34801,0.1091
34802,0.1118
34803,0.4273
34804,0.0169
34805,0.1524
34806,0.0718
34807,0.0533
34808,0.4502
34809,0.3852
34810,0.0443
34811,0.4323
34812,0.3681
34813,0.0042
34814,0.0789
34815,0.1091
34816,0.1001
34817,0.0393
34818,0.0112
34819,0.0029
34820,0.0078
34821,0.0195
34822,0.0386
34823,0.0586
34824,0.0603
34825,0.1783
34826,0.4378
34827,0.6571
34828,0.4026
34829,0.224
34830,0.3574
34831,0.1012
34832,0.0145
34833,0.0703
34834,0.0764
34835,0.2225
34836,0.1999
34837,0.0663
34838,0.0199
34839,0.0715
34840,0.106
34841,0.0372
34842,0.0872
34843,0.0325
34844,0.023
34845,0.058
34846,0.0434
34847,0.0498
34848,0.4259
34849,0.2186
34850,0.3183
34851,0.472
34852,0.4263
34853,0.2528
34854,0.1132
34855,0.0457
34856,0.0193
34857,0.0382
34858,0.1076
34859,0.027
34860,0.8568
34861,0.0505
34862,0.0159
34863,0.067
34864,0.0489
34865,0.3567
34866,0.0264
34867,0.0452
34868,0.0186
34869,0.0365
34870,0.0203
34871,0.0636
34872,0.0764
34873,0.567
34874,0.4223
34875,0.211
34876,0.9358
34877,0.4021
34878,0.4032
34879,0.1492
34880,0.0299
34881,0.0319
34882,0.0261
34883,0.0495
34884,0.0391
34885,0.0288
34886,0.063
34887,0.4256
34888,0.0883
34889,0.2565
34890,0.029
34891,0.1157
34892,0.216
34893,0.1944
34894,0.2461
34895,0.0425
34896,0.0166
34897,0.0327
34898,0.1054
34899,0.996
34900,0.3613
34901,0.6235
34902,0.3724
34903,0.4058
34904,0.1479
34905,0.1287
34906,0.0142
34907,0.0196
34908,0.0108
34909,0.0302
34910,0.0206
34911,0.1382
34912,0.1204
34913,0.0938
34914,0.261
34915,0.0192
34916,0.0569
34917,0.39
34918,0.0317
34919,0.0035
34920,0.0808
34921,0.2149
34922,0.0158
34923,0.1802
34924,0.1316
34925,0.0574
34926,0.1102
34927,0.0322
34928,0.0941
34929,0.0861
34930,0.0266
34931,0.1925
34932,0.111
34933,0.035
34934,0.0075
34935,0.2488
34936,0.0127
34937,0.0818
34938,0.0389
34939,0.0188
34940,0.0852
34941,0.0218
34942,0.0319
34943,0.0325
34944,0.1585
34945,0.263
34946,0.6609
34947,0.1347
34948,0.0095
34949,0.0294
34950,0.0188
34951,0.0297
34952,0.053
34953,0.0579
34954,0.1066
34955,0.0146
34956,0.0252
34957,0.0114
34958,0.0397
34959,0.0219
34960,0.0095
34961,0.0255
34962,0.0097
34963,0.0646
34964,0.0612
34965,0.3691
34966,0.0083
34967,0.0119
34968,0.0226
34969,0.0463
34970,0.0859
34971,0.3796
34972,0.1373
34973,0.245
34974,0.0283
34975,0.0673
34976,0.1401
34977,0.0533
34978,0.0068
34979,0.0104
34980,0.2676
34981,0.023
34982,0.0138
34983,0.0222
34984,0.0188
34985,0.0992
34986,0.0393
34987,0.0279
34988,0.0106
34989,0.0189
34990,0.0432
34991,0.3846
34992,0.0274
34993,0.0069
34994,0.0225
34995,0.0273
34996,0.0383
34997,0.064
34998,0.2456
34999,0.0687
35000,0.2331
35001,0.0975
35002,0.0236
35003,0.0215
35004,0.0428
35005,0.062
35006,0.0323
35007,0.3779
35008,0.0156
35009,0.2349
35010,0.0091
35011,0.0567
35012,0.035
35013,0.2705
35014,0.4253
35015,0.2291
35016,0.0997
35017,0.0122
35018,0.1047
35019,0.0511
35020,0.0542
35021,0.1111
35022,0.0844
35023,0.1036
35024,1.0
35025,0.0186
35026,0.069
35027,0.0736
35028,0.0767
35029,0.0165
35030,0.1405
35031,0.3897
35032,0.0599
35033,0.2168
35034,0.0291
35035,0.0836
35036,0.0147
35037,0.0584
35038,0.0261
35039,0.017
35040,0.0441
35041,0.0626
35042,0.0211
35043,0.0192
35044,0.069
35045,0.0206
35046,0.1534
35047,0.0467
35048,0.0136
35049,0.0286
35050,0.0923
35051,0.0886
35052,0.0548
35053,0.9097
35054,0.0527
35055,0.2278
35056,0.0499
35057,0.0354
35058,0.0314
35059,0.0269
35060,0.0081
35061,0.0122
35062,0.4358
35063,0.0157
35064,0.0042
35065,0.0065
35066,0.0137
35067,0.0535
35068,0.1201
35069,0.0201
35070,0.1117
35071,0.0335
35072,0.0256
35073,0.0542
35074,0.3901
35075,0.0204
35076,0.0199
35077,0.0072
35078,0.0085
35079,0.0389
35080,0.0035
35081,0.0292
35082,0.1315
35083,0.052
35084,0.0128
35085,0.0648
35086,0.1421
35087,0.1055
35088,0.0766
35089,0.0621
35090,0.0241
35091,0.0633
35092,0.0157
35093,0.0647
35094,0.1699
35095,0.1342
35096,0.0239
35097,0.01
35098,0.0088
35099,0.0114
35100,0.0059
35101,0.0111
35102,0.0141
35103,0.0198
35104,0.0111
35105,0.022
35106,0.0696
35107,0.0543
35108,0.0964
35109,0.01
35110,0.1962
35111,0.0123
35112,0.4123
35113,0.0117
35114,0.0211
35115,0.022
35116,0.0107
35117,0.0122
35118,0.0064
35119,0.0134
35120,0.0304
35121,0.0159
35122,0.0113
35123,0.0791
35124,0.0209
35125,0.0441
35126,0.0123
35127,0.0199
35128,0.0425
35129,0.0092
35130,0.007
35131,0.1179
35132,0.0233
35133,0.042
35134,0.0089
35135,0.0228
35136,0.0865
35137,0.0062
35138,0.0135
35139,0.0121
35140,0.0133
35141,0.2913
35142,0.0643
35143,0.0582
35144,0.0509
35145,0.0676
35146,0.0246
35147,0.0901
35148,0.0113
35149,0.1306
35150,0.163
35151,0.0157
35152,0.028
35153,0.0334
35154,0.0209
35155,0.0264
35156,0.0133
35157,0.1007
35158,0.0699
35159,0.1962
35160,0.0136
35161,0.0163
35162,0.0146
35163,0.046
35164,0.0162
35165,0.0133
35166,0.013
35167,0.0329
35168,0.0099
35169,0.0342
35170,0.265
35171,0.23
35172,0.0242
35173,0.1392
35174,0.0136
35175,0.0109
35176,0.0372
35177,0.0373
35178,0.0445
35179,0.058
35180,0.0293
35181,0.0314
35182,0.028
35183,0.0568
35184,0.0982
35185,0.042
35186,0.0409
35187,0.3908
35188,0.0511
35189,0.0685
35190,0.0485
35191,0.3483
35192,0.231
35193,0.0851
35194,0.029
35195,0.0154
35196,0.4389
35197,0.0697
35198,0.3716
35199,0.1011
35200,0.3657
35201,0.1073
35202,0.1026
35203,0.0171
35204,0.0077
35205,0.2506
35206,0.0271
35207,0.8227
35208,0.2782
35209,0.0482
35210,0.273
35211,0.067
35212,0.0116
35213,0.0269
35214,0.0373
35215,0.011
35216,0.0142
35217,0.1118
35218,0.3813
35219,0.5452
35220,0.4885
35221,0.0475
35222,0.1006
35223,0.0225
35224,0.2328
35225,0.1524
35226,0.0063
35227,0.0246
35228,0.0494
35229,0.0381
35230,0.0824
35231,0.2471
35232,0.0369
35233,0.4529
35234,0.2435
35235,0.2521
35236,0.5422
35237,0.1238
35238,0.4635
35239,0.0212
35240,0.0914
35241,0.1763
35242,0.0487
35243,0.0538
35244,0.0354
35245,0.0981
35246,0.1052
35247,0.1215
35248,0.0606
35249,0.0255
35250,0.0423
35251,0.1074
35252,0.2797
35253,0.059
35254,0.0658
35255,0.0705
35256,0.0854
35257,0.0273
35258,0.0402
35259,0.065
35260,0.1599
35261,0.0586
35262,0.171
35263,0.0199
35264,0.0603
35265,0.0523
35266,0.0221
35267,0.0115
35268,0.0157
35269,0.4342
35270,0.1146
35271,0.2486
35272,0.4516
35273,0.445
35274,0.1038
35275,0.0757
35276,0.0253
35277,0.0158
35278,0.0377
35279,0.2185
35280,0.097
35281,0.1932
35282,0.4009
35283,0.2149
35284,0.0563
35285,0.0294
35286,0.0163
35287,0.3008
35288,0.0233
35289,0.0419
35290,0.0601
35291,0.3616
35292,0.4565
35293,0.1156
35294,0.0211
35295,0.0239
35296,0.0586
35297,0.0725
35298,0.0093
35299,0.0247
35300,0.0135
35301,0.1212
35302,0.1637
35303,0.1126
35304,0.1051
35305,0.0607
35306,0.0393
35307,0.0309
35308,0.0264
35309,0.0303
35310,0.1283
35311,0.0607
35312,0.078
35313,0.0166
35314,0.0332
35315,0.0261
35316,0.0169
35317,0.0188
35318,0.0158
35319,0.0504
35320,0.0234
35321,0.063
35322,0.4308
35323,0.4052
35324,0.0451
35325,0.0345
35326,0.0303
35327,0.1125
35328,0.0734
35329,0.0178
35330,0.0683
35331,0.0146
35332,0.0309
35333,0.2466
35334,0.0196
35335,0.0195
35336,0.0266
35337,0.0481
35338,0.0493
35339,0.2173
35340,0.2122
35341,0.3411
35342,0.0495
35343,0.0405
35344,0.0153
35345,0.0542
35346,0.0513
35347,0.0088
35348,0.2539
35349,0.0585
35350,0.4344
35351,0.1095
35352,0.0213
35353,0.0986
35354,0.0559
35355,0.061
35356,0.0201
35357,0.0091
35358,0.0556
35359,0.0182
35360,0.028
35361,0.0694
35362,0.0307
35363,0.062
35364,0.0456
35365,0.0731
35366,0.2305
35367,0.4418
35368,0.0517
35369,0.021
35370,0.0656
35371,0.0093
35372,0.0327
35373,0.0917
35374,0.0483
35375,0.0997
35376,0.0421
35377,0.0926
35378,0.0404
35379,0.0345
35380,0.0092
35381,0.0145
35382,0.1352
35383,0.0041
35384,0.0291
35385,0.0506
35386,0.0266
35387,0.0213
35388,0.0412
35389,0.0554
35390,0.0545
35391,0.0934
35392,0.0827
35393,0.4142
35394,0.2254
35395,0.2141
35396,0.0065
35397,0.0748
35398,0.044
35399,0.0416
35400,0.092
35401,0.0198
35402,0.0197
35403,0.0372
35404,0.0533
35405,0.0623
35406,0.0218
35407,0.0601
35408,0.0048
35409,0.0191
35410,0.0296
35411,0.0702
35412,0.0131
35413,0.0433
35414,0.1497
35415,0.0511
35416,0.097
35417,0.5043
35418,0.0766
35419,0.0787
35420,0.0544
35421,0.0628
35422,0.0572
35423,0.083
35424,0.0536
35425,0.2617
35426,0.0562
35427,0.0563
35428,0.0528
35429,0.0504
35430,0.0149
35431,0.0201
35432,0.0138
35433,0.0183
35434,0.0411
35435,0.2734
35436,0.0538
35437,0.0423
35438,0.057
35439,0.7147
35440,0.0724
35441,0.0129
35442,0.2064
35443,0.0443
35444,0.2554
35445,0.3033
35446,0.0605
35447,0.0548
35448,0.0588
35449,0.0783
35450,0.1584
35451,0.0382
35452,0.2368
35453,0.0619
35454,0.0628
35455,0.0131
35456,0.0175
35457,0.0528
35458,0.0517
35459,0.0164
35460,0.0827
35461,0.1127
35462,0.2388
35463,0.0664
35464,0.0253
35465,0.0846
35466,0.1333
35467,0.2701
35468,0.06
35469,0.0479
35470,0.0249
35471,0.0624
35472,0.437
35473,0.0456
35474,0.1261
35475,0.4633
35476,0.1442
35477,0.0069
35478,0.0134
35479,0.0128
35480,0.0333
35481,0.0423
35482,0.2792
35483,0.4541
35484,0.0493
35485,0.0525
35486,0.1078
35487,0.2056
35488,0.101
35489,0.1554
35490,0.4025
35491,0.0598
35492,0.003
35493,0.016
35494,0.0483
35495,0.0911
35496,0.0523
35497,0.189
35498,0.8318
35499,0.0375
35500,0.4328
35501,0.0125
35502,0.0501
35503,0.2556
35504,0.0387
35505,0.0629
35506,0.0146
35507,0.0362
35508,0.0051
35509,0.4595
35510,0.0373
35511,0.0571
35512,0.2322
35513,0.1052
35514,0.2502
35515,0.2573
35516,0.3881
35517,0.0149
35518,0.1663
35519,0.0845
35520,0.1037
35521,0.95
35522,0.3967
35523,0.3968
35524,0.0149
35525,0.1261
35526,0.0616
35527,0.0268
35528,0.0228
35529,0.0174
35530,0.0095
35531,0.0361
35532,0.0097
35533,0.011
35534,0.0309
35535,0.0474
35536,0.0628
35537,0.064
35538,0.0678
35539,0.0604
35540,0.2049
35541,0.091
35542,0.0155
35543,0.0933
35544,0.2677
35545,0.0199
35546,0.0445
35547,1.0
35548,0.8752
35549,0.577
35550,0.0017
35551,0.0228
35552,0.0139
35553,0.087
35554,0.3996
35555,0.0791
35556,0.0159
35557,0.0591
35558,0.034
35559,0.0394
35560,0.0355
35561,0.0078
35562,0.447
35563,0.015
35564,0.0178
35565,0.0528
35566,0.0612
35567,0.0465
35568,0.035
35569,0.2257
35570,0.071
35571,0.0186
35572,0.131
35573,0.0995
35574,0.0834
35575,0.9042
35576,0.7979
35577,0.4959
35578,0.0111
35579,0.0502
35580,0.0187
35581,0.0084
35582,0.4555
35583,0.0742
35584,0.2918
35585,0.0406
35586,0.1173
35587,0.0104
35588,0.0933
35589,0.0617
35590,0.0986
35591,0.1589
35592,0.4292
35593,0.5122
35594,0.1045
35595,0.0972
35596,0.0424
35597,0.0314
35598,0.0688
35599,0.0414
35600,0.0227
35601,0.0185
35602,0.1115
35603,0.1478
35604,0.0509
35605,0.1017
35606,0.0233
35607,0.9176
35608,0.9544
35609,0.9849
35610,0.0655
35611,0.0512
35612,0.2119
35613,0.4103
35614,0.0207
35615,0.0058
35616,0.0107
35617,0.0112
35618,0.022
35619,0.0528
35620,0.0292
35621,0.4508
35622,0.9585
35623,0.0451
35624,0.0721
35625,0.0523
35626,0.0998
35627,0.0414
35628,0.2076
35629,0.0839
35630,0.0407
35631,0.0805
35632,0.1004
35633,0.1055
35634,0.0428
35635,0.021
35636,0.2721
35637,0.4162
35638,0.1193
35639,0.0729
35640,0.067
35641,0.1708
35642,0.0214
35643,0.0384
35644,0.0151
35645,0.0119
35646,0.0202
35647,0.0324
35648,0.2415
35649,0.3875
35650,0.2372
35651,0.1224
35652,0.1014
35653,0.1184
35654,0.1114
35655,0.4836
35656,0.0447
35657,0.0257
35658,0.0315
35659,0.0224
35660,0.1457
35661,0.1372
35662,0.2182
35663,0.4414
35664,0.3935
35665,0.1183
35666,0.929
35667,0.2097
35668,0.0092
35669,0.1039
35670,0.1621
35671,0.0168
35672,0.0282
35673,0.4179
35674,0.0361
35675,0.0185
35676,0.0162
35677,0.034
35678,0.0794
35679,0.4504
35680,0.4296
35681,0.485
35682,0.4015
35683,0.1104
35684,0.1106
35685,0.4153
35686,0.0143
35687,0.1625
35688,0.0566
35689,0.048
35690,0.4279
35691,0.264
35692,0.0319
35693,0.4507
35694,0.3855
35695,0.0
35696,0.0576
35697,0.0936
35698,0.0822
35699,0.0396
35700,0.008
35701,0.0159
35702,0.0295
35703,0.059
35704,0.0542
35705,0.0733
35706,0.4129
35707,0.6111
35708,0.4155
35709,0.231
35710,0.3906
35711,0.0915
35712,0.0624
35713,0.0669
35714,0.209
35715,0.1795
35716,0.0684
35717,0.0162
35718,0.0466
35719,0.0939
35720,0.0073
35721,0.0271
35722,0.0711
35723,0.0189
35724,0.0079
35725,0.0305
35726,0.008
35727,0.0226
35728,0.0487
35729,0.0415
35730,0.0433
35731,0.4249
35732,0.2327
35733,0.2661
35734,0.4826
35735,0.4459
35736,0.2591
35737,0.1138
35738,0.0437
35739,0.0234
35740,0.0403
35741,0.1056
35742,0.0114
35743,0.023
35744,0.8764
35745,0.0585
35746,0.0184
35747,0.0689
35748,0.0477
35749,0.2429
35750,0.0266
35751,0.0399
35752,0.0154
35753,0.0356
35754,0.0211
35755,0.0642
35756,0.0604
35757,0.6022
35758,0.407
35759,0.2372
35760,0.9334
35761,0.3721
35762,0.3952
35763,0.1644
35764,0.0348
35765,0.0323
35766,0.0287
35767,0.0528
35768,0.0426
35769,0.027
35770,0.2072
35771,0.4059
35772,0.0793
35773,0.2539
35774,0.0249
35775,0.1103
35776,0.1105
35777,0.1145
35778,0.2516
35779,0.0486
35780,0.0057
35781,0.0164
35782,0.0049
35783,0.0345
35784,0.1015
35785,1.0
35786,0.3878
35787,0.6594
35788,0.3766
35789,0.3978
35790,0.1314
35791,0.1129
35792,0.0508
35793,0.023
35794,0.0118
35795,0.0279
35796,0.0206
35797,0.1019
35798,0.1085
35799,0.0686
35800,0.2684
35801,0.0167
35802,0.0594
35803,0.415
35804,0.0359
35805,0.0064
35806,0.0823
35807,0.2416
35808,0.0163
35809,0.2126
35810,0.1055
35811,0.0515
35812,0.1094
35813,0.0282
35814,0.0895
35815,0.0828
35816,0.0272
35817,0.1077
35818,0.0026
35819,0.1112
35820,0.0367
35821,0.0135
35822,0.2122
35823,0.0143
35824,0.0101
35825,0.087
35826,0.0217
35827,0.0821
35828,0.0233
35829,0.0291
35830,0.0322
35831,0.1518
35832,0.2441
35833,0.6758
35834,0.1325
35835,0.0121
35836,0.0113
35837,0.0322
35838,0.0199
35839,0.0273
35840,0.0636
35841,0.0557
35842,0.2056
35843,0.0136
35844,0.0228
35845,0.03
35846,0.0142
35847,0.0239
35848,0.0584
35849,0.0575
35850,0.3769
35851,0.0103
35852,0.0204
35853,0.0531
35854,0.0769
35855,0.4065
35856,0.1427
35857,0.0158
35858,0.0179
35859,0.1925
35860,0.0253
35861,0.0611
35862,0.1347
35863,0.0549
35864,0.0072
35865,0.0143
35866,0.0119
35867,0.405
35868,0.0165
35869,0.0221
35870,0.0157
35871,0.0817
35872,0.03
35873,0.0261
35874,0.0134
35875,0.0191
35876,0.0392
35877,0.2737
35878,0.0298
35879,0.0261
35880,0.0317
35881,0.0391
35882,0.0651
35883,0.2633
35884,0.0508
35885,0.2471
35886,0.0914
35887,0.0204
35888,0.0152
35889,0.0445
35890,0.0639
35891,0.0281
35892,0.2798
35893,0.2677
35894,0.0103
35895,0.0464
35896,0.0334
35897,0.0088
35898,0.2831
35899,0.4685
35900,0.2244
35901,0.1024
35902,0.0905
35903,0.0618
35904,0.0497
35905,0.1036
35906,0.0859
35907,0.1107
35908,0.9946
35909,0.0734
35910,0.0718
35911,0.0707
35912,0.0198
35913,0.1525
35914,0.4229
35915,0.0533
35916,0.2484
35917,0.0312
35918,0.1014
35919,0.0124
35920,0.0495
35921,0.0178
35922,0.0174
35923,0.0431
35924,0.0693
35925,0.0251
35926,0.0769
35927,0.0159
35928,0.0234
35929,0.2526
35930,0.0382
35931,0.0485
35932,0.0199
35933,0.0291
35934,0.0693
35935,0.0917
35936,0.9205
35937,0.0564
35938,0.2538
35939,0.0644
35940,0.0612
35941,0.0272
35942,0.0203
35943,0.0149
35944,0.4378
35945,0.0156
35946,0.0077
35947,0.0091
35948,0.0248
35949,0.0111
35950,0.051
35951,0.1237
35952,0.0205
35953,0.1132
35954,0.0408
35955,0.0251
35956,0.0033
35957,0.0543
35958,0.4006
35959,0.0176
35960,0.0075
35961,0.0162
35962,0.0098
35963,0.0352
35964,0.0225
35965,0.1455
35966,0.0515
35967,0.0213
35968,0.0165
35969,0.0678
35970,0.1538
35971,0.0965
35972,0.0704
35973,0.0562
35974,0.0212
35975,0.0606
35976,0.0203
35977,0.0611
35978,0.183
35979,0.2648
35980,0.0037
35981,0.0107
35982,0.0148
35983,0.0073
35984,0.0152
35985,0.0113
35986,0.0165
35987,0.0094
35988,0.0166
35989,0.0222
35990,0.0289
35991,0.0724
35992,0.0733
35993,0.0815
35994,0.2152
35995,0.0157
35996,0.3044
35997,0.0225
35998,0.0122
35999,0.0158
36000,0.0198
36001,0.0188
36002,0.0372
36003,0.0205
36004,0.0105
36005,0.0843
36006,0.0209
36007,0.055
36008,0.0433
36009,0.0219
36010,0.008
36011,0.012
36012,0.1294
36013,0.0258
36014,0.0438
36015,0.0123
36016,0.0343
36017,0.019
36018,0.0928
36019,0.0133
36020,0.301
36021,0.0517
36022,0.0638
36023,0.0592
36024,0.0133
36025,0.0634
36026,0.0266
36027,0.0829
36028,0.0193
36029,0.1348
36030,0.1598
36031,0.0189
36032,0.0285
36033,0.0355
36034,0.0234
36035,0.0268
36036,0.0142
36037,0.1076
36038,0.0653
36039,0.2233
36040,0.0172
36041,0.0204
36042,0.0014
36043,0.0169
36044,0.0512
36045,0.0195
36046,0.0468
36047,0.0144
36048,0.0405
36049,0.2853
36050,0.2339
36051,0.0217
36052,0.128
36053,0.0194
36054,0.0207
36055,0.0462
36056,0.0404
36057,0.0459
36058,0.0655
36059,0.0335
36060,0.0448
36061,0.0308
36062,0.0471
36063,0.0886
36064,0.0275
36065,0.3474
36066,0.0465
36067,0.0596
36068,0.0387
36069,0.241
36070,0.3457
36071,0.0315
36072,0.0357
36073,0.0053
36074,0.3041
36075,0.0702
36076,0.3915
36077,0.0969
36078,0.1062
36079,0.1107
36080,0.104
36081,0.0273
36082,0.3557
36083,0.6857
36084,0.282
36085,0.0383
36086,0.0504
36087,0.3047
36088,0.0518
36089,0.0093
36090,0.0204
36091,0.023
36092,0.0164
36093,0.1021
36094,0.2837
36095,0.5745
36096,0.4965
36097,0.0371
36098,0.1001
36099,0.2397
36100,0.1858
36101,0.0245
36102,0.0447
36103,0.0358
36104,0.0849
36105,0.1031
36106,0.4475
36107,0.2606
36108,0.246
36109,0.5575
36110,0.1203
36111,0.023
36112,0.4473
36113,0.0209
36114,0.0878
36115,0.1547
36116,0.0542
36117,0.0653
36118,0.0385
36119,0.101
36120,0.1041
36121,0.1249
36122,0.0549
36123,0.0315
36124,0.0413
36125,0.0976
36126,0.3025
36127,0.0549
36128,0.0324
36129,0.0648
36130,0.0803
36131,0.086
36132,0.046
36133,0.0706
36134,0.0672
36135,0.1655
36136,0.0622
36137,0.1917
36138,0.0617
36139,0.0528
36140,0.0194
36141,0.4057
36142,0.2301
36143,0.0961
36144,0.4178
36145,0.437
36146,0.0974
36147,0.0633
36148,0.016
36149,0.0246
36150,0.0288
36151,0.0654
36152,0.0788
36153,0.0868
36154,0.304
36155,0.424
36156,0.2188
36157,0.0578
36158,0.0093
36159,0.0188
36160,0.0295
36161,0.2956
36162,0.0249
36163,0.0437
36164,0.0108
36165,0.0716
36166,0.025
36167,0.3507
36168,0.4603
36169,0.1263
36170,0.0196
36171,0.0287
36172,0.0492
36173,0.0664
36174,0.0227
36175,0.021
36176,0.0106
36177,0.1279
36178,0.1704
36179,0.1024
36180,0.1025
36181,0.065
36182,0.0355
36183,0.0263
36184,0.035
36185,0.0255
36186,0.1295
36187,0.0597
36188,0.0885
36189,0.022
36190,0.0311
36191,0.0223
36192,0.0166
36193,0.0141
36194,0.0162
36195,0.0515
36196,0.0281
36197,0.0686
36198,0.4489
36199,0.4049
36200,0.0499
36201,0.0386
36202,0.0277
36203,0.1145
36204,0.0687
36205,0.0169
36206,0.074
36207,0.0156
36208,0.0352
36209,0.2438
36210,0.023
36211,0.019
36212,0.0343
36213,0.0463
36214,0.0499
36215,0.2245
36216,0.2221
36217,0.2235
36218,0.0478
36219,0.0359
36220,0.0145
36221,0.0574
36222,0.0465
36223,0.2866
36224,0.0622
36225,0.4372
36226,0.1136
36227,0.093
36228,0.0581
36229,0.0207
36230,0.0552
36231,0.0212
36232,0.0249
36233,0.0694
36234,0.0305
36235,0.0584
36236,0.048
36237,0.0735
36238,0.2253
36239,0.3784
36240,0.0538
36241,0.0179
36242,0.0626
36243,0.0133
36244,0.0308
36245,0.1034
36246,0.051
36247,0.1108
36248,0.0428
36249,0.1062
36250,0.0348
36251,0.0346
36252,0.0097
36253,0.1335
36254,0.0121
36255,0.0266
36256,0.0611
36257,0.0372
36258,0.0217
36259,0.0294
36260,0.0556
36261,0.0543
36262,0.0909
36263,0.0851
36264,0.2546
36265,0.2287
36266,0.2389
36267,0.007
36268,0.0696
36269,0.0429
36270,0.0412
36271,0.0879
36272,0.0181
36273,0.0222
36274,0.068
36275,0.036
36276,0.0561
36277,0.0638
36278,0.061
36279,0.0715
36280,0.0129
36281,0.0383
36282,0.1582
36283,0.0511
36284,0.1971
36285,0.4913
36286,0.0853
36287,0.0822
36288,0.0525
36289,0.0671
36290,0.0534
36291,0.0887
36292,0.0547
36293,0.01
36294,0.0201
36295,0.2675
36296,0.0582
36297,0.0635
36298,0.0556
36299,0.0605
36300,0.0119
36301,0.0176
36302,0.0196
36303,0.0471
36304,0.4249
36305,0.0578
36306,0.0412
36307,0.0591
36308,0.7171
36309,0.0689
36310,0.0103
36311,0.0795
36312,0.0474
36313,0.2535
36314,0.376
36315,0.0579
36316,0.0173
36317,0.0599
36318,0.0572
36319,0.0749
36320,0.1462
36321,0.0398
36322,0.2453
36323,0.063
36324,0.0629
36325,0.0147
36326,0.0185
36327,0.0578
36328,0.0446
36329,0.0155
36330,0.075
36331,0.1048
36332,0.2287
36333,0.0688
36334,0.0305
36335,0.0777
36336,0.1328
36337,0.1803
36338,0.0573
36339,0.0537
36340,0.0267
36341,0.0587
36342,0.4967
36343,0.0476
36344,0.1337
36345,0.2663
36346,0.1445
36347,0.0077
36348,0.0123
36349,0.0065
36350,0.0354
36351,0.0398
36352,0.2641
36353,0.4166
36354,0.0496
36355,0.0586
36356,0.1104
36357,0.2053
36358,0.102
36359,0.161
36360,0.3988
36361,0.0686
36362,0.0535
36363,0.0881
36364,0.0521
36365,0.2579
36366,0.8315
36367,0.0343
36368,0.4074
36369,0.0126
36370,0.0478
36371,0.1914
36372,0.0371
36373,0.0446
36374,0.0126
36375,0.0375
36376,0.0062
36377,0.4852
36378,0.0351
36379,0.0522
36380,0.2542
36381,0.0973
36382,0.1756
36383,0.2596
36384,0.1829
36385,0.0206
36386,0.2896
36387,0.2188
36388,0.111
36389,0.9405
36390,0.4308
36391,0.3956
36392,0.0131
36393,0.2257
36394,0.0676
36395,0.0321
36396,0.0189
36397,0.0143
36398,0.0113
36399,0.0402
36400,0.0118
36401,0.0298
36402,0.0505
36403,0.0686
36404,0.0626
36405,0.0654
36406,0.0646
36407,0.1092
36408,0.0882
36409,0.0158
36410,0.0856
36411,0.2602
36412,0.0395
36413,1.0
36414,0.9038
36415,0.5734
36416,0.0021
36417,0.027
36418,0.0847
36419,0.4083
36420,0.0751
36421,0.0149
36422,0.0607
36423,0.0081
36424,0.0068
36425,0.0322
36426,0.044
36427,0.0381
36428,0.4182
36429,0.0135
36430,0.0167
36431,0.0601
36432,0.0662
36433,0.0426
36434,0.0331
36435,0.3593
36436,0.072
36437,0.1171
36438,0.1056
36439,0.0873
36440,0.8986
36441,0.8111
36442,0.5012
36443,0.0135
36444,0.0486
36445,0.0236
36446,0.0068
36447,0.4195
36448,0.0703
36449,0.2845
36450,0.0396
36451,0.1043
36452,0.0133
36453,0.0976
36454,0.0639
36455,0.1009
36456,0.145
36457,0.4146
36458,0.5124
36459,0.1027
36460,0.0929
36461,0.0415
36462,0.0281
36463,0.0675
36464,0.0411
36465,0.0228
36466,0.11
36467,0.149
36468,0.059
36469,0.1014
36470,0.026
36471,0.9125
36472,0.9313
36473,0.9815
36474,0.0742
36475,0.057
36476,0.2514
36477,0.4505
36478,0.0214
36479,0.0101
36480,0.0126
36481,0.0556
36482,0.0309
36483,0.4332
36484,0.961
36485,0.0391
36486,0.071
36487,0.0514
36488,0.0966
36489,0.0449
36490,0.2062
36491,0.084
36492,0.0406
36493,0.083
36494,0.1028
36495,0.0941
36496,0.0439
36497,0.4401
36498,0.4228
36499,0.1248
36500,0.0653
36501,0.0679
36502,0.0678
36503,0.186
36504,0.0195
36505,0.0337
36506,0.0198
36507,0.0105
36508,0.0239
36509,0.0326
36510,0.4212
36511,0.3962
36512,0.1446
36513,0.1248
36514,0.0982
36515,0.1165
36516,0.1158
36517,0.4868
36518,0.0432
36519,0.0307
36520,0.0262
36521,0.1362
36522,0.1348
36523,0.3944
36524,0.3123
36525,0.2591
36526,0.1027
36527,0.8982
36528,0.2229
36529,0.0108
36530,0.1042
36531,0.1651
36532,0.0169
36533,0.021
36534,0.382
36535,0.0279
36536,0.0181
36537,0.0166
36538,0.0348
36539,0.0813
36540,0.4186
36541,0.2364
36542,0.4569
36543,0.4005
36544,0.1021
36545,0.1072
36546,0.2501
36547,0.0184
36548,0.1546
36549,0.0706
36550,0.0512
36551,0.3997
36552,0.2714
36553,0.0336
36554,0.4597
36555,0.3608
36556,0.0
36557,0.0518
36558,0.0916
36559,0.0793
36560,0.0418
36561,0.0074
36562,0.0156
36563,0.0308
36564,0.0534
36565,0.0502
36566,0.0682
36567,0.4311
36568,0.6059
36569,0.3941
36570,0.2383
36571,0.4383
36572,0.0881
36573,0.0114
36574,0.0653
36575,0.0689
36576,0.22
36577,0.1912
36578,0.0577
36579,0.0188
36580,0.0518
36581,0.0947
36582,0.0073
36583,0.0355
36584,0.075
36585,0.008
36586,0.0281
36587,0.0084
36588,0.0236
36589,0.0515
36590,0.0371
36591,0.0405
36592,0.3985
36593,0.2303
36594,0.3607
36595,0.5208
36596,0.4371
36597,0.2524
36598,0.128
36599,0.0489
36600,0.0219
36601,0.0379
36602,0.1019
36603,0.012
36604,0.0264
36605,0.8714
36606,0.0558
36607,0.0161
36608,0.0527
36609,0.0478
36610,0.2427
36611,0.0291
36612,0.0409
36613,0.0168
36614,0.0343
36615,0.0124
36616,0.0129
36617,0.0213
36618,0.0666
36619,0.0595
36620,0.5704
36621,0.4068
36622,0.2333
36623,0.9135
36624,0.2516
36625,0.303
36626,0.15
36627,0.0352
36628,0.0357
36629,0.024
36630,0.0514
36631,0.0433
36632,0.0255
36633,0.0505
36634,0.3944
36635,0.0765
36636,0.4656
36637,0.0266
36638,0.111
36639,0.1096
36640,0.1218
36641,0.2248
36642,0.0452
36643,0.0157
36644,0.0061
36645,0.0398
36646,0.1075
36647,0.9777
36648,0.3664
36649,0.6827
36650,0.3603
36651,0.3822
36652,0.1296
36653,0.1145
36654,0.0466
36655,0.0227
36656,0.0303
36657,0.0217
36658,0.1052
36659,0.1006
36660,0.0737
36661,0.2724
36662,0.0198
36663,0.0558
36664,0.4037
36665,0.035
36666,0.0048
36667,0.0049
36668,0.0824
36669,0.2388
36670,0.0171
36671,0.1896
36672,0.1287
36673,0.0543
36674,0.1158
36675,0.0286
36676,0.0924
36677,0.0805
36678,0.0268
36679,0.1168
36680,0.0975
36681,0.0352
36682,0.1158
36683,0.0127
36684,0.0145
36685,0.2091
36686,0.0206
36687,0.0857
36688,0.0225
36689,0.0319
36690,0.0271
36691,0.1478
36692,0.2497
36693,0.6233
36694,0.1432
36695,0.0104
36696,0.0146
36697,0.0316
36698,0.018
36699,0.0265
36700,0.0584
36701,0.0547
36702,0.2037
36703,0.0132
36704,0.025
36705,0.0119
36706,0.0315
36707,0.0153
36708,0.0105
36709,0.0209
36710,0.0627
36711,0.0607
36712,0.3862
36713,0.0098
36714,0.016
36715,0.0189
36716,0.0526
36717,0.0864
36718,0.3728
36719,0.1372
36720,0.0198
36721,0.019
36722,0.2586
36723,0.0314
36724,0.0611
36725,0.1423
36726,0.0101
36727,0.3966
36728,0.0193
36729,0.0185
36730,0.0167
36731,0.089
36732,0.0294
36733,0.0273
36734,0.0109
36735,0.0195
36736,0.0457
36737,0.183
36738,0.0314
36739,0.0222
36740,0.0265
36741,0.0378
36742,0.0601
36743,0.2582
36744,0.0527
36745,0.2563
36746,0.0807
36747,0.0187
36748,0.045
36749,0.0649
36750,0.1343
36751,0.2708
36752,0.2625
36753,0.0088
36754,0.0474
36755,0.0356
36756,0.4115
36757,0.4509
36758,0.113
36759,0.1023
36760,0.0118
36761,0.0925
36762,0.0646
36763,0.0575
36764,0.0963
36765,0.0823
36766,0.1154
36767,0.9751
36768,0.0215
36769,0.0713
36770,0.0677
36771,0.067
36772,0.0201
36773,0.1568
36774,0.4046
36775,0.0553
36776,0.2581
36777,0.0266
36778,0.1031
36779,0.0129
36780,0.0453
36781,0.0189
36782,0.0161
36783,0.0413
36784,0.0674
36785,0.0233
36786,0.0239
36787,0.0746
36788,0.0231
36789,0.1787
36790,0.0464
36791,0.0169
36792,0.0262
36793,0.0649
36794,0.0876
36795,0.0221
36796,0.0272
36797,0.0487
36798,0.9392
36799,0.0496
36800,0.1201
36801,0.0647
36802,0.0343
36803,0.0279
36804,0.0242
36805,0.0112
36806,0.4449
36807,0.0125
36808,0.0121
36809,0.0096
36810,0.0069
36811,0.0596
36812,0.2506
36813,0.116
36814,0.0408
36815,0.0583
36816,0.2821
36817,0.0178
36818,0.0201
36819,0.0197
36820,0.0355
36821,0.0272
36822,0.2617
36823,0.0482
36824,0.0186
36825,0.0219
36826,0.0631
36827,0.1505
36828,0.0996
36829,0.074
36830,0.06
36831,0.0231
36832,0.0646
36833,0.0594
36834,0.1765
36835,0.2296
36836,0.0063
36837,0.022
36838,0.012
36839,0.0141
36840,0.0124
36841,0.0155
36842,0.0204
36843,0.0305
36844,0.0672
36845,0.0656
36846,0.0864
36847,0.0153
36848,0.2013
36849,0.0098
36850,0.2849
36851,0.0159
36852,0.0144
36853,0.0224
36854,0.0092
36855,0.0187
36856,0.0411
36857,0.0095
36858,0.0088
36859,0.0691
36860,0.0257
36861,0.0539
36862,0.013
36863,0.0391
36864,0.0177
36865,0.1278
36866,0.0221
36867,0.0459
36868,0.0119
36869,0.0404
36870,0.0107
36871,0.0241
36872,0.0999
36873,0.2997
36874,0.0504
36875,0.0673
36876,0.0545
36877,0.0646
36878,0.0293
36879,0.0849
36880,0.0165
36881,0.1397
36882,0.1627
36883,0.019
36884,0.0266
36885,0.0329
36886,0.0058
36887,0.0096
36888,0.0051
36889,0.0095
36890,0.0281
36891,0.0126
36892,0.1065
36893,0.0636
36894,0.0116
36895,0.2079
36896,0.0199
36897,0.0151
36898,0.0034
36899,0.0142
36900,0.0486
36901,0.0158
36902,0.0298
36903,0.0408
36904,0.0358
36905,0.1594
36906,0.3709
36907,0.0199
36908,0.248
36909,0.0169
36910,0.0461
36911,0.0258
36912,0.053
36913,0.0488
36914,0.0662
36915,0.0552
36916,0.0403
36917,0.06
36918,0.0857
36919,0.0477
36920,0.0396
36921,0.3728
36922,0.0517
36923,0.053
36924,0.0475
36925,0.2749
36926,0.2529
36927,0.0415
36928,0.0321
36929,0.008
36930,0.3806
36931,0.0704
36932,0.3616
36933,0.108
36934,0.1236
36935,0.1037
36936,0.1069
36937,0.0071
36938,0.0082
36939,0.3751
36940,0.0339
36941,0.7408
36942,0.3066
36943,0.0489
36944,0.2868
36945,0.0664
36946,0.0131
36947,0.0269
36948,0.0133
36949,0.1055
36950,0.2855
36951,0.6033
36952,0.5586
36953,0.0406
36954,0.1188
36955,0.1796
36956,0.0545
36957,0.0388
36958,0.084
36959,0.0986
36960,0.0386
36961,0.4576
36962,0.1461
36963,0.2519
36964,0.5228
36965,0.1201
36966,0.468
36967,0.0758
36968,0.1424
36969,0.059
36970,0.0506
36971,0.0253
36972,0.1011
36973,0.0298
36974,0.0981
36975,0.1162
36976,0.0538
36977,0.0272
36978,0.0321
36979,0.1142
36980,0.255
36981,0.0521
36982,0.0325
36983,0.0592
36984,0.0816
36985,0.0462
36986,0.0208
36987,0.0625
36988,0.1552
36989,0.0625
36990,0.3005
36991,0.0601
36992,0.0516
36993,0.0211
36994,0.0138
36995,0.4139
36996,0.2249
36997,0.0202
36998,0.0971
36999,0.4261
37000,0.4863
37001,0.01
37002,0.1076
37003,0.0675
37004,0.0148
37005,0.0344
37006,0.0307
37007,0.073
37008,0.0801
37009,0.0979
37010,0.2974
37011,0.3696
37012,0.1888
37013,0.059
37014,0.0341
37015,0.0324
37016,0.295
37017,0.0437
37018,0.0091
37019,0.0671
37020,0.257
37021,0.4572
37022,0.1264
37023,0.0199
37024,0.0273
37025,0.0523
37026,0.0732
37027,0.034
37028,0.0071
37029,0.1218
37030,0.1667
37031,0.0988
37032,0.1082
37033,0.0572
37034,0.0176
37035,0.0325
37036,0.0229
37037,0.0325
37038,0.0333
37039,0.2565
37040,0.0468
37041,0.104
37042,0.0174
37043,0.0355
37044,0.0222
37045,0.0149
37046,0.0169
37047,0.0467
37048,0.0278
37049,0.0661
37050,0.4665
37051,0.4007
37052,0.0462
37053,0.0366
37054,0.0314
37055,0.1145
37056,0.0755
37057,0.0228
37058,0.0698
37059,0.0212
37060,0.0131
37061,0.0291
37062,0.0131
37063,0.1699
37064,0.0209
37065,0.0271
37066,0.0306
37067,0.0431
37068,0.0471
37069,0.1122
37070,0.2078
37071,0.2395
37072,0.0483
37073,0.036
37074,0.0162
37075,0.0565
37076,0.0534
37077,0.251
37078,0.0586
37079,0.4454
37080,0.1153
37081,0.0912
37082,0.0636
37083,0.0575
37084,0.0165
37085,0.0087
37086,0.0597
37087,0.0134
37088,0.018
37089,0.0239
37090,0.0727
37091,0.0326
37092,0.0608
37093,0.048
37094,0.0777
37095,0.2186
37096,0.4131
37097,0.0515
37098,0.0205
37099,0.0649
37100,0.0311
37101,0.1025
37102,0.0541
37103,0.1067
37104,0.0418
37105,0.0995
37106,0.0391
37107,0.017
37108,0.0203
37109,0.136
37110,0.0659
37111,0.0279
37112,0.0275
37113,0.0302
37114,0.0588
37115,0.0571
37116,0.0918
37117,0.0696
37118,0.2575
37119,0.2348
37120,0.1311
37121,0.0086
37122,0.0755
37123,0.0041
37124,0.0435
37125,0.0396
37126,0.0916
37127,0.0194
37128,0.0627
37129,0.0412
37130,0.052
37131,0.0594
37132,0.0245
37133,0.0607
37134,0.0058
37135,0.0697
37136,0.0137
37137,0.0387
37138,0.154
37139,0.0521
37140,0.095
37141,0.4658
37142,0.0802
37143,0.0828
37144,0.053
37145,0.0674
37146,0.0586
37147,0.0867
37148,0.0564
37149,0.0059
37150,0.0125
37151,0.0188
37152,0.2199
37153,0.059
37154,0.0662
37155,0.054
37156,0.0512
37157,0.0163
37158,0.0281
37159,0.0166
37160,0.0422
37161,0.4056
37162,0.0502
37163,0.0354
37164,0.0598
37165,0.728
37166,0.075
37167,0.0842
37168,0.0506
37169,0.261
37170,0.3673
37171,0.0525
37172,0.0156
37173,0.0566
37174,0.0623
37175,0.0811
37176,0.1503
37177,0.0353
37178,0.2263
37179,0.0704
37180,0.0595
37181,0.0129
37182,0.0195
37183,0.0542
37184,0.043
37185,0.0166
37186,0.0806
37187,0.1102
37188,0.2401
37189,0.0633
37190,0.0278
37191,0.0898
37192,0.1422
37193,0.1808
37194,0.0569
37195,0.0513
37196,0.0215
37197,0.0601
37198,0.4744
37199,0.0469
37200,0.1223
37201,0.3677
37202,0.1443
37203,0.0122
37204,0.0127
37205,0.0081
37206,0.0308
37207,0.0406
37208,0.2814
37209,0.4586
37210,0.05
37211,0.0572
37212,0.1036
37213,0.113
37214,0.0979
37215,0.1674
37216,0.3987
37217,0.0674
37218,0.0202
37219,0.0546
37220,0.0904
37221,0.0524
37222,0.2593
37223,0.8264
37224,0.03
37225,0.4554
37226,0.0123
37227,0.048
37228,0.196
37229,0.0116
37230,0.0386
37231,0.0522
37232,0.0123
37233,0.0405
37234,0.4606
37235,0.0353
37236,0.051
37237,0.2437
37238,0.0996
37239,0.1727
37240,0.2634
37241,0.2729
37242,0.0191
37243,0.2769
37244,0.0905
37245,0.1011
37246,0.9457
37247,0.412
37248,0.3108
37249,0.0166
37250,0.1207
37251,0.0644
37252,0.0272
37253,0.0194
37254,0.0391
37255,0.0069
37256,0.0103
37257,0.0297
37258,0.0508
37259,0.0668
37260,0.0619
37261,0.0699
37262,0.0614
37263,0.1152
37264,0.0945
37265,0.0189
37266,0.0959
37267,0.2798
37268,0.0492
37269,1.0
37270,0.888
37271,0.5886
37272,0.0027
37273,0.0216
37274,0.016
37275,0.0848
37276,0.3956
37277,0.0773
37278,0.0617
37279,0.0133
37280,0.0069
37281,0.0422
37282,0.0369
37283,0.0452
37284,0.006
37285,0.427
37286,0.0128
37287,0.0171
37288,0.2176
37289,0.061
37290,0.0392
37291,0.0342
37292,0.2311
37293,0.0722
37294,0.1159
37295,0.1046
37296,0.0889
37297,0.9
37298,0.7778
37299,0.493
37300,0.0106
37301,0.0493
37302,0.0213
37303,0.0061
37304,0.4292
37305,0.0741
37306,0.2992
37307,0.0378
37308,0.1066
37309,0.0108
37310,0.0927
37311,0.0605
37312,0.1008
37313,0.1467
37314,0.3932
37315,0.521
37316,0.0968
37317,0.091
37318,0.04
37319,0.0283
37320,0.0702
37321,0.04
37322,0.0241
37323,0.1049
37324,0.1539
37325,0.0503
37326,0.1016
37327,0.0206
37328,0.8352
37329,0.9103
37330,0.9591
37331,0.0508
37332,0.3676
37333,0.4258
37334,0.02
37335,0.0086
37336,0.0102
37337,0.0146
37338,0.0242
37339,0.0507
37340,0.0283
37341,0.4477
37342,0.9254
37343,0.0415
37344,0.0731
37345,0.0539
37346,0.0989
37347,0.0376
37348,0.1202
37349,0.0803
37350,0.0405
37351,0.08
37352,0.0896
37353,0.1036
37354,0.046
37355,0.4369
37356,0.4337
37357,0.1184
37358,0.0217
37359,0.0776
37360,0.0627
37361,0.1649
37362,0.0237
37363,0.0342
37364,0.0167
37365,0.0111
37366,0.0135
37367,0.0245
37368,0.0344
37369,0.2504
37370,0.3886
37371,0.1469
37372,0.1326
37373,0.0877
37374,0.1108
37375,0.1082
37376,0.4506
37377,0.0455
37378,0.0227
37379,0.1451
37380,0.1351
37381,0.2167
37382,0.4135
37383,0.2592
37384,0.1083
37385,0.8987
37386,0.192
37387,0.0896
37388,0.1563
37389,0.0163
37390,0.0243
37391,0.4184
37392,0.0248
37393,0.0167
37394,0.0166
37395,0.032
37396,0.0703
37397,0.4413
37398,0.2454
37399,0.2681
37400,0.2283
37401,0.1011
37402,0.1066
37403,0.2373
37404,0.0064
37405,0.0167
37406,0.1473
37407,0.0709
37408,0.0522
37409,0.4439
37410,0.4349
37411,0.037
37412,0.4563
37413,0.2771
37414,0.0
37415,0.0625
37416,0.0923
37417,0.0805
37418,0.0047
37419,0.0298
37420,0.0538
37421,0.0492
37422,0.0776
37423,0.4707
37424,0.6444
37425,0.4076
37426,0.2354
37427,0.4041
37428,0.0939
37429,0.014
37430,0.0596
37431,0.0648
37432,0.1252
37433,0.2665
37434,0.0571
37435,0.0186
37436,0.0512
37437,0.0971
37438,0.0323
37439,0.0812
37440,0.0214
37441,0.0288
37442,0.0193
37443,0.0087
37444,0.0215
37445,0.0535
37446,0.0368
37447,0.0465
37448,0.3747
37449,0.1308
37450,0.3603
37451,0.5177
37452,0.4324
37453,0.2495
37454,0.1207
37455,0.0505
37456,0.0433
37457,0.0994
37458,0.0123
37459,0.0232
37460,0.8945
37461,0.0533
37462,0.0546
37463,0.055
37464,0.223
37465,0.0244
37466,0.0425
37467,0.0375
37468,0.0123
37469,0.0119
37470,0.0215
37471,0.057
37472,0.0532
37473,0.5696
37474,0.3867
37475,0.2493
37476,0.9046
37477,0.3962
37478,0.3224
37479,0.1613
37480,0.033
37481,0.0319
37482,0.0244
37483,0.0504
37484,0.0448
37485,0.0291
37486,0.0474
37487,0.403
37488,0.2102
37489,0.2639
37490,0.0261
37491,0.1082
37492,0.1059
37493,0.1183
37494,0.2375
37495,0.0511
37496,0.0167
37497,0.0329
37498,0.0972
37499,0.9964
37500,0.3741
37501,0.6641
37502,0.361
37503,0.2368
37504,0.1394
37505,0.1147
37506,0.0465
37507,0.011
37508,0.0225
37509,0.015
37510,0.0258
37511,0.1175
37512,0.1044
37513,0.0621
37514,0.1658
37515,0.0168
37516,0.056
37517,0.4016
37518,0.0351
37519,0.0058
37520,0.0837
37521,0.2425
37522,0.0158
37523,0.1023
37524,0.1165
37525,0.0534
37526,0.1145
37527,0.0854
37528,0.0809
37529,0.0253
37530,0.1829
37531,0.1174
37532,0.0336
37533,0.008
37534,0.1174
37535,0.0833
37536,0.0194
37537,0.0761
37538,0.0237
37539,0.0329
37540,0.03
37541,0.1269
37542,0.3461
37543,0.7069
37544,0.1317
37545,0.0095
37546,0.0089
37547,0.0191
37548,0.0276
37549,0.0608
37550,0.0159
37551,0.0504
37552,0.1288
37553,0.0136
37554,0.0233
37555,0.0114
37556,0.0072
37557,0.0246
37558,0.0607
37559,0.0564
37560,0.3754
37561,0.0093
37562,0.0134
37563,0.0206
37564,0.0585
37565,0.0775
37566,0.3921
37567,0.1403
37568,0.0134
37569,0.0147
37570,0.255
37571,0.0109
37572,0.0594
37573,0.2455
37574,0.0525
37575,0.009
37576,0.0115
37577,0.2746
37578,0.022
37579,0.0152
37580,0.077
37581,0.0311
37582,0.0257
37583,0.0165
37584,0.0422
37585,0.1495
37586,0.0312
37587,0.0284
37588,0.0251
37589,0.0355
37590,0.0614
37591,0.2693
37592,0.0483
37593,0.2572
37594,0.082
37595,0.0203
37596,0.0157
37597,0.0434
37598,0.0618
37599,0.0286
37600,0.3554
37601,0.2785
37602,0.0099
37603,0.0497
37604,0.0335
37605,0.0099
37606,0.3793
37607,0.4564
37608,0.105
37609,0.1055
37610,0.0974
37611,0.0625
37612,0.0542
37613,0.1002
37614,0.0813
37615,0.1179
37616,0.9918
37617,0.0709
37618,0.0128
37619,0.0669
37620,0.0709
37621,0.0285
37622,0.1488
37623,0.3993
37624,0.059
37625,0.2833
37626,0.0251
37627,0.0139
37628,0.1033
37629,0.0127
37630,0.0485
37631,0.0194
37632,0.023
37633,0.0441
37634,0.0641
37635,0.0248
37636,0.0838
37637,0.1858
37638,0.0357
37639,0.051
37640,0.0266
37641,0.0708
37642,0.0959
37643,0.0269
37644,0.029
37645,0.0566
37646,0.9298
37647,0.0563
37648,0.1137
37649,0.0694
37650,0.0355
37651,0.0235
37652,0.0204
37653,0.0075
37654,0.2628
37655,0.013
37656,0.0096
37657,0.0095
37658,0.0503
37659,0.3445
37660,0.0105
37661,0.1253
37662,0.0281
37663,0.0073
37664,0.0526
37665,0.2799
37666,0.0217
37667,0.0181
37668,0.018
37669,0.0302
37670,0.0241
37671,0.1413
37672,0.0497
37673,0.0157
37674,0.0691
37675,0.2201
37676,0.0959
37677,0.0769
37678,0.0511
37679,0.0239
37680,0.0617
37681,0.0647
37682,0.2601
37683,0.1336
37684,0.0047
37685,0.0236
37686,0.0113
37687,0.0119
37688,0.0133
37689,0.0152
37690,0.0296
37691,0.0655
37692,0.07
37693,0.0915
37694,0.1232
37695,0.0106
37696,0.4145
37697,0.0062
37698,0.022
37699,0.0187
37700,0.0112
37701,0.0157
37702,0.0197
37703,0.0055
37704,0.0167
37705,0.0372
37706,0.017
37707,0.0115
37708,0.0083
37709,0.0751
37710,0.0215
37711,0.0473
37712,0.0431
37713,0.0117
37714,0.0093
37715,0.1246
37716,0.0261
37717,0.0524
37718,0.0272
37719,0.0133
37720,0.0182
37721,0.0853
37722,0.3075
37723,0.0502
37724,0.0672
37725,0.0546
37726,0.0666
37727,0.0288
37728,0.0784
37729,0.0203
37730,0.1331
37731,0.1523
37732,0.0214
37733,0.0212
37734,0.0337
37735,0.0207
37736,0.0246
37737,0.0095
37738,0.0303
37739,0.1104
37740,0.068
37741,0.0074
37742,0.276
37743,0.0153
37744,0.0186
37745,0.0153
37746,0.0216
37747,0.0449
37748,0.0271
37749,0.04
37750,0.0192
37751,0.0198
37752,0.1656
37753,0.2525
37754,0.0197
37755,0.1331
37756,0.0147
37757,0.0248
37758,0.0548
37759,0.0387
37760,0.0549
37761,0.0309
37762,0.0274
37763,0.0508
37764,0.0308
37765,0.0558
37766,0.0864
37767,0.0271
37768,0.0285
37769,0.0242
37770,0.3889
37771,0.0348
37772,0.0495
37773,0.1504
37774,0.125
37775,0.0426
37776,0.0343
37777,0.2972
37778,0.0813
37779,0.3838
37780,0.0929
37781,0.1165
37782,0.1128
37783,0.1152
37784,0.1699
37785,0.0225
37786,0.7184
37787,0.1402
37788,0.0404
37789,0.2578
37790,0.0646
37791,0.0119
37792,0.0278
37793,0.0384
37794,0.1121
37795,0.1671
37796,0.5585
37797,0.4979
37798,0.0444
37799,0.1231
37800,0.1921
37801,0.0079
37802,0.0489
37803,0.0389
37804,0.087
37805,0.0095
37806,0.1143
37807,0.0373
37808,0.4694
37809,0.1401
37810,0.268
37811,0.5207
37812,0.2128
37813,0.0303
37814,0.4699
37815,0.021
37816,0.0806
37817,0.1423
37818,0.0537
37819,0.0573
37820,0.031
37821,0.1018
37822,0.0293
37823,0.0961
37824,0.1331
37825,0.0656
37826,0.1019
37827,0.4265
37828,0.0595
37829,0.0348
37830,0.0668
37831,0.075
37832,0.0813
37833,0.0432
37834,0.0258
37835,0.0624
37836,0.1576
37837,0.0566
37838,0.3025
37839,0.063
37840,0.0506
37841,0.0188
37842,0.436
37843,0.3468
37844,0.1075
37845,0.4123
37846,0.4335
37847,0.0032
37848,0.1096
37849,0.0669
37850,0.0404
37851,0.0627
37852,0.071
37853,0.1025
37854,0.1978
37855,0.4572
37856,0.1898
37857,0.0551
37858,0.0309
37859,0.0365
37860,0.3034
37861,0.0154
37862,0.052
37863,0.0147
37864,0.2086
37865,0.0528
37866,0.2704
37867,0.4884
37868,0.1185
37869,0.0269
37870,0.0552
37871,0.0732
37872,0.0261
37873,0.1193
37874,0.1791
37875,0.1049
37876,0.0974
37877,0.0597
37878,0.0346
37879,0.029
37880,0.0279
37881,0.0231
37882,0.2609
37883,0.0466
37884,0.093
37885,0.0181
37886,0.0283
37887,0.021
37888,0.0161
37889,0.0154
37890,0.0187
37891,0.0498
37892,0.0256
37893,0.0655
37894,0.4575
37895,0.4036
37896,0.0446
37897,0.036
37898,0.1115
37899,0.0677
37900,0.0114
37901,0.0717
37902,0.0192
37903,0.1664
37904,0.0226
37905,0.023
37906,0.0282
37907,0.0589
37908,0.0489
37909,0.1143
37910,0.1114
37911,0.2351
37912,0.0489
37913,0.0307
37914,0.0125
37915,0.0558
37916,0.0456
37917,0.0129
37918,0.2749
37919,0.0551
37920,0.4347
37921,0.1058
37922,0.0185
37923,0.0996
37924,0.0546
37925,0.0618
37926,0.0188
37927,0.0071
37928,0.0122
37929,0.0623
37930,0.0231
37931,0.0171
37932,0.0227
37933,0.0675
37934,0.031
37935,0.0578
37936,0.0524
37937,0.0773
37938,0.1173
37939,0.4172
37940,0.0553
37941,0.0186
37942,0.0654
37943,0.0137
37944,0.0385
37945,0.0016
37946,0.1021
37947,0.0471
37948,0.1022
37949,0.0392
37950,0.1055
37951,0.0355
37952,0.0305
37953,0.0226
37954,0.142
37955,0.0068
37956,0.0764
37957,0.0245
37958,0.0222
37959,0.031
37960,0.0544
37961,0.0619
37962,0.0916
37963,0.0863
37964,0.2638
37965,0.2284
37966,0.1297
37967,0.0073
37968,0.0762
37969,0.0046
37970,0.0503
37971,0.0383
37972,0.0849
37973,0.018
37974,0.0267
37975,0.0637
37976,0.0327
37977,0.051
37978,0.0588
37979,0.0191
37980,0.0608
37981,0.0061
37982,0.0709
37983,0.0148
37984,0.0385
37985,0.2491
37986,0.0519
37987,0.0952
37988,0.4812
37989,0.086
37990,0.0832
37991,0.0557
37992,0.0633
37993,0.0574
37994,0.085
37995,0.0506
37996,0.0079
37997,0.0173
37998,0.2705
37999,0.0499
38000,0.0555
38001,0.055
38002,0.05
38003,0.0184
38004,0.0175
38005,0.0165
38006,0.0168
38007,0.0435
38008,0.4164
38009,0.0525
38010,0.0422
38011,0.0591
38012,0.6713
38013,0.0732
38014,0.0121
38015,0.0816
38016,0.0479
38017,0.2546
38018,0.365
38019,0.0559
38020,0.0179
38021,0.0556
38022,0.0562
38023,0.0796
38024,0.1505
38025,0.0398
38026,0.1287
38027,0.0627
38028,0.0677
38029,0.0148
38030,0.0179
38031,0.0557
38032,0.0447
38033,0.0178
38034,0.0811
38035,0.1068
38036,0.2404
38037,0.0651
38038,0.0298
38039,0.0823
38040,0.1414
38041,0.2688
38042,0.0519
38043,0.0545
38044,0.0226
38045,0.0558
38046,0.4681
38047,0.051
38048,0.1437
38049,0.3774
38050,0.1596
38051,0.0136
38052,0.0171
38053,0.0066
38054,0.0302
38055,0.0396
38056,0.2857
38057,0.4142
38058,0.0445
38059,0.0533
38060,0.1087
38061,0.1068
38062,0.0992
38063,0.1648
38064,0.3949
38065,0.0689
38066,0.0553
38067,0.091
38068,0.0559
38069,0.191
38070,0.8025
38071,0.0355
38072,0.4286
38073,0.0446
38074,0.1908
38075,0.0123
38076,0.0411
38077,0.0501
38078,0.0128
38079,0.0418
38080,0.454
38081,0.0331
38082,0.052
38083,0.2448
38084,0.1051
38085,0.1775
38086,0.2575
38087,0.2618
38088,0.0197
38089,0.1662
38090,0.0875
38091,0.1101
38092,0.9496
38093,0.4271
38094,0.3235
38095,0.0163
38096,0.1285
38097,0.0663
38098,0.0111
38099,0.035
38100,0.0093
38101,0.016
38102,0.0296
38103,0.0501
38104,0.0611
38105,0.0573
38106,0.0673
38107,0.0639
38108,0.1078
38109,0.0889
38110,0.0165
38111,0.0867
38112,0.1597
38113,0.0187
38114,0.0447
38115,0.9942
38116,0.8966
38117,0.5661
38118,0.001
38119,0.0279
38120,0.0196
38121,0.0868
38122,0.3955
38123,0.0762
38124,0.063
38125,0.0097
38126,0.0064
38127,0.0358
38128,0.0316
38129,0.0381
38130,0.0079
38131,0.4082
38132,0.0107
38133,0.0194
38134,0.0584
38135,0.0631
38136,0.041
38137,0.0325
38138,0.2525
38139,0.0735
38140,0.1232
38141,0.1032
38142,0.0875
38143,0.9169
38144,0.8076
38145,0.5054
38146,0.0498
38147,0.0217
38148,0.4103
38149,0.0703
38150,0.2967
38151,0.0404
38152,0.1046
38153,0.0092
38154,0.0895
38155,0.0592
38156,0.0992
38157,0.162
38158,0.3962
38159,0.526
38160,0.1014
38161,0.0853
38162,0.04
38163,0.0285
38164,0.0635
38165,0.0424
38166,0.022
38167,0.0191
38168,0.1134
38169,0.1525
38170,0.0517
38171,0.103
38172,0.0271
38173,0.8674
38174,0.9001
38175,0.9524
38176,0.0508
38177,0.2254
38178,0.451
38179,0.0197
38180,0.0073
38181,0.0218
38182,0.0564
38183,0.0264
38184,0.4771
38185,0.9734
38186,0.0415
38187,0.0733
38188,0.051
38189,0.0991
38190,0.0436
38191,0.1188
38192,0.0842
38193,0.042
38194,0.0797
38195,0.0892
38196,0.0937
38197,0.0454
38198,0.0206
38199,0.3969
38200,0.2489
38201,0.1265
38202,0.0586
38203,0.0212
38204,0.0768
38205,0.0699
38206,0.1672
38207,0.024
38208,0.0323
38209,0.0144
38210,0.0085
38211,0.014
38212,0.0196
38213,0.0312
38214,0.2284
38215,0.3731
38216,0.1419
38217,0.2506
38218,0.0979
38219,0.1183
38220,0.1195
38221,0.4851
38222,0.0449
38223,0.0287
38224,0.1457
38225,0.1359
38226,0.4106
38227,0.4291
38228,0.2558
38229,0.1166
38230,0.9186
38231,0.1845
38232,0.1067
38233,0.2432
38234,0.0161
38235,0.0172
38236,0.4344
38237,0.0265
38238,0.0173
38239,0.0162
38240,0.0327
38241,0.0745
38242,0.4329
38243,0.2397
38244,0.4644
38245,0.2484
38246,0.0963
38247,0.1099
38248,0.2561
38249,0.0095
38250,0.1523
38251,0.0658
38252,0.0488
38253,0.3951
38254,0.2717
38255,0.0333
38256,0.427
38257,0.2776
38258,0.0564
38259,0.1036
38260,0.0769
38261,0.0412
38262,0.0177
38263,0.0325
38264,0.0562
38265,0.0491
38266,0.0813
38267,0.4565
38268,0.6126
38269,0.4066
38270,0.2361
38271,0.4063
38272,0.0946
38273,0.0129
38274,0.0614
38275,0.057
38276,0.1147
38277,0.2705
38278,0.0594
38279,0.0219
38280,0.0613
38281,0.095
38282,0.0091
38283,0.0348
38284,0.0768
38285,0.0212
38286,0.0107
38287,0.0441
38288,0.0088
38289,0.0194
38290,0.0474
38291,0.0385
38292,0.0467
38293,0.2365
38294,0.2349
38295,0.338
38296,0.4888
38297,0.4397
38298,0.2556
38299,0.1206
38300,0.0458
38301,0.0205
38302,0.0403
38303,0.1172
38304,0.0292
38305,0.8919
38306,0.0552
38307,0.0164
38308,0.0565
38309,0.0473
38310,0.3161
38311,0.0278
38312,0.0505
38313,0.018
38314,0.039
38315,0.009
38316,0.0227
38317,0.06
38318,0.0514
38319,0.5787
38320,0.384
38321,0.233
38322,0.9283
38323,0.3853
38324,0.3178
38325,0.1548
38326,0.0343
38327,0.031
38328,0.025
38329,0.0552
38330,0.0447
38331,0.0291
38332,0.0499
38333,0.3862
38334,0.2113
38335,0.2625
38336,0.029
38337,0.2614
38338,0.1223
38339,0.1162
38340,0.1579
38341,0.0386
38342,0.014
38343,0.0343
38344,0.1078
38345,0.9917
38346,0.3862
38347,0.6459
38348,0.3626
38349,0.2392
38350,0.138
38351,0.1134
38352,0.0115
38353,0.0215
38354,0.016
38355,0.0083
38356,0.1052
38357,0.1052
38358,0.0689
38359,0.2717
38360,0.0184
38361,0.0678
38362,0.2638
38363,0.0348
38364,0.0056
38365,0.0051
38366,0.0797
38367,0.2419
38368,0.0154
38369,0.1007
38370,0.1315
38371,0.052
38372,0.1105
38373,0.0286
38374,0.093
38375,0.0806
38376,0.0234
38377,0.2253
38378,0.1131
38379,0.036
38380,0.0053
38381,0.1272
38382,0.0133
38383,0.0938
38384,0.0346
38385,0.0231
38386,0.0861
38387,0.0233
38388,0.0292
38389,0.0293
38390,0.1604
38391,0.2476
38392,0.6356
38393,0.1469
38394,0.011
38395,0.0209
38396,0.0264
38397,0.0526
38398,0.0142
38399,0.0583
38400,0.1346
38401,0.0129
38402,0.025
38403,0.0155
38404,0.026
38405,0.0695
38406,0.0604
38407,0.3806
38408,0.0074
38409,0.0145
38410,0.022
38411,0.0522
38412,0.0761
38413,0.3801
38414,0.1493
38415,0.0147
38416,0.2545
38417,0.0602
38418,0.1329
38419,0.0519
38420,0.0115
38421,0.2778
38422,0.0193
38423,0.0873
38424,0.027
38425,0.0278
38426,0.014
38427,0.0185
38428,0.036
38429,0.2514
38430,0.0301
38431,0.0268
38432,0.0302
38433,0.0361
38434,0.0643
38435,0.2565
38436,0.0535
38437,0.1634
38438,0.0847
38439,0.0211
38440,0.0427
38441,0.0276
38442,0.4568
38443,0.3738
38444,0.011
38445,0.0444
38446,0.0319
38447,0.009
38448,0.3929
38449,0.4512
38450,0.1066
38451,0.1166
38452,0.0145
38453,0.095
38454,0.0606
38455,0.0472
38456,0.1053
38457,0.0835
38458,0.1202
38459,0.9899
38460,0.0768
38461,0.0159
38462,0.0642
38463,0.0782
38464,0.0182
38465,0.0281
38466,0.1554
38467,0.4451
38468,0.0564
38469,0.2357
38470,0.0291
38471,0.1075
38472,0.0024
38473,0.0142
38474,0.0453
38475,0.0197
38476,0.0153
38477,0.0438
38478,0.0704
38479,0.0271
38480,0.0763
38481,0.0155
38482,0.0194
38483,0.1842
38484,0.0356
38485,0.0446
38486,0.0701
38487,0.0966
38488,0.0265
38489,0.0466
38490,0.9068
38491,0.0531
38492,0.1187
38493,0.0656
38494,0.0344
38495,0.0283
38496,0.0224
38497,0.0052
38498,0.2684
38499,0.0175
38500,0.0095
38501,0.0222
38502,0.0554
38503,0.3488
38504,0.02
38505,0.1174
38506,0.0421
38507,0.0526
38508,0.3638
38509,0.0203
38510,0.0212
38511,0.0178
38512,0.0369
38513,0.0267
38514,0.1475
38515,0.0515
38516,0.0177
38517,0.0698
38518,0.2549
38519,0.1086
38520,0.0797
38521,0.056
38522,0.023
38523,0.0612
38524,0.0183
38525,0.0598
38526,0.154
38527,0.2291
38528,0.0049
38529,0.0263
38530,0.0119
38531,0.014
38532,0.0117
38533,0.0207
38534,0.0213
38535,0.0309
38536,0.0686
38537,0.0625
38538,0.0848
38539,0.1199
38540,0.29
38541,0.0222
38542,0.0102
38543,0.0142
38544,0.0206
38545,0.0071
38546,0.0114
38547,0.0767
38548,0.0224
38549,0.0604
38550,0.0451
38551,0.0175
38552,0.1196
38553,0.0263
38554,0.05
38555,0.0123
38556,0.0358
38557,0.0237
38558,0.0866
38559,0.3045
38560,0.0571
38561,0.0644
38562,0.0604
38563,0.0635
38564,0.0278
38565,0.0797
38566,0.0196
38567,0.1331
38568,0.1705
38569,0.0207
38570,0.0221
38571,0.0369
38572,0.0253
38573,0.0226
38574,0.0103
38575,0.0275
38576,0.1153
38577,0.0658
38578,0.036
38579,0.1902
38580,0.0206
38581,0.0468
38582,0.0305
38583,0.0418
38584,0.0365
38585,0.1643
38586,0.1695
38587,0.0228
38588,0.1286
38589,0.0124
38590,0.0174
38591,0.038
38592,0.0323
38593,0.0286
38594,0.0553
38595,0.0412
38596,0.0275
38597,0.0357
38598,0.0344
38599,0.0465
38600,0.0765
38601,0.0332
38602,0.0067
38603,0.3604
38604,0.047
38605,0.056
38606,0.2554
38607,0.2637
38608,0.0277
38609,0.0241
38610,0.2796
38611,0.0842
38612,0.4156
38613,0.0904
38614,0.2628
38615,0.0911
38616,0.0083
38617,0.0113
38618,0.0078
38619,0.1565
38620,0.8472
38621,0.2554
38622,0.0336
38623,0.369
38624,0.0642
38625,0.0236
38626,0.0131
38627,0.0982
38628,0.1399
38629,0.483
38630,0.4557
38631,0.0347
38632,0.0882
38633,0.237
38634,0.1854
38635,0.0294
38636,0.0199
38637,0.0695
38638,0.015
38639,0.11
38640,0.4642
38641,0.2388
38642,0.2555
38643,0.5292
38644,0.1261
38645,0.0246
38646,0.4306
38647,0.0718
38648,0.1145
38649,0.0304
38650,0.0359
38651,0.0317
38652,0.0833
38653,0.0999
38654,0.1
38655,0.0693
38656,0.0327
38657,0.0783
38658,0.432
38659,0.0452
38660,0.0616
38661,0.0608
38662,0.063
38663,0.0352
38664,0.0692
38665,0.1817
38666,0.2718
38667,0.0533
38668,0.1909
38669,0.0456
38670,0.0156
38671,0.4042
38672,0.1247
38673,0.0865
38674,0.3665
38675,0.4046
38676,0.0809
38677,0.0604
38678,0.0148
38679,0.0125
38680,0.0247
38681,0.074
38682,0.1008
38683,0.2944
38684,0.4119
38685,0.1927
38686,0.0516
38687,0.0086
38688,0.0305
38689,0.2731
38690,0.0151
38691,0.0394
38692,0.0736
38693,0.0479
38694,0.0276
38695,0.2725
38696,0.3804
38697,0.1168
38698,0.0259
38699,0.0521
38700,0.0576
38701,0.0069
38702,0.0175
38703,0.0235
38704,0.1021
38705,0.1489
38706,0.0849
38707,0.1049
38708,0.0489
38709,0.0361
38710,0.039
38711,0.2901
38712,0.0645
38713,0.0856
38714,0.019
38715,0.04
38716,0.0269
38717,0.0184
38718,0.0183
38719,0.0217
38720,0.0463
38721,0.0216
38722,0.052
38723,0.4546
38724,0.3883
38725,0.0363
38726,0.0225
38727,0.0204
38728,0.0848
38729,0.0543
38730,0.0558
38731,0.0153
38732,0.0264
38733,0.1853
38734,0.0306
38735,0.0248
38736,0.0331
38737,0.0507
38738,0.0514
38739,0.1127
38740,0.2543
38741,0.2306
38742,0.0503
38743,0.0382
38744,0.0171
38745,0.0511
38746,0.0422
38747,0.0099
38748,0.2449
38749,0.0446
38750,0.4465
38751,0.0786
38752,0.08
38753,0.0438
38754,0.0362
38755,0.0434
38756,0.0135
38757,0.0196
38758,0.0261
38759,0.0266
38760,0.0731
38761,0.0355
38762,0.0616
38763,0.0586
38764,0.0791
38765,0.1243
38766,0.447
38767,0.0568
38768,0.0218
38769,0.0649
38770,0.0109
38771,0.0316
38772,0.0932
38773,0.044
38774,0.0945
38775,0.0233
38776,0.0819
38777,0.0243
38778,0.0179
38779,0.0118
38780,0.1224
38781,0.0052
38782,0.0192
38783,0.0399
38784,0.0175
38785,0.027
38786,0.0354
38787,0.0581
38788,0.0578
38789,0.0836
38790,0.069
38791,0.161
38792,0.2529
38793,0.2477
38794,0.0086
38795,0.0725
38796,0.0443
38797,0.0337
38798,0.0688
38799,0.0475
38800,0.029
38801,0.0446
38802,0.0453
38803,0.0165
38804,0.0498
38805,0.0622
38806,0.0183
38807,0.0459
38808,0.2796
38809,0.0534
38810,0.099
38811,0.3467
38812,0.086
38813,0.078
38814,0.0532
38815,0.0654
38816,0.0553
38817,0.0872
38818,0.0443
38819,0.0047
38820,0.013
38821,0.2411
38822,0.0432
38823,0.056
38824,0.0459
38825,0.0505
38826,0.0117
38827,0.0122
38828,0.0487
38829,0.4901
38830,0.0598
38831,0.0441
38832,0.0664
38833,0.8632
38834,0.0725
38835,0.012
38836,0.0772
38837,0.0486
38838,0.1505
38839,0.3765
38840,0.0577
38841,0.0129
38842,0.0475
38843,0.0335
38844,0.0706
38845,0.1293
38846,0.032
38847,0.1146
38848,0.0518
38849,0.0602
38850,0.0131
38851,0.0233
38852,0.0587
38853,0.0488
38854,0.0187
38855,0.0748
38856,0.101
38857,0.2777
38858,0.0706
38859,0.033
38860,0.0733
38861,0.1262
38862,0.1652
38863,0.0566
38864,0.0451
38865,0.0202
38866,0.0085
38867,0.0522
38868,0.4403
38869,0.0428
38870,0.1457
38871,0.3786
38872,0.1235
38873,0.0136
38874,0.008
38875,0.0367
38876,0.0465
38877,0.428
38878,0.2956
38879,0.0536
38880,0.0567
38881,0.1072
38882,0.1079
38883,0.0967
38884,0.1486
38885,0.4105
38886,0.0665
38887,0.0336
38888,0.0836
38889,0.0409
38890,0.2274
38891,0.7822
38892,0.2512
38893,0.0101
38894,0.2038
38895,0.1719
38896,0.0095
38897,0.016
38898,0.0389
38899,0.0552
38900,0.0128
38901,0.0422
38902,0.5197
38903,0.0362
38904,0.0576
38905,0.2421
38906,0.0954
38907,0.1788
38908,0.442
38909,0.1656
38910,0.0153
38911,0.1526
38912,0.0779
38913,0.0815
38914,0.9299
38915,0.2811
38916,0.2781
38917,0.0141
38918,0.1237
38919,0.0581
38920,0.0193
38921,0.0089
38922,0.0451
38923,0.0087
38924,0.0138
38925,0.0408
38926,0.0576
38927,0.0628
38928,0.0514
38929,0.0646
38930,0.0549
38931,0.1171
38932,0.0777
38933,0.0679
38934,0.2447
38935,0.0155
38936,0.0246
38937,1.0
38938,0.9152
38939,0.5154
38940,0.0124
38941,0.0845
38942,0.4408
38943,0.0731
38944,0.0647
38945,0.0373
38946,0.0441
38947,0.0381
38948,0.0055
38949,0.4657
38950,0.0166
38951,0.0214
38952,0.0649
38953,0.0585
38954,0.0378
38955,0.0365
38956,0.2265
38957,0.0603
38958,0.095
38959,0.0835
38960,0.0844
38961,0.8868
38962,0.7953
38963,0.4681
38964,0.0429
38965,0.0189
38966,0.4712
38967,0.0633
38968,0.2793
38969,0.0421
38970,0.1221
38971,0.0158
38972,0.0784
38973,0.0626
38974,0.0886
38975,0.1514
38976,0.4107
38977,0.5194
38978,0.1043
38979,0.1018
38980,0.038
38981,0.0271
38982,0.0597
38983,0.0409
38984,0.0224
38985,0.1077
38986,0.1366
38987,0.0511
38988,0.0768
38989,0.0218
38990,0.8985
38991,0.9414
38992,0.9574
38993,0.0521
38994,0.0423
38995,0.2556
38996,0.0106
38997,0.4383
38998,0.0153
38999,0.0125
39000,0.022
39001,0.0482
39002,0.032
39003,0.4869
39004,0.9796
39005,0.0469
39006,0.0799
39007,0.0515
39008,0.0976
39009,0.0415
39010,0.2085
39011,0.0682
39012,0.0415
39013,0.0826
39014,0.0796
39015,0.0898
39016,0.0369
39017,0.0215
39018,0.2719
39019,0.2591
39020,0.0963
39021,0.062
39022,0.0645
39023,0.1462
39024,0.0189
39025,0.0275
39026,0.0158
39027,0.0275
39028,0.0343
39029,0.4267
39030,0.3933
39031,0.1393
39032,0.1026
39033,0.2427
39034,0.1031
39035,0.0902
39036,0.4761
39037,0.042
39038,0.0299
39039,0.0223
39040,0.1428
39041,0.1166
39042,0.4369
39043,0.3116
39044,0.1677
39045,0.0968
39046,0.911
39047,0.1112
39048,0.2175
39049,0.1342
39050,0.015
39051,0.014
39052,0.3194
39053,0.0316
39054,0.0177
39055,0.0159
39056,0.0328
39057,0.0804
39058,0.5162
39059,0.2554
39060,0.2739
39061,0.2471
39062,0.0958
39063,0.1141
39064,0.2373
39065,0.0158
39066,0.1267
39067,0.0729
39068,0.0471
39069,0.3991
39070,0.2456
39071,0.0239
39072,0.4421
39073,0.2708
39074,0.0724
39075,0.0865
39076,0.0796
39077,0.0296
39078,0.0185
39079,0.0351
39080,0.052
39081,0.0567
39082,0.0796
39083,0.5041
39084,0.6408
39085,0.452
39086,0.3602
39087,0.6136
39088,0.0808
39089,0.0105
39090,0.0551
39091,0.0752
39092,0.1223
39093,0.2733
39094,0.0638
39095,0.0153
39096,0.0425
39097,0.1041
39098,0.0258
39099,0.0772
39100,0.0204
39101,0.0275
39102,0.015
39103,0.0075
39104,0.0212
39105,0.0531
39106,0.0351
39107,0.0482
39108,0.4402
39109,0.2238
39110,0.3415
39111,0.4929
39112,0.4423
39113,0.2577
39114,0.1132
39115,0.0388
39116,0.0185
39117,0.0317
39118,0.0864
39119,0.0228
39120,0.8657
39121,0.0403
39122,0.0169
39123,0.0496
39124,0.0361
39125,0.3437
39126,0.0249
39127,0.0305
39128,0.0143
39129,0.0295
39130,0.0116
39131,0.0094
39132,0.0189
39133,0.0595
39134,0.0588
39135,0.5708
39136,0.44
39137,0.4225
39138,0.9099
39139,0.4165
39140,0.2846
39141,0.1386
39142,0.0277
39143,0.0209
39144,0.0401
39145,0.0362
39146,0.023
39147,0.046
39148,0.393
39149,0.0718
39150,0.259
39151,0.0245
39152,0.1149
39153,0.1024
39154,0.1106
39155,0.1314
39156,0.0352
39157,0.0175
39158,0.0049
39159,0.0314
39160,0.1118
39161,0.9584
39162,0.3908
39163,0.6774
39164,0.3886
39165,0.227
39166,0.1251
39167,0.0878
39168,0.0117
39169,0.0206
39170,0.0149
39171,0.0215
39172,0.0996
39173,0.0822
39174,0.0424
39175,0.175
39176,0.0148
39177,0.0571
39178,0.2571
39179,0.0332
39180,0.074
39181,0.2682
39182,0.0934
39183,0.112
39184,0.0516
39185,0.109
39186,0.0879
39187,0.0749
39188,0.0241
39189,0.0787
39190,0.0965
39191,0.0044
39192,0.0962
39193,0.0084
39194,0.0761
39195,0.0397
39196,0.0191
39197,0.0744
39198,0.0274
39199,0.0302
39200,0.0313
39201,0.1569
39202,0.2804
39203,0.6578
39204,0.1276
39205,0.0106
39206,0.0253
39207,0.013
39208,0.0276
39209,0.0433
39210,0.0431
39211,0.1171
39212,0.0203
39213,0.0253
39214,0.0085
39215,0.0081
39216,0.0185
39217,0.0514
39218,0.0502
39219,0.4722
39220,0.0074
39221,0.0143
39222,0.02
39223,0.0532
39224,0.0769
39225,0.4433
39226,0.1304
39227,0.0123
39228,0.2621
39229,0.0286
39230,0.0111
39231,0.0567
39232,0.1222
39233,0.0136
39234,0.2606
39235,0.0138
39236,0.0927
39237,0.036
39238,0.0298
39239,0.0113
39240,0.017
39241,0.0414
39242,0.4272
39243,0.031
39244,0.0181
39245,0.0213
39246,0.0354
39247,0.0536
39248,0.1772
39249,0.0433
39250,0.2442
39251,0.0698
39252,0.0181
39253,0.0367
39254,0.0473
39255,0.0271
39256,0.2707
39257,0.4059
39258,0.0409
39259,0.0376
39260,0.4469
39261,0.6049
39262,0.106
39263,0.1152
39264,0.0116
39265,0.0868
39266,0.0508
39267,0.0495
39268,0.1034
39269,0.0717
39270,0.1122
39271,0.9657
39272,0.0608
39273,0.0552
39274,0.0594
39275,0.0275
39276,0.1056
39277,0.4247
39278,0.0416
39279,0.1284
39280,0.0216
39281,0.0923
39282,0.0129
39283,0.0499
39284,0.02
39285,0.0032
39286,0.0168
39287,0.0464
39288,0.073
39289,0.0233
39290,0.0718
39291,0.0093
39292,0.0174
39293,0.2027
39294,0.0401
39295,0.0435
39296,0.0268
39297,0.0623
39298,0.0693
39299,0.0361
39300,0.8955
39301,0.04
39302,0.0921
39303,0.0394
39304,0.0301
39305,0.027
39306,0.022
39307,0.0051
39308,0.0123
39309,0.2473
39310,0.0188
39311,0.0069
39312,0.0078
39313,0.1174
39314,0.016
39315,0.0857
39316,0.0371
39317,0.0464
39318,0.3758
39319,0.0137
39320,0.0153
39321,0.0143
39322,0.0345
39323,0.0262
39324,0.1142
39325,0.0445
39326,0.0085
39327,0.0068
39328,0.0597
39329,0.2414
39330,0.0753
39331,0.0605
39332,0.0478
39333,0.0185
39334,0.0495
39335,0.0456
39336,0.2545
39337,0.1423
39338,0.0082
39339,0.0119
39340,0.008
39341,0.0074
39342,0.0102
39343,0.0107
39344,0.0153
39345,0.0256
39346,0.0561
39347,0.0438
39348,0.0709
39349,0.1014
39350,0.2647
39351,0.0172
39352,0.0164
39353,0.0103
39354,0.0161
39355,0.0154
39356,0.0123
39357,0.0272
39358,0.0129
39359,0.0081
39360,0.0058
39361,0.0621
39362,0.041
39363,0.0194
39364,0.0316
39365,0.113
39366,0.0362
39367,0.0245
39368,0.0116
39369,0.0677
39370,0.0124
39371,0.425
39372,0.0517
39373,0.0539
39374,0.0481
39375,0.0112
39376,0.0566
39377,0.0234
39378,0.0057
39379,0.0739
39380,0.0153
39381,0.1328
39382,0.1569
39383,0.0197
39384,0.0282
39385,0.0145
39386,0.0111
39387,0.0035
39388,0.0245
39389,0.0054
39390,0.0879
39391,0.0495
39392,0.2065
39393,0.0121
39394,0.013
39395,0.039
39396,0.0263
39397,0.0084
39398,0.0333
39399,0.0312
39400,0.2875
39401,0.2523
39402,0.0187
39403,0.1017
39404,0.0072
39405,0.013
39406,0.0384
39407,0.0324
39408,0.0483
39409,0.0323
39410,0.062
39411,0.0297
39412,0.0353
39413,0.0157
39414,0.0439
39415,0.092
39416,0.0243
39417,0.0304
39418,0.0214
39419,0.2753
39420,0.0427
39421,0.0503
39422,0.0392
39423,0.1454
39424,0.2387
39425,0.0267
39426,0.0236
39427,0.2854
39428,0.0637
39429,0.2478
39430,0.2662
39431,0.0878
39432,0.0205
39433,0.0069
39434,0.0134
39435,0.0112
39436,0.1542
39437,0.0299
39438,0.7746
39439,0.148
39440,0.0342
39441,0.2399
39442,0.0638
39443,0.0079
39444,0.0186
39445,0.1009
39446,0.1633
39447,0.474
39448,0.4963
39449,0.0362
39450,0.0937
39451,0.1135
39452,0.2581
39453,0.0063
39454,0.0314
39455,0.0273
39456,0.068
39457,0.0981
39458,0.4771
39459,0.1284
39460,0.234
39461,0.5236
39462,0.2262
39463,0.0258
39464,0.443
39465,0.0721
39466,0.1048
39467,0.0351
39468,0.0311
39469,0.0301
39470,0.0783
39471,0.1044
39472,0.1289
39473,0.0705
39474,0.0952
39475,0.4328
39476,0.0434
39477,0.0302
39478,0.0593
39479,0.0607
39480,0.0572
39481,0.0381
39482,0.0382
39483,0.0301
39484,0.0653
39485,0.157
39486,0.2102
39487,0.0436
39488,0.0151
39489,0.4505
39490,0.1255
39491,0.2209
39492,0.3873
39493,0.3757
39494,0.0076
39495,0.0779
39496,0.0605
39497,0.0085
39498,0.0315
39499,0.0676
39500,0.0724
39501,0.1045
39502,0.2021
39503,0.3845
39504,0.0211
39505,0.183
39506,0.05
39507,0.0279
39508,0.2759
39509,0.0418
39510,0.0743
39511,0.05
39512,0.1487
39513,0.3306
39514,0.1191
39515,0.0174
39516,0.0232
39517,0.0468
39518,0.0547
39519,0.0163
39520,0.0264
39521,0.0915
39522,0.154
39523,0.0903
39524,0.0999
39525,0.0564
39526,0.0297
39527,0.0375
39528,0.0335
39529,0.0355
39530,0.1366
39531,0.0602
39532,0.0904
39533,0.0159
39534,0.0404
39535,0.0245
39536,0.0156
39537,0.0209
39538,0.0532
39539,0.021
39540,0.0624
39541,0.432
39542,0.3841
39543,0.0387
39544,0.0271
39545,0.0873
39546,0.0541
39547,0.0151
39548,0.0597
39549,0.0175
39550,0.17
39551,0.029
39552,0.0259
39553,0.031
39554,0.0063
39555,0.0495
39556,0.0574
39557,0.2435
39558,0.3453
39559,0.2388
39560,0.0546
39561,0.0362
39562,0.0185
39563,0.0499
39564,0.0463
39565,0.0086
39566,0.3723
39567,0.0401
39568,0.3879
39569,0.0874
39570,0.0064
39571,0.0684
39572,0.0469
39573,0.0434
39574,0.0069
39575,0.045
39576,0.0172
39577,0.0174
39578,0.0217
39579,0.0264
39580,0.0738
39581,0.0281
39582,0.061
39583,0.0576
39584,0.077
39585,0.2669
39586,0.4461
39587,0.0613
39588,0.0697
39589,0.0097
39590,0.0306
39591,0.0961
39592,0.0379
39593,0.085
39594,0.0349
39595,0.0684
39596,0.029
39597,0.0113
39598,0.011
39599,0.1255
39600,0.007
39601,0.0384
39602,0.0235
39603,0.0294
39604,0.0404
39605,0.0599
39606,0.0576
39607,0.0918
39608,0.0725
39609,0.2587
39610,0.2335
39611,0.1332
39612,0.0079
39613,0.0659
39614,0.0044
39615,0.0444
39616,0.0379
39617,0.0711
39618,0.0122
39619,0.0153
39620,0.0482
39621,0.0246
39622,0.0074
39623,0.06
39624,0.0492
39625,0.0682
39626,0.0453
39627,0.2883
39628,0.0562
39629,0.0963
39630,0.3654
39631,0.0754
39632,0.0798
39633,0.0559
39634,0.0657
39635,0.0582
39636,0.0803
39637,0.0455
39638,0.0127
39639,0.2324
39640,0.0337
39641,0.054
39642,0.0489
39643,0.0475
39644,0.0168
39645,0.0206
39646,0.0494
39647,0.4558
39648,0.0561
39649,0.0455
39650,0.0685
39651,0.8952
39652,0.0719
39653,0.0167
39654,0.0764
39655,0.0444
39656,0.2512
39657,0.4225
39658,0.0566
39659,0.0137
39660,0.0513
39661,0.0378
39662,0.0651
39663,0.2512
39664,0.0366
39665,0.1163
39666,0.0494
39667,0.0522
39668,0.0233
39669,0.0595
39670,0.0489
39671,0.0205
39672,0.0878
39673,0.1109
39674,0.2539
39675,0.0732
39676,0.0316
39677,0.0766
39678,0.1376
39679,0.2508
39680,0.051
39681,0.0226
39682,0.0065
39683,0.0487
39684,0.4972
39685,0.0403
39686,0.1397
39687,0.4241
39688,0.1538
39689,0.0121
39690,0.0084
39691,0.0366
39692,0.0419
39693,0.4306
39694,0.2747
39695,0.0549
39696,0.0564
39697,0.1079
39698,0.1108
39699,0.0803
39700,0.1622
39701,0.2335
39702,0.0634
39703,0.0453
39704,0.0853
39705,0.041
39706,0.1645
39707,0.7516
39708,0.0256
39709,0.2394
39710,0.0383
39711,0.1822
39712,0.0152
39713,0.0394
39714,0.0565
39715,0.0133
39716,0.0391
39717,0.5193
39718,0.0376
39719,0.0474
39720,0.2223
39721,0.0991
39722,0.1777
39723,0.2485
39724,0.16
39725,0.0157
39726,0.1559
39727,0.0789
39728,0.0854
39729,0.9336
39730,0.4362
39731,0.2758
39732,0.0167
39733,0.1217
39734,0.0553
39735,0.0217
39736,0.0148
39737,0.012
39738,0.0409
39739,0.0119
39740,0.0139
39741,0.04
39742,0.0523
39743,0.059
39744,0.0504
39745,0.0602
39746,0.0592
39747,0.1091
39748,0.0863
39749,0.0757
39750,0.1529
39751,0.0137
39752,0.0347
39753,1.0
39754,0.8587
39755,0.5869
39756,0.0216
39757,0.0196
39758,0.0795
39759,0.4787
39760,0.072
39761,0.0131
39762,0.038
39763,0.0412
39764,0.0362
39765,0.4383
39766,0.018
39767,0.0203
39768,0.0639
39769,0.0547
39770,0.0419
39771,0.033
39772,0.3515
39773,0.0705
39774,0.1013
39775,0.0918
39776,0.0876
39777,0.8862
39778,0.8177
39779,0.415
39780,0.0451
39781,0.0209
39782,0.0063
39783,0.4679
39784,0.0836
39785,0.1706
39786,0.0352
39787,0.1076
39788,0.0139
39789,0.0905
39790,0.066
39791,0.089
39792,0.1618
39793,0.391
39794,0.5239
39795,0.1023
39796,0.1054
39797,0.041
39798,0.0296
39799,0.0634
39800,0.0425
39801,0.025
39802,0.0209
39803,0.1155
39804,0.1259
39805,0.1046
39806,0.0236
39807,0.8436
39808,0.9466
39809,0.9609
39810,0.0435
39811,0.1318
39812,0.014
39813,0.4672
39814,0.0192
39815,0.0128
39816,0.0127
39817,0.0237
39818,0.0512
39819,0.0316
39820,0.5178
39821,0.9707
39822,0.0454
39823,0.0802
39824,0.0484
39825,0.0908
39826,0.0502
39827,0.116
39828,0.0738
39829,0.0403
39830,0.0721
39831,0.0838
39832,0.0877
39833,0.2763
39834,0.2546
39835,0.1026
39836,0.0561
39837,0.059
39838,0.0607
39839,0.1578
39840,0.0227
39841,0.0284
39842,0.0231
39843,0.0137
39844,0.0139
39845,0.0273
39846,0.0313
39847,0.2327
39848,0.3595
39849,0.1569
39850,0.1136
39851,0.0785
39852,0.1033
39853,0.1007
39854,0.5208
39855,0.0427
39856,0.0288
39857,0.1514
39858,0.1297
39859,0.2304
39860,0.4052
39861,0.1679
39862,0.086
39863,0.8611
39864,0.1095
39865,0.0082
39866,0.2153
39867,0.1574
39868,0.0143
39869,0.4798
39870,0.0368
39871,0.0183
39872,0.0164
39873,0.0336
39874,0.0737
39875,0.4946
39876,0.2455
39877,0.2756
39878,0.2443
39879,0.0946
39880,0.1133
39881,0.2481
39882,0.0146
39883,0.1248
39884,0.0727
39885,0.0475
39886,0.4702
39887,0.26
39888,0.4177
39889,0.2504
39890,0.0527
39891,0.0847
39892,0.0843
39893,0.0282
39894,0.0112
39895,0.0167
39896,0.0344
39897,0.0556
39898,0.0534
39899,0.2042
39900,0.5153
39901,0.6656
39902,0.4461
39903,0.237
39904,0.4149
39905,0.0852
39906,0.0555
39907,0.0646
39908,0.12
39909,0.2481
39910,0.0564
39911,0.0168
39912,0.0454
39913,0.1046
39914,0.0275
39915,0.0754
39916,0.0177
39917,0.006
39918,0.0235
39919,0.0473
39920,0.0352
39921,0.0475
39922,0.2377
39923,0.238
39924,0.3343
39925,0.4418
39926,0.4077
39927,0.2582
39928,0.1105
39929,0.0392
39930,0.017
39931,0.0306
39932,0.0763
39933,0.0215
39934,0.8678
39935,0.0417
39936,0.0142
39937,0.0498
39938,0.036
39939,0.3972
39940,0.0267
39941,0.03
39942,0.0137
39943,0.0285
39944,0.0122
39945,0.007
39946,0.021
39947,0.0577
39948,0.0602
39949,0.6015
39950,0.475
39951,0.4071
39952,0.8912
39953,0.4544
39954,0.2998
39955,0.1527
39956,0.0305
39957,0.0232
39958,0.0379
39959,0.0391
39960,0.0226
39961,0.046
39962,0.3813
39963,0.0581
39964,0.2529
39965,0.0227
39966,0.1157
39967,0.1025
39968,0.1108
39969,0.131
39970,0.0347
39971,0.0167
39972,0.0311
39973,0.1008
39974,0.9955
39975,0.3901
39976,0.6471
39977,0.3912
39978,0.2267
39979,0.1163
39980,0.0936
39981,0.0223
39982,0.0214
39983,0.02
39984,0.0965
39985,0.0937
39986,0.1549
39987,0.0131
39988,0.0594
39989,0.2606
39990,0.0344
39991,0.0766
39992,0.1563
39993,0.0167
39994,0.0913
39995,0.1201
39996,0.0528
39997,0.1107
39998,0.0243
39999,0.0881
40000,0.0715
40001,0.026
40002,0.0837
40003,0.0968
40004,0.0933
40005,0.0081
40006,0.0887
40007,0.0334
40008,0.0209
40009,0.0833
40010,0.028
40011,0.0322
40012,0.031
40013,0.1618
40014,0.2772
40015,0.7334
40016,0.1233
40017,0.0249
40018,0.0145
40019,0.0234
40020,0.0444
40021,0.0492
40022,0.1197
40023,0.0109
40024,0.0272
40025,0.0196
40026,0.0571
40027,0.0526
40028,0.453
40029,0.0088
40030,0.013
40031,0.0211
40032,0.0551
40033,0.0791
40034,0.4274
40035,0.1291
40036,0.1636
40037,0.0282
40038,0.0105
40039,0.054
40040,0.2234
40041,0.0418
40042,0.26
40043,0.0171
40044,0.0147
40045,0.0945
40046,0.0363
40047,0.0263
40048,0.0199
40049,0.0373
40050,0.2828
40051,0.0303
40052,0.0186
40053,0.0228
40054,0.0273
40055,0.0553
40056,0.2461
40057,0.0423
40058,0.1547
40059,0.0718
40060,0.0202
40061,0.0113
40062,0.03
40063,0.0463
40064,0.0248
40065,0.2633
40066,0.2479
40067,0.009
40068,0.0425
40069,0.0339
40070,0.0079
40071,0.462
40072,0.6216
40073,0.1127
40074,0.1116
40075,0.013
40076,0.0875
40077,0.055
40078,0.0496
40079,0.0957
40080,0.0758
40081,0.105
40082,1.0
40083,0.0594
40084,0.0556
40085,0.0657
40086,0.0137
40087,0.023
40088,0.1113
40089,0.3947
40090,0.043
40091,0.1265
40092,0.0235
40093,0.0894
40094,0.0167
40095,0.048
40096,0.0186
40097,0.0024
40098,0.0217
40099,0.0465
40100,0.0743
40101,0.0242
40102,0.018
40103,0.0715
40104,0.0132
40105,0.1925
40106,0.0376
40107,0.043
40108,0.014
40109,0.0237
40110,0.058
40111,0.0737
40112,0.0217
40113,0.0361
40114,0.9445
40115,0.0405
40116,0.0916
40117,0.0306
40118,0.0295
40119,0.005
40120,0.2352
40121,0.0162
40122,0.0078
40123,0.0054
40124,0.0059
40125,0.1105
40126,0.0898
40127,0.4154
40128,0.0146
40129,0.011
40130,0.0071
40131,0.0328
40132,0.0246
40133,0.1198
40134,0.045
40135,0.0021
40136,0.0077
40137,0.0522
40138,0.1443
40139,0.075
40140,0.0585
40141,0.058
40142,0.0189
40143,0.0414
40144,0.0447
40145,0.151
40146,0.1277
40147,0.0104
40148,0.0088
40149,0.0089
40150,0.0113
40151,0.0109
40152,0.0069
40153,0.011
40154,0.0147
40155,0.0242
40156,0.0563
40157,0.0437
40158,0.0741
40159,0.0131
40160,0.103
40161,0.2618
40162,0.0084
40163,0.0202
40164,0.0123
40165,0.0044
40166,0.0125
40167,0.028
40168,0.0109
40169,0.0365
40170,0.0079
40171,0.0257
40172,0.1115
40173,0.021
40174,0.0363
40175,0.0087
40176,0.0213
40177,0.0135
40178,0.0778
40179,0.3988
40180,0.0466
40181,0.053
40182,0.0401
40183,0.0579
40184,0.0208
40185,0.0082
40186,0.0788
40187,0.0144
40188,0.1268
40189,0.1536
40190,0.0163
40191,0.0213
40192,0.0203
40193,0.0289
40194,0.0139
40195,0.0045
40196,0.024
40197,0.0079
40198,0.0881
40199,0.0609
40200,0.1733
40201,0.0068
40202,0.015
40203,0.0149
40204,0.0153
40205,0.0465
40206,0.0255
40207,0.0381
40208,0.1581
40209,0.2449
40210,0.1055
40211,0.0268
40212,0.0465
40213,0.0167
40214,0.0462
40215,0.0341
40216,0.0445
40217,0.0325
40218,0.03
40219,0.0231
40220,0.0204
40221,0.0346
40222,0.032
40223,0.0574
40224,0.0899
40225,0.0324
40226,0.0287
40227,0.0283
40228,0.2912
40229,0.0438
40230,0.2329
40231,0.1516
40232,0.1381
40233,0.0264
40234,0.1384
40235,0.3911
40236,0.0999
40237,0.107
40238,0.077
40239,0.019
40240,0.0156
40241,0.0073
40242,0.1459
40243,0.7397
40244,0.1292
40245,0.0348
40246,0.0491
40247,0.1213
40248,0.0618
40249,0.0203
40250,0.0214
40251,0.0931
40252,0.1666
40253,0.502
40254,0.4501
40255,0.0377
40256,0.0898
40257,0.1121
40258,0.2707
40259,0.0321
40260,0.0602
40261,0.0917
40262,0.0383
40263,0.4872
40264,0.1323
40265,0.1557
40266,0.5105
40267,0.2482
40268,0.0193
40269,0.4008
40270,0.0714
40271,0.1025
40272,0.0371
40273,0.0212
40274,0.0849
40275,0.0998
40276,0.12
40277,0.07
40278,0.0268
40279,0.0884
40280,0.4098
40281,0.0486
40282,0.0602
40283,0.0663
40284,0.0379
40285,0.0276
40286,0.0683
40287,0.1534
40288,0.2003
40289,0.054
40290,0.2727
40291,0.2528
40292,0.095
40293,0.427
40294,0.3946
40295,0.0079
40296,0.0801
40297,0.0536
40298,0.0222
40299,0.0096
40300,0.0086
40301,0.0303
40302,0.0652
40303,0.0693
40304,0.0971
40305,0.1948
40306,0.3606
40307,0.0257
40308,0.048
40309,0.0303
40310,0.3691
40311,0.0415
40312,0.0701
40313,0.0514
40314,0.0325
40315,0.1436
40316,0.3748
40317,0.1226
40318,0.0166
40319,0.0273
40320,0.0485
40321,0.0573
40322,0.0194
40323,0.1177
40324,0.1654
40325,0.0902
40326,0.0921
40327,0.044
40328,0.034
40329,0.0334
40330,0.0303
40331,0.1359
40332,0.0621
40333,0.0857
40334,0.0168
40335,0.0424
40336,0.0255
40337,0.0175
40338,0.0164
40339,0.029
40340,0.0506
40341,0.0602
40342,0.4446
40343,0.4104
40344,0.031
40345,0.0305
40346,0.024
40347,0.0805
40348,0.0538
40349,0.0097
40350,0.0524
40351,0.0185
40352,0.2471
40353,0.0273
40354,0.0254
40355,0.0305
40356,0.0509
40357,0.0543
40358,0.1146
40359,0.2511
40360,0.2649
40361,0.0488
40362,0.0347
40363,0.0187
40364,0.05
40365,0.0463
40366,0.2609
40367,0.0446
40368,0.4581
40369,0.0807
40370,0.0673
40371,0.0435
40372,0.0426
40373,0.0277
40374,0.0682
40375,0.0612
40376,0.0578
40377,0.087
40378,0.2437
40379,0.4641
40380,0.0565
40381,0.0217
40382,0.0663
40383,0.0087
40384,0.1018
40385,0.0213
40386,0.092
40387,0.0304
40388,0.0724
40389,0.0254
40390,0.026
40391,0.0162
40392,0.0144
40393,0.1236
40394,0.0058
40395,0.0453
40396,0.0239
40397,0.0272
40398,0.034
40399,0.0569
40400,0.0556
40401,0.0901
40402,0.0749
40403,0.2532
40404,0.1155
40405,0.125
40406,0.009
40407,0.0699
40408,0.0444
40409,0.0351
40410,0.0683
40411,0.0143
40412,0.0465
40413,0.0284
40414,0.0443
40415,0.0512
40416,0.0183
40417,0.0522
40418,0.0678
40419,0.0474
40420,0.1509
40421,0.0541
40422,0.1003
40423,0.5944
40424,0.0819
40425,0.0808
40426,0.0518
40427,0.0654
40428,0.0503
40429,0.0875
40430,0.047
40431,0.014
40432,0.2451
40433,0.042
40434,0.056
40435,0.0468
40436,0.0474
40437,0.0103
40438,0.0494
40439,0.2863
40440,0.06
40441,0.0437
40442,0.0589
40443,0.8878
40444,0.0729
40445,0.0152
40446,0.0735
40447,0.0472
40448,0.1674
40449,0.2941
40450,0.055
40451,0.0153
40452,0.0444
40453,0.0358
40454,0.0626
40455,0.2501
40456,0.0316
40457,0.1244
40458,0.0506
40459,0.0539
40460,0.0144
40461,0.0162
40462,0.0231
40463,0.0566
40464,0.049
40465,0.0197
40466,0.0879
40467,0.1083
40468,0.242
40469,0.0711
40470,0.034
40471,0.0652
40472,0.13
40473,0.2508
40474,0.0535
40475,0.0412
40476,0.0074
40477,0.0356
40478,0.4603
40479,0.0399
40480,0.156
40481,0.3816
40482,0.1353
40483,0.0362
40484,0.0489
40485,0.2663
40486,0.2888
40487,0.0538
40488,0.0572
40489,0.1111
40490,0.1065
40491,0.0959
40492,0.1692
40493,0.2537
40494,0.0661
40495,0.0438
40496,0.0774
40497,0.0417
40498,0.1664
40499,0.7934
40500,0.0248
40501,0.2447
40502,0.0082
40503,0.0359
40504,0.1794
40505,0.0392
40506,0.0535
40507,0.0141
40508,0.0379
40509,0.5213
40510,0.0359
40511,0.0545
40512,0.1347
40513,0.0987
40514,0.1897
40515,0.2449
40516,0.1639
40517,0.0184
40518,0.1563
40519,0.0795
40520,0.0651
40521,0.9559
40522,0.4318
40523,0.301
40524,0.0142
40525,0.1239
40526,0.0048
40527,0.0557
40528,0.013
40529,0.0423
40530,0.0115
40531,0.0145
40532,0.0397
40533,0.053
40534,0.0592
40535,0.0517
40536,0.0647
40537,0.0573
40538,0.105
40539,0.0843
40540,0.0135
40541,0.0759
40542,0.247
40543,0.0351
40544,1.0
40545,0.8969
40546,0.5511
40547,0.0202
40548,0.0786
40549,0.4653
40550,0.0742
40551,0.0551
40552,0.0096
40553,0.0384
40554,0.0462
40555,0.0369
40556,0.0093
40557,0.4645
40558,0.0171
40559,0.0189
40560,0.0646
40561,0.0602
40562,0.043
40563,0.0372
40564,0.1145
40565,0.0662
40566,0.111
40567,0.0886
40568,0.0803
40569,0.8892
40570,0.803
40571,0.4529
40572,0.0448
40573,0.0196
40574,0.0061
40575,0.4357
40576,0.0724
40577,0.281
40578,0.0376
40579,0.1195
40580,0.0912
40581,0.0595
40582,0.0877
40583,0.1568
40584,0.3855
40585,0.5478
40586,0.1062
40587,0.0916
40588,0.0401
40589,0.0261
40590,0.0676
40591,0.0442
40592,0.0227
40593,0.017
40594,0.1036
40595,0.1432
40596,0.0578
40597,0.0899
40598,0.0197
40599,0.87
40600,0.9302
40601,0.971
40602,0.0425
40603,0.1315
40604,0.0116
40605,0.4282
40606,0.0187
40607,0.0135
40608,0.0205
40609,0.0527
40610,0.034
40611,0.4945
40612,0.9666
40613,0.0462
40614,0.0785
40615,0.0514
40616,0.0948
40617,0.038
40618,0.1075
40619,0.0738
40620,0.0367
40621,0.0861
40622,0.0881
40623,0.0843
40624,0.0383
40625,0.2655
40626,0.2018
40627,0.1065
40628,0.056
40629,0.022
40630,0.0585
40631,0.0635
40632,0.1584
40633,0.0203
40634,0.026
40635,0.0243
40636,0.0149
40637,0.0134
40638,0.0268
40639,0.0323
40640,0.2377
40641,0.3638
40642,0.1519
40643,0.2638
40644,0.078
40645,0.1163
40646,0.0968
40647,0.4699
40648,0.0426
40649,0.03
40650,0.0217
40651,0.1392
40652,0.1286
40653,0.2373
40654,0.4222
40655,0.1591
40656,0.087
40657,0.9003
40658,0.1062
40659,0.0086
40660,0.0925
40661,0.2459
40662,0.0157
40663,0.0152
40664,0.5475
40665,0.033
40666,0.0192
40667,0.0177
40668,0.0343
40669,0.0804
40670,0.5251
40671,0.4875
40672,0.2635
40673,0.238
40674,0.0874
40675,0.104
40676,0.2514
40677,0.127
40678,0.0681
40679,0.0464
40680,0.4223
40681,0.2473
40682,0.0258
40683,0.4238
40684,0.2462
40685,0.0456
40686,0.0819
40687,0.0806
40688,0.0326
40689,0.0099
40690,0.017
40691,0.0343
40692,0.0525
40693,0.0533
40694,0.0815
40695,0.5145
40696,0.673
40697,0.2624
40698,0.2435
40699,0.4198
40700,0.0916
40701,0.0107
40702,0.0577
40703,0.0752
40704,0.1227
40705,0.2557
40706,0.0548
40707,0.015
40708,0.0473
40709,0.1022
40710,0.0244
40711,0.0629
40712,0.0243
40713,0.0281
40714,0.0138
40715,0.0092
40716,0.0089
40717,0.0233
40718,0.0508
40719,0.0358
40720,0.0457
40721,0.2284
40722,0.1151
40723,0.3514
40724,0.4414
40725,0.4189
40726,0.2517
40727,0.1114
40728,0.0412
40729,0.0172
40730,0.0305
40731,0.0857
40732,0.8856
40733,0.0389
40734,0.0165
40735,0.0506
40736,0.0325
40737,0.2351
40738,0.0258
40739,0.0309
40740,0.0149
40741,0.0279
40742,0.0215
40743,0.0554
40744,0.0585
40745,0.5661
40746,0.4464
40747,0.4087
40748,0.9
40749,0.2412
40750,0.3033
40751,0.14
40752,0.0289
40753,0.0418
40754,0.0388
40755,0.026
40756,0.0395
40757,0.3851
40758,0.0693
40759,0.2464
40760,0.0256
40761,0.1193
40762,0.1056
40763,0.121
40764,0.1395
40765,0.0383
40766,0.0147
40767,0.0284
40768,0.0913
40769,0.9968
40770,0.4007
40771,0.7019
40772,0.3489
40773,0.1613
40774,0.1087
40775,0.0924
40776,0.0333
40777,0.011
40778,0.0224
40779,0.0067
40780,0.0239
40781,0.1036
40782,0.0829
40783,0.0465
40784,0.1724
40785,0.0158
40786,0.0574
40787,0.2538
40788,0.0352
40789,0.0727
40790,0.1539
40791,0.0162
40792,0.0065
40793,0.09
40794,0.1156
40795,0.0597
40796,0.1096
40797,0.0881
40798,0.0715
40799,0.0307
40800,0.0811
40801,0.0902
40802,0.0355
40803,0.0053
40804,0.0946
40805,0.0096
40806,0.0783
40807,0.0225
40808,0.0789
40809,0.0279
40810,0.0302
40811,0.0322
40812,0.161
40813,0.2537
40814,0.7241
40815,0.1254
40816,0.0258
40817,0.0532
40818,0.0125
40819,0.0556
40820,0.1178
40821,0.0075
40822,0.0184
40823,0.0166
40824,0.0054
40825,0.0174
40826,0.0581
40827,0.0514
40828,0.4194
40829,0.0102
40830,0.0129
40831,0.021
40832,0.0547
40833,0.0795
40834,0.3034
40835,0.2578
40836,0.0138
40837,0.2567
40838,0.028
40839,0.0098
40840,0.0555
40841,0.2265
40842,0.0437
40843,0.1967
40844,0.0135
40845,0.0842
40846,0.0397
40847,0.0269
40848,0.0127
40849,0.0199
40850,0.04
40851,0.2073
40852,0.0295
40853,0.0208
40854,0.0225
40855,0.0359
40856,0.056
40857,0.2462
40858,0.0469
40859,0.2394
40860,0.0769
40861,0.0212
40862,0.0482
40863,0.0245
40864,0.2554
40865,0.0084
40866,0.2474
40867,0.0092
40868,0.0491
40869,0.0324
40870,0.0079
40871,0.4748
40872,0.6553
40873,0.1081
40874,0.1137
40875,0.0138
40876,0.0902
40877,0.0491
40878,0.0481
40879,0.0949
40880,0.0712
40881,0.1096
40882,1.0
40883,0.0683
40884,0.0095
40885,0.0547
40886,0.0583
40887,0.0154
40888,0.0281
40889,0.1031
40890,0.3336
40891,0.0445
40892,0.1421
40893,0.0991
40894,0.0142
40895,0.0528
40896,0.0169
40897,0.0182
40898,0.0483
40899,0.0722
40900,0.0244
40901,0.0697
40902,0.0139
40903,0.2537
40904,0.0365
40905,0.047
40906,0.0114
40907,0.0259
40908,0.0612
40909,0.0721
40910,0.0178
40911,0.0423
40912,0.9214
40913,0.046
40914,0.0956
40915,0.0446
40916,0.0354
40917,0.0285
40918,0.0223
40919,0.0056
40920,0.0119
40921,0.2387
40922,0.0148
40923,0.0091
40924,0.0051
40925,0.1107
40926,0.0155
40927,0.0926
40928,0.0367
40929,0.0433
40930,0.2546
40931,0.0203
40932,0.0172
40933,0.0136
40934,0.0348
40935,0.0242
40936,0.1221
40937,0.0479
40938,0.0084
40939,0.0131
40940,0.0511
40941,0.1358
40942,0.0727
40943,0.0541
40944,0.0453
40945,0.0181
40946,0.0472
40947,0.0137
40948,0.0473
40949,0.156
40950,0.1176
40951,0.0067
40952,0.0281
40953,0.0552
40954,0.0436
40955,0.0727
40956,0.015
40957,0.1039
40958,0.2648
40959,0.0166
40960,0.0184
40961,0.017
40962,0.0255
40963,0.0564
40964,0.0154
40965,0.0365
40966,0.0105
40967,0.0337
40968,0.1124
40969,0.0237
40970,0.0402
40971,0.0049
40972,0.0266
40973,0.0762
40974,0.2883
40975,0.0466
40976,0.0551
40977,0.0459
40978,0.0637
40979,0.021
40980,0.0083
40981,0.0719
40982,0.0168
40983,0.1263
40984,0.0058
40985,0.1528
40986,0.011
40987,0.0305
40988,0.007
40989,0.0091
40990,0.0301
40991,0.0935
40992,0.065
40993,0.1879
40994,0.0123
40995,0.0404
40996,0.0289
40997,0.0326
40998,0.2903
40999,0.2534
41000,0.1206
41001,0.0418
41002,0.0232
41003,0.0255
41004,0.0497
41005,0.0212
41006,0.0365
41007,0.0374
41008,0.1413
41009,0.0484
41010,0.0477
41011,0.1615
41012,0.1282
41013,0.028
41014,0.0218
41015,0.1759
41016,0.1915
41017,0.1081
41018,0.1276
41019,0.0924
41020,0.0116
41021,0.1504
41022,0.0292
41023,0.788
41024,0.1286
41025,0.2465
41026,0.0676
41027,0.0172
41028,0.0257
41029,0.0126
41030,0.1353
41031,0.4881
41032,0.4414
41033,0.0399
41034,0.0906
41035,0.0243
41036,0.1369
41037,0.1827
41038,0.0264
41039,0.0271
41040,0.0687
41041,0.0938
41042,0.2666
41043,0.1419
41044,0.1362
41045,0.5337
41046,0.2315
41047,0.4489
41048,0.0612
41049,0.1194
41050,0.0435
41051,0.0289
41052,0.0802
41053,0.1008
41054,0.1066
41055,0.0616
41056,0.0303
41057,0.035
41058,0.0974
41059,0.2403
41060,0.0468
41061,0.033
41062,0.0499
41063,0.068
41064,0.0406
41065,0.0676
41066,0.1712
41067,0.1811
41068,0.046
41069,0.0092
41070,0.1722
41071,0.1282
41072,0.0878
41073,0.3939
41074,0.3909
41075,0.091
41076,0.0656
41077,0.0103
41078,0.03
41079,0.065
41080,0.1003
41081,0.2008
41082,0.3988
41083,0.0172
41084,0.0505
41085,0.0239
41086,0.0196
41087,0.0317
41088,0.1551
41089,0.0467
41090,0.0729
41091,0.0523
41092,0.126
41093,0.4027
41094,0.1136
41095,0.0195
41096,0.0244
41097,0.0386
41098,0.0542
41099,0.1047
41100,0.1583
41101,0.0934
41102,0.0995
41103,0.0516
41104,0.0336
41105,0.0367
41106,0.0315
41107,0.0311
41108,0.1383
41109,0.064
41110,0.0852
41111,0.0233
41112,0.0392
41113,0.0267
41114,0.0171
41115,0.0187
41116,0.0224
41117,0.0491
41118,0.0234
41119,0.0624
41120,0.4505
41121,0.3599
41122,0.0367
41123,0.0257
41124,0.0847
41125,0.0531
41126,0.0193
41127,0.0497
41128,0.0111
41129,0.0206
41130,0.2446
41131,0.0306
41132,0.0229
41133,0.0317
41134,0.0547
41135,0.0561
41136,0.115
41137,0.2526
41138,0.2333
41139,0.0518
41140,0.0358
41141,0.0202
41142,0.0547
41143,0.0428
41144,0.3801
41145,0.0478
41146,0.4495
41147,0.0874
41148,0.0721
41149,0.0444
41150,0.0427
41151,0.0457
41152,0.0217
41153,0.0276
41154,0.0719
41155,0.0371
41156,0.0702
41157,0.0569
41158,0.0804
41159,0.1284
41160,0.4307
41161,0.0586
41162,0.0218
41163,0.0722
41164,0.0102
41165,0.0298
41166,0.1011
41167,0.0425
41168,0.0867
41169,0.0333
41170,0.0785
41171,0.0281
41172,0.0274
41173,0.0138
41174,0.1208
41175,0.0403
41176,0.0186
41177,0.0262
41178,0.0366
41179,0.0594
41180,0.0611
41181,0.0865
41182,0.0726
41183,0.2533
41184,0.1228
41185,0.2434
41186,0.0074
41187,0.0634
41188,0.0473
41189,0.0368
41190,0.0731
41191,0.0142
41192,0.0161
41193,0.0466
41194,0.0428
41195,0.0172
41196,0.0456
41197,0.0065
41198,0.067
41199,0.0458
41200,0.1474
41201,0.0567
41202,0.0942
41203,0.5585
41204,0.0835
41205,0.0819
41206,0.0545
41207,0.0673
41208,0.055
41209,0.0842
41210,0.0458
41211,0.0071
41212,0.2434
41213,0.0361
41214,0.0605
41215,0.0471
41216,0.0446
41217,0.0122
41218,0.0482
41219,0.1934
41220,0.0574
41221,0.0442
41222,0.0636
41223,0.8861
41224,0.0722
41225,0.0168
41226,0.0774
41227,0.0514
41228,0.1655
41229,0.2886
41230,0.0584
41231,0.0147
41232,0.0476
41233,0.0395
41234,0.064
41235,0.1243
41236,0.0407
41237,0.22
41238,0.0479
41239,0.0586
41240,0.0141
41241,0.0248
41242,0.0565
41243,0.0499
41244,0.0197
41245,0.0728
41246,0.107
41247,0.1541
41248,0.0683
41249,0.0357
41250,0.075
41251,0.1226
41252,0.2544
41253,0.0537
41254,0.0413
41255,0.0084
41256,0.0563
41257,0.4385
41258,0.2473
41259,0.4146
41260,0.1358
41261,0.008
41262,0.0112
41263,0.0364
41264,0.0388
41265,0.4618
41266,0.2833
41267,0.054
41268,0.0595
41269,0.1115
41270,0.124
41271,0.1016
41272,0.1566
41273,0.2461
41274,0.063
41275,0.0442
41276,0.0841
41277,0.0419
41278,0.1592
41279,0.7559
41280,0.0311
41281,0.4925
41282,0.0354
41283,0.1644
41284,0.0146
41285,0.0481
41286,0.0549
41287,0.0137
41288,0.0378
41289,0.5327
41290,0.0372
41291,0.0522
41292,0.1491
41293,0.0951
41294,0.1795
41295,0.2567
41296,0.1518
41297,0.0132
41298,0.2795
41299,0.0817
41300,0.0881
41301,0.9497
41302,0.4395
41303,0.2958
41304,0.0135
41305,0.2262
41306,0.0535
41307,0.028
41308,0.042
41309,0.0386
41310,0.0536
41311,0.057
41312,0.0538
41313,0.0686
41314,0.0526
41315,0.1094
41316,0.0828
41317,0.018
41318,0.0732
41319,0.3843
41320,0.0171
41321,0.028
41322,1.0
41323,0.9223
41324,0.5196
41325,0.0815
41326,0.4487
41327,0.0725
41328,0.0582
41329,0.0375
41330,0.0476
41331,0.0357
41332,0.0085
41333,0.4419
41334,0.0175
41335,0.0204
41336,0.0618
41337,0.0615
41338,0.0402
41339,0.0371
41340,0.1193
41341,0.0696
41342,0.0167
41343,0.1048
41344,0.0931
41345,0.0812
41346,0.8879
41347,0.7907
41348,0.4896
41349,0.0428
41350,0.0188
41351,0.0089
41352,0.4664
41353,0.0689
41354,0.2925
41355,0.0398
41356,0.1126
41357,0.0154
41358,0.0918
41359,0.0637
41360,0.085
41361,0.1541
41362,0.4381
41363,0.5476
41364,0.1006
41365,0.1009
41366,0.0438
41367,0.0292
41368,0.0661
41369,0.0428
41370,0.0212
41371,0.017
41372,0.1043
41373,0.1472
41374,0.0492
41375,0.0869
41376,0.0216
41377,0.902
41378,0.969
41379,0.9519
41380,0.0422
41381,0.1297
41382,0.4488
41383,0.0145
41384,0.0134
41385,0.0202
41386,0.0527
41387,0.0296
41388,0.4964
41389,0.9579
41390,0.0428
41391,0.0798
41392,0.0514
41393,0.091
41394,0.0373
41395,0.1127
41396,0.0731
41397,0.0433
41398,0.0747
41399,0.0915
41400,0.09
41401,0.0398
41402,0.275
41403,0.2578
41404,0.1015
41405,0.0658
41406,0.0562
41407,0.0645
41408,0.2639
41409,0.02
41410,0.0312
41411,0.0223
41412,0.0111
41413,0.0142
41414,0.026
41415,0.0352
41416,0.2507
41417,0.3999
41418,0.1272
41419,0.1047
41420,0.1007
41421,0.1169
41422,0.0861
41423,0.4855
41424,0.0446
41425,0.0221
41426,0.1367
41427,0.1115
41428,0.2451
41429,0.4225
41430,0.2561
41431,0.0976
41432,0.9275
41433,0.1103
41434,0.0088
41435,0.0882
41436,0.1482
41437,0.0141
41438,0.0159
41439,0.5713
41440,0.033
41441,0.0226
41442,0.015
41443,0.0368
41444,0.0838
41445,0.5115
41446,0.2421
41447,0.2656
41448,0.2453
41449,0.0822
41450,0.1117
41451,0.2513
41452,0.014
41453,0.1344
41454,0.0736
41455,0.0451
41456,0.4197
41457,0.2405
41458,0.0244
41459,0.3177
41460,0.3924
41461,0.0556
41462,0.0808
41463,0.08
41464,0.0107
41465,0.0195
41466,0.0371
41467,0.0496
41468,0.0559
41469,0.0869
41470,0.4603
41471,0.6446
41472,0.4533
41473,0.1551
41474,0.3878
41475,0.0873
41476,0.0119
41477,0.0563
41478,0.0735
41479,0.121
41480,0.2481
41481,0.0555
41482,0.0178
41483,0.0537
41484,0.1004
41485,0.0285
41486,0.0738
41487,0.0205
41488,0.006
41489,0.0292
41490,0.0156
41491,0.006
41492,0.0092
41493,0.0244
41494,0.0479
41495,0.0368
41496,0.047
41497,0.2422
41498,0.1174
41499,0.3506
41500,0.4631
41501,0.4455
41502,0.1837
41503,0.1195
41504,0.0357
41505,0.0844
41506,0.0112
41507,0.0235
41508,0.8809
41509,0.0421
41510,0.0529
41511,0.0351
41512,0.2402
41513,0.0239
41514,0.0154
41515,0.0284
41516,0.0129
41517,0.0195
41518,0.0569
41519,0.0627
41520,0.601
41521,0.4207
41522,0.2565
41523,0.8936
41524,0.239
41525,0.2931
41526,0.1479
41527,0.0279
41528,0.0258
41529,0.0236
41530,0.0407
41531,0.0305
41532,0.0481
41533,0.4072
41534,0.0712
41535,0.3699
41536,0.0262
41537,0.1131
41538,0.098
41539,0.1136
41540,0.1451
41541,0.0315
41542,0.0277
41543,0.095
41544,0.995
41545,0.4449
41546,0.6351
41547,0.3678
41548,0.1458
41549,0.1102
41550,0.0905
41551,0.0411
41552,0.0201
41553,0.0098
41554,0.0209
41555,0.102
41556,0.1001
41557,0.0437
41558,0.1641
41559,0.0603
41560,0.2637
41561,0.031
41562,0.0046
41563,0.0699
41564,0.128
41565,0.0134
41566,0.0032
41567,0.1964
41568,0.1106
41569,0.0484
41570,0.1081
41571,0.0876
41572,0.0649
41573,0.0281
41574,0.0977
41575,0.0898
41576,0.0376
41577,0.0059
41578,0.098
41579,0.0096
41580,0.0732
41581,0.0212
41582,0.0856
41583,0.0276
41584,0.0307
41585,0.0045
41586,0.0311
41587,0.1501
41588,0.2628
41589,0.7752
41590,0.1274
41591,0.0121
41592,0.0238
41593,0.0471
41594,0.0126
41595,0.0469
41596,0.1179
41597,0.0093
41598,0.0196
41599,0.0118
41600,0.0072
41601,0.0212
41602,0.0564
41603,0.0501
41604,0.4446
41605,0.0077
41606,0.012
41607,0.0212
41608,0.0481
41609,0.0856
41610,0.4726
41611,0.2632
41612,0.0126
41613,0.2572
41614,0.0264
41615,0.0086
41616,0.0602
41617,0.128
41618,0.0377
41619,0.1959
41620,0.0137
41621,0.0151
41622,0.0147
41623,0.0995
41624,0.0396
41625,0.0276
41626,0.0137
41627,0.0188
41628,0.0415
41629,0.2747
41630,0.0318
41631,0.0108
41632,0.0194
41633,0.0227
41634,0.052
41635,0.2609
41636,0.0414
41637,0.2363
41638,0.0738
41639,0.0128
41640,0.0348
41641,0.0453
41642,0.0229
41643,0.3842
41644,0.2465
41645,0.012
41646,0.0493
41647,0.0346
41648,0.0091
41649,0.2966
41650,0.6119
41651,0.1099
41652,0.1155
41653,0.0128
41654,0.0865
41655,0.0511
41656,0.051
41657,0.093
41658,0.0778
41659,0.113
41660,1.0
41661,0.0603
41662,0.0524
41663,0.0578
41664,0.1124
41665,0.3358
41666,0.047
41667,0.1424
41668,0.0912
41669,0.0154
41670,0.0465
41671,0.0175
41672,0.018
41673,0.0468
41674,0.0747
41675,0.0224
41676,0.0703
41677,0.0135
41678,0.264
41679,0.037
41680,0.0436
41681,0.0103
41682,0.0255
41683,0.0619
41684,0.0731
41685,0.0394
41686,0.9183
41687,0.0389
41688,0.097
41689,0.0394
41690,0.0372
41691,0.0304
41692,0.0234
41693,0.0077
41694,0.0107
41695,0.2464
41696,0.0168
41697,0.0078
41698,0.1208
41699,0.1004
41700,0.0377
41701,0.0402
41702,0.2468
41703,0.0337
41704,0.0224
41705,0.2709
41706,0.0465
41707,0.0147
41708,0.0122
41709,0.0571
41710,0.1415
41711,0.0649
41712,0.0584
41713,0.0477
41714,0.0455
41715,0.1272
41716,0.2471
41717,0.0098
41718,0.0109
41719,0.0073
41720,0.01
41721,0.0094
41722,0.0063
41723,0.0167
41724,0.0279
41725,0.0549
41726,0.0477
41727,0.0722
41728,0.115
41729,0.2639
41730,0.0157
41731,0.0108
41732,0.0149
41733,0.016
41734,0.0123
41735,0.0284
41736,0.0054
41737,0.0078
41738,0.0102
41739,0.0612
41740,0.0179
41741,0.0329
41742,0.0099
41743,0.1091
41744,0.0404
41745,0.0241
41746,0.0777
41747,0.0113
41748,0.2918
41749,0.0458
41750,0.0518
41751,0.0482
41752,0.0599
41753,0.0238
41754,0.0772
41755,0.0135
41756,0.125
41757,0.1609
41758,0.0165
41759,0.0155
41760,0.0206
41761,0.0275
41762,0.0189
41763,0.017
41764,0.0147
41765,0.0928
41766,0.0601
41767,0.0276
41768,0.1918
41769,0.0132
41770,0.0117
41771,0.0431
41772,0.0341
41773,0.2918
41774,0.1564
41775,0.0164
41776,0.113
41777,0.0094
